<?xml version='1.0' encoding='UTF-8'?>
<GateDocument version="3">
<!-- The document's features-->

<GateDocumentFeatures>
<Feature>
  <Name className="java.lang.String">gate.SourceURL</Name>
  <Value className="java.lang.String">file:/home/jcorvi/projects/debbie/DEBBIE_pipeline/work/df/a8b715387fe9ca0cf0796364e67a01/test_set/10426230.txt</Value>
</Feature>
<Feature>
  <Name className="java.lang.String">MimeType</Name>
  <Value className="java.lang.String">text/plain</Value>
</Feature>
<Feature>
  <Name className="java.lang.String">docNewLineType</Name>
  <Value className="java.lang.String">LF</Value>
</Feature>
</GateDocumentFeatures>
<!-- The document content area with serialized nodes -->

<TextWithNodes><Node id="0"/>1999
<Node id="5"/>Gelatin<Node id="12"/> derived bioadhesives for closing <Node id="46"/>skin<Node id="50"/> wounds<Node id="57"/>: an <Node id="62"/>in vivo<Node id="69"/> study.
P Bioadhesives have been used in surgery as <Node id="121"/>hemostatic<Node id="131"/> and <Node id="136"/>wound healing<Node id="149"/> agents.
<Node id="158"/>GRF<Node id="161"/>  <Node id="163"/>gelatin<Node id="170"/> + resorcinol + formaldehyde  <Node id="200"/>glue<Node id="204"/>, composed of a mixture of <Node id="231"/>gelatin<Node id="238"/>
and resorcinol <Node id="254"/>polymerized<Node id="265"/> by the addition of formaldehyde, has been used for
this purpose. Widespread acceptance of the <Node id="360"/>GRF<Node id="363"/> <Node id="364"/>glue<Node id="368"/>, however, has been limited by
reports of <Node id="410"/>cytotoxicity<Node id="422"/> due to its release of formaldehyde upon <Node id="463"/>degradation<Node id="474"/>. It
has been suggested by Wertzel et al. that the <Node id="525"/>cytotoxicity<Node id="537"/> problem of <Node id="549"/>GRF<Node id="552"/> <Node id="553"/>glue<Node id="557"/>
may be overcome by changing its <Node id="590"/>cross linking<Node id="603"/> method. The study was, therefore,
undertaken to assess the feasibility of using a water soluble carbodiimide or
genipin to <Node id="727"/>cross link<Node id="737"/> <Node id="738"/>gelatin<Node id="745"/> as new bioadhesives to close <Node id="775"/>skin<Node id="779"/> wound lesions<Node id="793"/> in
a <Node id="799"/>rat<Node id="802"/> model. Formaldehyde <Node id="823"/>cross linked<Node id="835"/> counterpart  <Node id="849"/>GRF<Node id="852"/> <Node id="853"/>glue<Node id="857"/>  and a <Node id="865"/>resorbable<Node id="875"/>
<Node id="876"/>suture<Node id="882"/> were used as controls. It was noted that the <Node id="928"/>tensile strength<Node id="944"/> of the <Node id="952"/>skin<Node id="956"/>
across each wound treated by either application of test <Node id="1013"/>glues<Node id="1018"/> or <Node id="1022"/>suture<Node id="1028"/> increased
consistently with time during the <Node id="1073"/>healing<Node id="1080"/> process. Also, the <Node id="1100"/>wounds<Node id="1106"/> repaired by
test <Node id="1124"/>glues<Node id="1129"/> or <Node id="1133"/>suture<Node id="1139"/> caused no <Node id="1150"/>calcification<Node id="1163"/>. The <Node id="1169"/>suture<Node id="1175"/> used in the study was
completely <Node id="1209"/>resorbed<Node id="1217"/> at the <Node id="1225"/>wound<Node id="1230"/> area in about 6 days postoperatively. However,
the durations required to completely <Node id="1315"/>resorb<Node id="1321"/> the carbodiimide  or
genipin <Node id="1351"/>cross linked<Node id="1363"/> <Node id="1364"/>glues<Node id="1369"/> were approximately the same  9 days , while it took
about 14 days to completely <Node id="1450"/>resorb<Node id="1456"/> the formaldehyde <Node id="1474"/>cross linked<Node id="1486"/> <Node id="1487"/>glue<Node id="1491"/>. The
<Node id="1497"/>healing<Node id="1504"/> process for the <Node id="1521"/>suture<Node id="1527"/> <Node id="1528"/>wound repaired<Node id="1542"/> was more rapid than those treated
by test <Node id="1585"/>glues<Node id="1590"/>. Of the test <Node id="1604"/>glues<Node id="1609"/>, the <Node id="1615"/>wounds<Node id="1621"/> treated by the carbodiimide  or
genipin <Node id="1662"/>cross linked<Node id="1674"/> <Node id="1675"/>glues<Node id="1680"/> induced less <Node id="1694"/>inflammatory response<Node id="1715"/> and recovered
sooner than that treated by the formaldehyde <Node id="1775"/>cross linked<Node id="1787"/> <Node id="1788"/>glue<Node id="1792"/>. This indicated
that the <Node id="1818"/>biocompatibility<Node id="1834"/> of the carbodiimide  or genipin cross linked <Node id="1880"/>glues<Node id="1885"/> was
superior to the formaldehyde cross linked <Node id="1932"/>glue<Node id="1936"/>. The results of this study may
serve as a preliminary experimental model for the further investigation of both
the carbodiimide  and genipin <Node id="2078"/>cross linked<Node id="2090"/> <Node id="2091"/>glues<Node id="2096"/> when applied to <Node id="2113"/>human<Node id="2118"/> <Node id="2119"/>skin<Node id="2123"/>
closure<Node id="2131"/>.
<Node id="2133"/></TextWithNodes>
<!-- The default annotation set -->

<AnnotationSet>
</AnnotationSet>

<!-- Named annotation set -->

<AnnotationSet Name="SYSTEM">
<Annotation Id="645" Type="BiologicallyActiveSubstance" StartNode="5" EndNode="12">
<Feature>
  <Name className="java.lang.String">UMLS_SOURCE_CODE</Name>
  <Value className="java.lang.String">D005780</Value>
</Feature>
<Feature>
  <Name className="java.lang.String">UMLS_SEM_TYPE_STR</Name>
  <Value className="java.lang.String">Amino Acid, Peptide, or Protein</Value>
</Feature>
<Feature>
  <Name className="java.lang.String">UMLS_CUI</Name>
  <Value className="java.lang.String">C0017237</Value>
</Feature>
<Feature>
  <Name className="java.lang.String">original_lemma</Name>
  <Value className="java.lang.String">gelatin</Value>
</Feature>
<Feature>
  <Name className="java.lang.String">UMLS_SOURCE</Name>
  <Value className="java.lang.String">MSH</Value>
</Feature>
<Feature>
  <Name className="java.lang.String">SOURCE</Name>
  <Value className="java.lang.String">UMLS</Value>
</Feature>
<Feature>
  <Name className="java.lang.String">LABEL</Name>
  <Value className="java.lang.String">BiologicallyActiveSubstance</Value>
</Feature>
<Feature>
  <Name className="java.lang.String">lemma</Name>
  <Value className="java.lang.String">gelatin</Value>
</Feature>
<Feature>
  <Name className="java.lang.String">text</Name>
  <Value className="java.lang.String">Gelatin</Value>
</Feature>
<Feature>
  <Name className="java.lang.String">PrefSynonym</Name>
  <Value className="java.lang.String">gelatin</Value>
</Feature>
<Feature>
  <Name className="java.lang.String">UMLS_SEM_TYPE</Name>
  <Value className="java.lang.String">T116</Value>
</Feature>
</Annotation>
<Annotation Id="646" Type="BiologicallyActiveSubstance" StartNode="163" EndNode="170">
<Feature>
  <Name className="java.lang.String">UMLS_SOURCE_CODE</Name>
  <Value className="java.lang.String">D005780</Value>
</Feature>
<Feature>
  <Name className="java.lang.String">UMLS_SEM_TYPE_STR</Name>
  <Value className="java.lang.String">Amino Acid, Peptide, or Protein</Value>
</Feature>
<Feature>
  <Name className="java.lang.String">UMLS_CUI</Name>
  <Value className="java.lang.String">C0017237</Value>
</Feature>
<Feature>
  <Name className="java.lang.String">original_lemma</Name>
  <Value className="java.lang.String">gelatin</Value>
</Feature>
<Feature>
  <Name className="java.lang.String">UMLS_SOURCE</Name>
  <Value className="java.lang.String">MSH</Value>
</Feature>
<Feature>
  <Name className="java.lang.String">SOURCE</Name>
  <Value className="java.lang.String">UMLS</Value>
</Feature>
<Feature>
  <Name className="java.lang.String">LABEL</Name>
  <Value className="java.lang.String">BiologicallyActiveSubstance</Value>
</Feature>
<Feature>
  <Name className="java.lang.String">lemma</Name>
  <Value className="java.lang.String">gelatin</Value>
</Feature>
<Feature>
  <Name className="java.lang.String">text</Name>
  <Value className="java.lang.String">gelatin</Value>
</Feature>
<Feature>
  <Name className="java.lang.String">PrefSynonym</Name>
  <Value className="java.lang.String">gelatin</Value>
</Feature>
<Feature>
  <Name className="java.lang.String">UMLS_SEM_TYPE</Name>
  <Value className="java.lang.String">T116</Value>
</Feature>
</Annotation>
<Annotation Id="647" Type="BiologicallyActiveSubstance" StartNode="231" EndNode="238">
<Feature>
  <Name className="java.lang.String">UMLS_SOURCE_CODE</Name>
  <Value className="java.lang.String">D005780</Value>
</Feature>
<Feature>
  <Name className="java.lang.String">UMLS_SEM_TYPE_STR</Name>
  <Value className="java.lang.String">Amino Acid, Peptide, or Protein</Value>
</Feature>
<Feature>
  <Name className="java.lang.String">UMLS_CUI</Name>
  <Value className="java.lang.String">C0017237</Value>
</Feature>
<Feature>
  <Name className="java.lang.String">original_lemma</Name>
  <Value className="java.lang.String">gelatin</Value>
</Feature>
<Feature>
  <Name className="java.lang.String">UMLS_SOURCE</Name>
  <Value className="java.lang.String">MSH</Value>
</Feature>
<Feature>
  <Name className="java.lang.String">SOURCE</Name>
  <Value className="java.lang.String">UMLS</Value>
</Feature>
<Feature>
  <Name className="java.lang.String">LABEL</Name>
  <Value className="java.lang.String">BiologicallyActiveSubstance</Value>
</Feature>
<Feature>
  <Name className="java.lang.String">lemma</Name>
  <Value className="java.lang.String">gelatin</Value>
</Feature>
<Feature>
  <Name className="java.lang.String">text</Name>
  <Value className="java.lang.String">gelatin</Value>
</Feature>
<Feature>
  <Name className="java.lang.String">PrefSynonym</Name>
  <Value className="java.lang.String">gelatin</Value>
</Feature>
<Feature>
  <Name className="java.lang.String">UMLS_SEM_TYPE</Name>
  <Value className="java.lang.String">T116</Value>
</Feature>
</Annotation>
<Annotation Id="648" Type="BiologicallyActiveSubstance" StartNode="738" EndNode="745">
<Feature>
  <Name className="java.lang.String">UMLS_SOURCE_CODE</Name>
  <Value className="java.lang.String">D005780</Value>
</Feature>
<Feature>
  <Name className="java.lang.String">UMLS_SEM_TYPE_STR</Name>
  <Value className="java.lang.String">Amino Acid, Peptide, or Protein</Value>
</Feature>
<Feature>
  <Name className="java.lang.String">UMLS_CUI</Name>
  <Value className="java.lang.String">C0017237</Value>
</Feature>
<Feature>
  <Name className="java.lang.String">original_lemma</Name>
  <Value className="java.lang.String">gelatin</Value>
</Feature>
<Feature>
  <Name className="java.lang.String">UMLS_SOURCE</Name>
  <Value className="java.lang.String">MSH</Value>
</Feature>
<Feature>
  <Name className="java.lang.String">SOURCE</Name>
  <Value className="java.lang.String">UMLS</Value>
</Feature>
<Feature>
  <Name className="java.lang.String">LABEL</Name>
  <Value className="java.lang.String">BiologicallyActiveSubstance</Value>
</Feature>
<Feature>
  <Name className="java.lang.String">lemma</Name>
  <Value className="java.lang.String">gelatin</Value>
</Feature>
<Feature>
  <Name className="java.lang.String">text</Name>
  <Value className="java.lang.String">gelatin</Value>
</Feature>
<Feature>
  <Name className="java.lang.String">PrefSynonym</Name>
  <Value className="java.lang.String">gelatin</Value>
</Feature>
<Feature>
  <Name className="java.lang.String">UMLS_SEM_TYPE</Name>
  <Value className="java.lang.String">T116</Value>
</Feature>
</Annotation>
<Annotation Id="649" Type="Tissue" StartNode="46" EndNode="50">
<Feature>
  <Name className="java.lang.String">original_lemma</Name>
  <Value className="java.lang.String">skin</Value>
</Feature>
<Feature>
  <Name className="java.lang.String">SOURCE</Name>
  <Value className="java.lang.String">NCIT</Value>
</Feature>
<Feature>
  <Name className="java.lang.String">LABEL</Name>
  <Value className="java.lang.String">Tissue</Value>
</Feature>
<Feature>
  <Name className="java.lang.String">lemma</Name>
  <Value className="java.lang.String">skin</Value>
</Feature>
<Feature>
  <Name className="java.lang.String">text</Name>
  <Value className="java.lang.String">skin</Value>
</Feature>
<Feature>
  <Name className="java.lang.String">ID</Name>
  <Value className="java.lang.String">ncit.C12470</Value>
</Feature>
<Feature>
  <Name className="java.lang.String">PrefSynonym</Name>
  <Value className="java.lang.String">skin</Value>
</Feature>
</Annotation>
<Annotation Id="650" Type="StudyType" StartNode="62" EndNode="69">
<Feature>
  <Name className="java.lang.String">original_lemma</Name>
  <Value className="java.lang.String">in vivo</Value>
</Feature>
<Feature>
  <Name className="java.lang.String">SOURCE</Name>
  <Value className="java.lang.String">DEB_ONTOLOGY</Value>
</Feature>
<Feature>
  <Name className="java.lang.String">LABEL</Name>
  <Value className="java.lang.String">StudyType</Value>
</Feature>
<Feature>
  <Name className="java.lang.String">lemma</Name>
  <Value className="java.lang.String">in vivo</Value>
</Feature>
<Feature>
  <Name className="java.lang.String">text</Name>
  <Value className="java.lang.String">in vivo</Value>
</Feature>
<Feature>
  <Name className="java.lang.String">ID</Name>
  <Value className="java.lang.String">DEB_ont.InVivo</Value>
</Feature>
<Feature>
  <Name className="java.lang.String">PrefSynonym</Name>
  <Value className="java.lang.String">in vivo</Value>
</Feature>
</Annotation>
<Annotation Id="651" Type="MedicalApplication" StartNode="136" EndNode="149">
<Feature>
  <Name className="java.lang.String">original_lemma</Name>
  <Value className="java.lang.String">wound healing</Value>
</Feature>
<Feature>
  <Name className="java.lang.String">SOURCE</Name>
  <Value className="java.lang.String">DEB_ONTOLOGY</Value>
</Feature>
<Feature>
  <Name className="java.lang.String">LABEL</Name>
  <Value className="java.lang.String">MedicalApplication</Value>
</Feature>
<Feature>
  <Name className="java.lang.String">lemma</Name>
  <Value className="java.lang.String">wound healing</Value>
</Feature>
<Feature>
  <Name className="java.lang.String">text</Name>
  <Value className="java.lang.String">wound healing</Value>
</Feature>
<Feature>
  <Name className="java.lang.String">ID</Name>
  <Value className="java.lang.String">DEB_ont.WoundHealing</Value>
</Feature>
<Feature>
  <Name className="java.lang.String">PrefSynonym</Name>
  <Value className="java.lang.String">wound healing</Value>
</Feature>
</Annotation>
<Annotation Id="652" Type="Structure" StartNode="200" EndNode="204">
<Feature>
  <Name className="java.lang.String">original_lemma</Name>
  <Value className="java.lang.String">glue</Value>
</Feature>
<Feature>
  <Name className="java.lang.String">SOURCE</Name>
  <Value className="java.lang.String">DEB_ONTOLOGY</Value>
</Feature>
<Feature>
  <Name className="java.lang.String">LABEL</Name>
  <Value className="java.lang.String">Structure</Value>
</Feature>
<Feature>
  <Name className="java.lang.String">lemma</Name>
  <Value className="java.lang.String">glue</Value>
</Feature>
<Feature>
  <Name className="java.lang.String">text</Name>
  <Value className="java.lang.String">glue</Value>
</Feature>
<Feature>
  <Name className="java.lang.String">ID</Name>
  <Value className="java.lang.String">DEB_ont.Glue</Value>
</Feature>
<Feature>
  <Name className="java.lang.String">PrefSynonym</Name>
  <Value className="java.lang.String">glue</Value>
</Feature>
</Annotation>
<Annotation Id="653" Type="MaterialProcessing" StartNode="254" EndNode="265">
<Feature>
  <Name className="java.lang.String">original_lemma</Name>
  <Value className="java.lang.String">polymerize</Value>
</Feature>
<Feature>
  <Name className="java.lang.String">SOURCE</Name>
  <Value className="java.lang.String">DEB_ONTOLOGY</Value>
</Feature>
<Feature>
  <Name className="java.lang.String">LABEL</Name>
  <Value className="java.lang.String">MaterialProcessing</Value>
</Feature>
<Feature>
  <Name className="java.lang.String">lemma</Name>
  <Value className="java.lang.String">polymerize</Value>
</Feature>
<Feature>
  <Name className="java.lang.String">text</Name>
  <Value className="java.lang.String">polymerized</Value>
</Feature>
<Feature>
  <Name className="java.lang.String">ID</Name>
  <Value className="java.lang.String">deb_ont.polymerized</Value>
</Feature>
<Feature>
  <Name className="java.lang.String">PrefSynonym</Name>
  <Value className="java.lang.String">polymerization</Value>
</Feature>
</Annotation>
<Annotation Id="654" Type="Structure" StartNode="364" EndNode="368">
<Feature>
  <Name className="java.lang.String">original_lemma</Name>
  <Value className="java.lang.String">glue</Value>
</Feature>
<Feature>
  <Name className="java.lang.String">SOURCE</Name>
  <Value className="java.lang.String">DEB_ONTOLOGY</Value>
</Feature>
<Feature>
  <Name className="java.lang.String">LABEL</Name>
  <Value className="java.lang.String">Structure</Value>
</Feature>
<Feature>
  <Name className="java.lang.String">lemma</Name>
  <Value className="java.lang.String">glue</Value>
</Feature>
<Feature>
  <Name className="java.lang.String">text</Name>
  <Value className="java.lang.String">glue</Value>
</Feature>
<Feature>
  <Name className="java.lang.String">ID</Name>
  <Value className="java.lang.String">DEB_ont.Glue</Value>
</Feature>
<Feature>
  <Name className="java.lang.String">PrefSynonym</Name>
  <Value className="java.lang.String">glue</Value>
</Feature>
</Annotation>
<Annotation Id="655" Type="AdverseEffects" StartNode="410" EndNode="422">
<Feature>
  <Name className="java.lang.String">original_lemma</Name>
  <Value className="java.lang.String">cytotoxicity</Value>
</Feature>
<Feature>
  <Name className="java.lang.String">SOURCE</Name>
  <Value className="java.lang.String">DEB_ONTOLOGY</Value>
</Feature>
<Feature>
  <Name className="java.lang.String">LABEL</Name>
  <Value className="java.lang.String">AdverseEffects</Value>
</Feature>
<Feature>
  <Name className="java.lang.String">lemma</Name>
  <Value className="java.lang.String">cytotoxicity</Value>
</Feature>
<Feature>
  <Name className="java.lang.String">text</Name>
  <Value className="java.lang.String">cytotoxicity</Value>
</Feature>
<Feature>
  <Name className="java.lang.String">ID</Name>
  <Value className="java.lang.String">DEB_ont.Cytotoxicity</Value>
</Feature>
<Feature>
  <Name className="java.lang.String">PrefSynonym</Name>
  <Value className="java.lang.String">cytotoxicity</Value>
</Feature>
</Annotation>
<Annotation Id="656" Type="ManufacturedObjectFeatures" StartNode="463" EndNode="474">
<Feature>
  <Name className="java.lang.String">original_lemma</Name>
  <Value className="java.lang.String">degradation</Value>
</Feature>
<Feature>
  <Name className="java.lang.String">SOURCE</Name>
  <Value className="java.lang.String">DEB_ONTOLOGY</Value>
</Feature>
<Feature>
  <Name className="java.lang.String">LABEL</Name>
  <Value className="java.lang.String">ManufacturedObjectFeatures</Value>
</Feature>
<Feature>
  <Name className="java.lang.String">lemma</Name>
  <Value className="java.lang.String">degradation</Value>
</Feature>
<Feature>
  <Name className="java.lang.String">text</Name>
  <Value className="java.lang.String">degradation</Value>
</Feature>
<Feature>
  <Name className="java.lang.String">ID</Name>
  <Value className="java.lang.String">DEB_ont.Degradability</Value>
</Feature>
<Feature>
  <Name className="java.lang.String">PrefSynonym</Name>
  <Value className="java.lang.String">degradability</Value>
</Feature>
</Annotation>
<Annotation Id="657" Type="AdverseEffects" StartNode="525" EndNode="537">
<Feature>
  <Name className="java.lang.String">original_lemma</Name>
  <Value className="java.lang.String">cytotoxicity</Value>
</Feature>
<Feature>
  <Name className="java.lang.String">SOURCE</Name>
  <Value className="java.lang.String">DEB_ONTOLOGY</Value>
</Feature>
<Feature>
  <Name className="java.lang.String">LABEL</Name>
  <Value className="java.lang.String">AdverseEffects</Value>
</Feature>
<Feature>
  <Name className="java.lang.String">lemma</Name>
  <Value className="java.lang.String">cytotoxicity</Value>
</Feature>
<Feature>
  <Name className="java.lang.String">text</Name>
  <Value className="java.lang.String">cytotoxicity</Value>
</Feature>
<Feature>
  <Name className="java.lang.String">ID</Name>
  <Value className="java.lang.String">DEB_ont.Cytotoxicity</Value>
</Feature>
<Feature>
  <Name className="java.lang.String">PrefSynonym</Name>
  <Value className="java.lang.String">cytotoxicity</Value>
</Feature>
</Annotation>
<Annotation Id="658" Type="Structure" StartNode="553" EndNode="557">
<Feature>
  <Name className="java.lang.String">original_lemma</Name>
  <Value className="java.lang.String">glue</Value>
</Feature>
<Feature>
  <Name className="java.lang.String">SOURCE</Name>
  <Value className="java.lang.String">DEB_ONTOLOGY</Value>
</Feature>
<Feature>
  <Name className="java.lang.String">LABEL</Name>
  <Value className="java.lang.String">Structure</Value>
</Feature>
<Feature>
  <Name className="java.lang.String">lemma</Name>
  <Value className="java.lang.String">glue</Value>
</Feature>
<Feature>
  <Name className="java.lang.String">text</Name>
  <Value className="java.lang.String">glue</Value>
</Feature>
<Feature>
  <Name className="java.lang.String">ID</Name>
  <Value className="java.lang.String">DEB_ont.Glue</Value>
</Feature>
<Feature>
  <Name className="java.lang.String">PrefSynonym</Name>
  <Value className="java.lang.String">glue</Value>
</Feature>
</Annotation>
<Annotation Id="659" Type="Tissue" StartNode="775" EndNode="779">
<Feature>
  <Name className="java.lang.String">original_lemma</Name>
  <Value className="java.lang.String">skin</Value>
</Feature>
<Feature>
  <Name className="java.lang.String">SOURCE</Name>
  <Value className="java.lang.String">NCIT</Value>
</Feature>
<Feature>
  <Name className="java.lang.String">LABEL</Name>
  <Value className="java.lang.String">Tissue</Value>
</Feature>
<Feature>
  <Name className="java.lang.String">lemma</Name>
  <Value className="java.lang.String">skin</Value>
</Feature>
<Feature>
  <Name className="java.lang.String">text</Name>
  <Value className="java.lang.String">skin</Value>
</Feature>
<Feature>
  <Name className="java.lang.String">ID</Name>
  <Value className="java.lang.String">ncit.C12470</Value>
</Feature>
<Feature>
  <Name className="java.lang.String">PrefSynonym</Name>
  <Value className="java.lang.String">skin</Value>
</Feature>
</Annotation>
<Annotation Id="660" Type="Species" StartNode="799" EndNode="802">
<Feature>
  <Name className="java.lang.String">original_lemma</Name>
  <Value className="java.lang.String">rat</Value>
</Feature>
<Feature>
  <Name className="java.lang.String">SOURCE</Name>
  <Value className="java.lang.String">NCIT</Value>
</Feature>
<Feature>
  <Name className="java.lang.String">LABEL</Name>
  <Value className="java.lang.String">Species</Value>
</Feature>
<Feature>
  <Name className="java.lang.String">lemma</Name>
  <Value className="java.lang.String">rat</Value>
</Feature>
<Feature>
  <Name className="java.lang.String">text</Name>
  <Value className="java.lang.String">rat</Value>
</Feature>
<Feature>
  <Name className="java.lang.String">ID</Name>
  <Value className="java.lang.String">ncit.C160998</Value>
</Feature>
<Feature>
  <Name className="java.lang.String">PrefSynonym</Name>
  <Value className="java.lang.String">rat</Value>
</Feature>
</Annotation>
<Annotation Id="661" Type="Structure" StartNode="853" EndNode="857">
<Feature>
  <Name className="java.lang.String">original_lemma</Name>
  <Value className="java.lang.String">glue</Value>
</Feature>
<Feature>
  <Name className="java.lang.String">SOURCE</Name>
  <Value className="java.lang.String">DEB_ONTOLOGY</Value>
</Feature>
<Feature>
  <Name className="java.lang.String">LABEL</Name>
  <Value className="java.lang.String">Structure</Value>
</Feature>
<Feature>
  <Name className="java.lang.String">lemma</Name>
  <Value className="java.lang.String">glue</Value>
</Feature>
<Feature>
  <Name className="java.lang.String">text</Name>
  <Value className="java.lang.String">glue</Value>
</Feature>
<Feature>
  <Name className="java.lang.String">ID</Name>
  <Value className="java.lang.String">DEB_ont.Glue</Value>
</Feature>
<Feature>
  <Name className="java.lang.String">PrefSynonym</Name>
  <Value className="java.lang.String">glue</Value>
</Feature>
</Annotation>
<Annotation Id="662" Type="ManufacturedObjectFeatures" StartNode="865" EndNode="875">
<Feature>
  <Name className="java.lang.String">original_lemma</Name>
  <Value className="java.lang.String">resorbable</Value>
</Feature>
<Feature>
  <Name className="java.lang.String">SOURCE</Name>
  <Value className="java.lang.String">DEB_ONTOLOGY</Value>
</Feature>
<Feature>
  <Name className="java.lang.String">LABEL</Name>
  <Value className="java.lang.String">ManufacturedObjectFeatures</Value>
</Feature>
<Feature>
  <Name className="java.lang.String">lemma</Name>
  <Value className="java.lang.String">resorbable</Value>
</Feature>
<Feature>
  <Name className="java.lang.String">text</Name>
  <Value className="java.lang.String">resorbable</Value>
</Feature>
<Feature>
  <Name className="java.lang.String">ID</Name>
  <Value className="java.lang.String">deb_ont.resorbable</Value>
</Feature>
<Feature>
  <Name className="java.lang.String">PrefSynonym</Name>
  <Value className="java.lang.String">resorption</Value>
</Feature>
</Annotation>
<Annotation Id="663" Type="ManufacturedObject" StartNode="876" EndNode="882">
<Feature>
  <Name className="java.lang.String">original_lemma</Name>
  <Value className="java.lang.String">suture</Value>
</Feature>
<Feature>
  <Name className="java.lang.String">SOURCE</Name>
  <Value className="java.lang.String">DEB_ONTOLOGY</Value>
</Feature>
<Feature>
  <Name className="java.lang.String">LABEL</Name>
  <Value className="java.lang.String">ManufacturedObject</Value>
</Feature>
<Feature>
  <Name className="java.lang.String">lemma</Name>
  <Value className="java.lang.String">suture</Value>
</Feature>
<Feature>
  <Name className="java.lang.String">text</Name>
  <Value className="java.lang.String">suture</Value>
</Feature>
<Feature>
  <Name className="java.lang.String">ID</Name>
  <Value className="java.lang.String">DEB_ont.Suture</Value>
</Feature>
<Feature>
  <Name className="java.lang.String">PrefSynonym</Name>
  <Value className="java.lang.String">suture</Value>
</Feature>
</Annotation>
<Annotation Id="664" Type="ManufacturedObjectFeatures" StartNode="928" EndNode="944">
<Feature>
  <Name className="java.lang.String">original_lemma</Name>
  <Value className="java.lang.String">tensile strength</Value>
</Feature>
<Feature>
  <Name className="java.lang.String">SOURCE</Name>
  <Value className="java.lang.String">DEB_ONTOLOGY</Value>
</Feature>
<Feature>
  <Name className="java.lang.String">LABEL</Name>
  <Value className="java.lang.String">ManufacturedObjectFeatures</Value>
</Feature>
<Feature>
  <Name className="java.lang.String">lemma</Name>
  <Value className="java.lang.String">tensile strength</Value>
</Feature>
<Feature>
  <Name className="java.lang.String">text</Name>
  <Value className="java.lang.String">tensile strength</Value>
</Feature>
<Feature>
  <Name className="java.lang.String">ID</Name>
  <Value className="java.lang.String">DEB_ont.TensileStrength</Value>
</Feature>
<Feature>
  <Name className="java.lang.String">PrefSynonym</Name>
  <Value className="java.lang.String">tensile strength</Value>
</Feature>
</Annotation>
<Annotation Id="665" Type="Tissue" StartNode="952" EndNode="956">
<Feature>
  <Name className="java.lang.String">original_lemma</Name>
  <Value className="java.lang.String">skin</Value>
</Feature>
<Feature>
  <Name className="java.lang.String">SOURCE</Name>
  <Value className="java.lang.String">NCIT</Value>
</Feature>
<Feature>
  <Name className="java.lang.String">LABEL</Name>
  <Value className="java.lang.String">Tissue</Value>
</Feature>
<Feature>
  <Name className="java.lang.String">lemma</Name>
  <Value className="java.lang.String">skin</Value>
</Feature>
<Feature>
  <Name className="java.lang.String">text</Name>
  <Value className="java.lang.String">skin</Value>
</Feature>
<Feature>
  <Name className="java.lang.String">ID</Name>
  <Value className="java.lang.String">ncit.C12470</Value>
</Feature>
<Feature>
  <Name className="java.lang.String">PrefSynonym</Name>
  <Value className="java.lang.String">skin</Value>
</Feature>
</Annotation>
<Annotation Id="666" Type="Structure" StartNode="1013" EndNode="1018">
<Feature>
  <Name className="java.lang.String">original_lemma</Name>
  <Value className="java.lang.String">glue</Value>
</Feature>
<Feature>
  <Name className="java.lang.String">SOURCE</Name>
  <Value className="java.lang.String">DEB_ONTOLOGY</Value>
</Feature>
<Feature>
  <Name className="java.lang.String">LABEL</Name>
  <Value className="java.lang.String">Structure</Value>
</Feature>
<Feature>
  <Name className="java.lang.String">lemma</Name>
  <Value className="java.lang.String">glue</Value>
</Feature>
<Feature>
  <Name className="java.lang.String">text</Name>
  <Value className="java.lang.String">glues</Value>
</Feature>
<Feature>
  <Name className="java.lang.String">ID</Name>
  <Value className="java.lang.String">DEB_ont.Glue</Value>
</Feature>
<Feature>
  <Name className="java.lang.String">PrefSynonym</Name>
  <Value className="java.lang.String">glue</Value>
</Feature>
</Annotation>
<Annotation Id="667" Type="ManufacturedObject" StartNode="1022" EndNode="1028">
<Feature>
  <Name className="java.lang.String">original_lemma</Name>
  <Value className="java.lang.String">suture</Value>
</Feature>
<Feature>
  <Name className="java.lang.String">SOURCE</Name>
  <Value className="java.lang.String">DEB_ONTOLOGY</Value>
</Feature>
<Feature>
  <Name className="java.lang.String">LABEL</Name>
  <Value className="java.lang.String">ManufacturedObject</Value>
</Feature>
<Feature>
  <Name className="java.lang.String">lemma</Name>
  <Value className="java.lang.String">suture</Value>
</Feature>
<Feature>
  <Name className="java.lang.String">text</Name>
  <Value className="java.lang.String">suture</Value>
</Feature>
<Feature>
  <Name className="java.lang.String">ID</Name>
  <Value className="java.lang.String">DEB_ont.Suture</Value>
</Feature>
<Feature>
  <Name className="java.lang.String">PrefSynonym</Name>
  <Value className="java.lang.String">suture</Value>
</Feature>
</Annotation>
<Annotation Id="668" Type="Structure" StartNode="1124" EndNode="1129">
<Feature>
  <Name className="java.lang.String">original_lemma</Name>
  <Value className="java.lang.String">glue</Value>
</Feature>
<Feature>
  <Name className="java.lang.String">SOURCE</Name>
  <Value className="java.lang.String">DEB_ONTOLOGY</Value>
</Feature>
<Feature>
  <Name className="java.lang.String">LABEL</Name>
  <Value className="java.lang.String">Structure</Value>
</Feature>
<Feature>
  <Name className="java.lang.String">lemma</Name>
  <Value className="java.lang.String">glue</Value>
</Feature>
<Feature>
  <Name className="java.lang.String">text</Name>
  <Value className="java.lang.String">glues</Value>
</Feature>
<Feature>
  <Name className="java.lang.String">ID</Name>
  <Value className="java.lang.String">DEB_ont.Glue</Value>
</Feature>
<Feature>
  <Name className="java.lang.String">PrefSynonym</Name>
  <Value className="java.lang.String">glue</Value>
</Feature>
</Annotation>
<Annotation Id="669" Type="ManufacturedObject" StartNode="1133" EndNode="1139">
<Feature>
  <Name className="java.lang.String">original_lemma</Name>
  <Value className="java.lang.String">suture</Value>
</Feature>
<Feature>
  <Name className="java.lang.String">SOURCE</Name>
  <Value className="java.lang.String">DEB_ONTOLOGY</Value>
</Feature>
<Feature>
  <Name className="java.lang.String">LABEL</Name>
  <Value className="java.lang.String">ManufacturedObject</Value>
</Feature>
<Feature>
  <Name className="java.lang.String">lemma</Name>
  <Value className="java.lang.String">suture</Value>
</Feature>
<Feature>
  <Name className="java.lang.String">text</Name>
  <Value className="java.lang.String">suture</Value>
</Feature>
<Feature>
  <Name className="java.lang.String">ID</Name>
  <Value className="java.lang.String">DEB_ont.Suture</Value>
</Feature>
<Feature>
  <Name className="java.lang.String">PrefSynonym</Name>
  <Value className="java.lang.String">suture</Value>
</Feature>
</Annotation>
<Annotation Id="670" Type="ManufacturedObject" StartNode="1169" EndNode="1175">
<Feature>
  <Name className="java.lang.String">original_lemma</Name>
  <Value className="java.lang.String">suture</Value>
</Feature>
<Feature>
  <Name className="java.lang.String">SOURCE</Name>
  <Value className="java.lang.String">DEB_ONTOLOGY</Value>
</Feature>
<Feature>
  <Name className="java.lang.String">LABEL</Name>
  <Value className="java.lang.String">ManufacturedObject</Value>
</Feature>
<Feature>
  <Name className="java.lang.String">lemma</Name>
  <Value className="java.lang.String">suture</Value>
</Feature>
<Feature>
  <Name className="java.lang.String">text</Name>
  <Value className="java.lang.String">suture</Value>
</Feature>
<Feature>
  <Name className="java.lang.String">ID</Name>
  <Value className="java.lang.String">DEB_ont.Suture</Value>
</Feature>
<Feature>
  <Name className="java.lang.String">PrefSynonym</Name>
  <Value className="java.lang.String">suture</Value>
</Feature>
</Annotation>
<Annotation Id="671" Type="Structure" StartNode="1364" EndNode="1369">
<Feature>
  <Name className="java.lang.String">original_lemma</Name>
  <Value className="java.lang.String">glue</Value>
</Feature>
<Feature>
  <Name className="java.lang.String">SOURCE</Name>
  <Value className="java.lang.String">DEB_ONTOLOGY</Value>
</Feature>
<Feature>
  <Name className="java.lang.String">LABEL</Name>
  <Value className="java.lang.String">Structure</Value>
</Feature>
<Feature>
  <Name className="java.lang.String">lemma</Name>
  <Value className="java.lang.String">glue</Value>
</Feature>
<Feature>
  <Name className="java.lang.String">text</Name>
  <Value className="java.lang.String">glues</Value>
</Feature>
<Feature>
  <Name className="java.lang.String">ID</Name>
  <Value className="java.lang.String">DEB_ont.Glue</Value>
</Feature>
<Feature>
  <Name className="java.lang.String">PrefSynonym</Name>
  <Value className="java.lang.String">glue</Value>
</Feature>
</Annotation>
<Annotation Id="672" Type="Structure" StartNode="1487" EndNode="1491">
<Feature>
  <Name className="java.lang.String">original_lemma</Name>
  <Value className="java.lang.String">glue</Value>
</Feature>
<Feature>
  <Name className="java.lang.String">SOURCE</Name>
  <Value className="java.lang.String">DEB_ONTOLOGY</Value>
</Feature>
<Feature>
  <Name className="java.lang.String">LABEL</Name>
  <Value className="java.lang.String">Structure</Value>
</Feature>
<Feature>
  <Name className="java.lang.String">lemma</Name>
  <Value className="java.lang.String">glue</Value>
</Feature>
<Feature>
  <Name className="java.lang.String">text</Name>
  <Value className="java.lang.String">glue</Value>
</Feature>
<Feature>
  <Name className="java.lang.String">ID</Name>
  <Value className="java.lang.String">DEB_ont.Glue</Value>
</Feature>
<Feature>
  <Name className="java.lang.String">PrefSynonym</Name>
  <Value className="java.lang.String">glue</Value>
</Feature>
</Annotation>
<Annotation Id="673" Type="ManufacturedObject" StartNode="1521" EndNode="1527">
<Feature>
  <Name className="java.lang.String">original_lemma</Name>
  <Value className="java.lang.String">suture</Value>
</Feature>
<Feature>
  <Name className="java.lang.String">SOURCE</Name>
  <Value className="java.lang.String">DEB_ONTOLOGY</Value>
</Feature>
<Feature>
  <Name className="java.lang.String">LABEL</Name>
  <Value className="java.lang.String">ManufacturedObject</Value>
</Feature>
<Feature>
  <Name className="java.lang.String">lemma</Name>
  <Value className="java.lang.String">suture</Value>
</Feature>
<Feature>
  <Name className="java.lang.String">text</Name>
  <Value className="java.lang.String">suture</Value>
</Feature>
<Feature>
  <Name className="java.lang.String">ID</Name>
  <Value className="java.lang.String">DEB_ont.Suture</Value>
</Feature>
<Feature>
  <Name className="java.lang.String">PrefSynonym</Name>
  <Value className="java.lang.String">suture</Value>
</Feature>
</Annotation>
<Annotation Id="674" Type="Structure" StartNode="1585" EndNode="1590">
<Feature>
  <Name className="java.lang.String">original_lemma</Name>
  <Value className="java.lang.String">glue</Value>
</Feature>
<Feature>
  <Name className="java.lang.String">SOURCE</Name>
  <Value className="java.lang.String">DEB_ONTOLOGY</Value>
</Feature>
<Feature>
  <Name className="java.lang.String">LABEL</Name>
  <Value className="java.lang.String">Structure</Value>
</Feature>
<Feature>
  <Name className="java.lang.String">lemma</Name>
  <Value className="java.lang.String">glue</Value>
</Feature>
<Feature>
  <Name className="java.lang.String">text</Name>
  <Value className="java.lang.String">glues</Value>
</Feature>
<Feature>
  <Name className="java.lang.String">ID</Name>
  <Value className="java.lang.String">DEB_ont.Glue</Value>
</Feature>
<Feature>
  <Name className="java.lang.String">PrefSynonym</Name>
  <Value className="java.lang.String">glue</Value>
</Feature>
</Annotation>
<Annotation Id="675" Type="Structure" StartNode="1604" EndNode="1609">
<Feature>
  <Name className="java.lang.String">original_lemma</Name>
  <Value className="java.lang.String">glue</Value>
</Feature>
<Feature>
  <Name className="java.lang.String">SOURCE</Name>
  <Value className="java.lang.String">DEB_ONTOLOGY</Value>
</Feature>
<Feature>
  <Name className="java.lang.String">LABEL</Name>
  <Value className="java.lang.String">Structure</Value>
</Feature>
<Feature>
  <Name className="java.lang.String">lemma</Name>
  <Value className="java.lang.String">glue</Value>
</Feature>
<Feature>
  <Name className="java.lang.String">text</Name>
  <Value className="java.lang.String">glues</Value>
</Feature>
<Feature>
  <Name className="java.lang.String">ID</Name>
  <Value className="java.lang.String">DEB_ont.Glue</Value>
</Feature>
<Feature>
  <Name className="java.lang.String">PrefSynonym</Name>
  <Value className="java.lang.String">glue</Value>
</Feature>
</Annotation>
<Annotation Id="676" Type="Structure" StartNode="1675" EndNode="1680">
<Feature>
  <Name className="java.lang.String">original_lemma</Name>
  <Value className="java.lang.String">glue</Value>
</Feature>
<Feature>
  <Name className="java.lang.String">SOURCE</Name>
  <Value className="java.lang.String">DEB_ONTOLOGY</Value>
</Feature>
<Feature>
  <Name className="java.lang.String">LABEL</Name>
  <Value className="java.lang.String">Structure</Value>
</Feature>
<Feature>
  <Name className="java.lang.String">lemma</Name>
  <Value className="java.lang.String">glue</Value>
</Feature>
<Feature>
  <Name className="java.lang.String">text</Name>
  <Value className="java.lang.String">glues</Value>
</Feature>
<Feature>
  <Name className="java.lang.String">ID</Name>
  <Value className="java.lang.String">DEB_ont.Glue</Value>
</Feature>
<Feature>
  <Name className="java.lang.String">PrefSynonym</Name>
  <Value className="java.lang.String">glue</Value>
</Feature>
</Annotation>
<Annotation Id="677" Type="AdverseEffects" StartNode="1694" EndNode="1715">
<Feature>
  <Name className="java.lang.String">original_lemma</Name>
  <Value className="java.lang.String">inflammatory response</Value>
</Feature>
<Feature>
  <Name className="java.lang.String">SOURCE</Name>
  <Value className="java.lang.String">DEB_ONTOLOGY</Value>
</Feature>
<Feature>
  <Name className="java.lang.String">LABEL</Name>
  <Value className="java.lang.String">AdverseEffects</Value>
</Feature>
<Feature>
  <Name className="java.lang.String">lemma</Name>
  <Value className="java.lang.String">inflammatory response</Value>
</Feature>
<Feature>
  <Name className="java.lang.String">text</Name>
  <Value className="java.lang.String">inflammatory response</Value>
</Feature>
<Feature>
  <Name className="java.lang.String">ID</Name>
  <Value className="java.lang.String">DEB_ont.InflammatoryReaction</Value>
</Feature>
<Feature>
  <Name className="java.lang.String">PrefSynonym</Name>
  <Value className="java.lang.String">inflammatory reaction</Value>
</Feature>
</Annotation>
<Annotation Id="678" Type="Structure" StartNode="1788" EndNode="1792">
<Feature>
  <Name className="java.lang.String">original_lemma</Name>
  <Value className="java.lang.String">glue</Value>
</Feature>
<Feature>
  <Name className="java.lang.String">SOURCE</Name>
  <Value className="java.lang.String">DEB_ONTOLOGY</Value>
</Feature>
<Feature>
  <Name className="java.lang.String">LABEL</Name>
  <Value className="java.lang.String">Structure</Value>
</Feature>
<Feature>
  <Name className="java.lang.String">lemma</Name>
  <Value className="java.lang.String">glue</Value>
</Feature>
<Feature>
  <Name className="java.lang.String">text</Name>
  <Value className="java.lang.String">glue</Value>
</Feature>
<Feature>
  <Name className="java.lang.String">ID</Name>
  <Value className="java.lang.String">DEB_ont.Glue</Value>
</Feature>
<Feature>
  <Name className="java.lang.String">PrefSynonym</Name>
  <Value className="java.lang.String">glue</Value>
</Feature>
</Annotation>
<Annotation Id="679" Type="EffectOnBiologicalSystem" StartNode="1818" EndNode="1834">
<Feature>
  <Name className="java.lang.String">original_lemma</Name>
  <Value className="java.lang.String">biocompatibility</Value>
</Feature>
<Feature>
  <Name className="java.lang.String">SOURCE</Name>
  <Value className="java.lang.String">DEB_ONTOLOGY</Value>
</Feature>
<Feature>
  <Name className="java.lang.String">LABEL</Name>
  <Value className="java.lang.String">EffectOnBiologicalSystem</Value>
</Feature>
<Feature>
  <Name className="java.lang.String">lemma</Name>
  <Value className="java.lang.String">biocompatibility</Value>
</Feature>
<Feature>
  <Name className="java.lang.String">text</Name>
  <Value className="java.lang.String">biocompatibility</Value>
</Feature>
<Feature>
  <Name className="java.lang.String">ID</Name>
  <Value className="java.lang.String">DEB_ont.Biocompatibility</Value>
</Feature>
<Feature>
  <Name className="java.lang.String">PrefSynonym</Name>
  <Value className="java.lang.String">biocompatibility</Value>
</Feature>
</Annotation>
<Annotation Id="680" Type="Structure" StartNode="1880" EndNode="1885">
<Feature>
  <Name className="java.lang.String">original_lemma</Name>
  <Value className="java.lang.String">glue</Value>
</Feature>
<Feature>
  <Name className="java.lang.String">SOURCE</Name>
  <Value className="java.lang.String">DEB_ONTOLOGY</Value>
</Feature>
<Feature>
  <Name className="java.lang.String">LABEL</Name>
  <Value className="java.lang.String">Structure</Value>
</Feature>
<Feature>
  <Name className="java.lang.String">lemma</Name>
  <Value className="java.lang.String">glue</Value>
</Feature>
<Feature>
  <Name className="java.lang.String">text</Name>
  <Value className="java.lang.String">glues</Value>
</Feature>
<Feature>
  <Name className="java.lang.String">ID</Name>
  <Value className="java.lang.String">DEB_ont.Glue</Value>
</Feature>
<Feature>
  <Name className="java.lang.String">PrefSynonym</Name>
  <Value className="java.lang.String">glue</Value>
</Feature>
</Annotation>
<Annotation Id="681" Type="Structure" StartNode="1932" EndNode="1936">
<Feature>
  <Name className="java.lang.String">original_lemma</Name>
  <Value className="java.lang.String">glue</Value>
</Feature>
<Feature>
  <Name className="java.lang.String">SOURCE</Name>
  <Value className="java.lang.String">DEB_ONTOLOGY</Value>
</Feature>
<Feature>
  <Name className="java.lang.String">LABEL</Name>
  <Value className="java.lang.String">Structure</Value>
</Feature>
<Feature>
  <Name className="java.lang.String">lemma</Name>
  <Value className="java.lang.String">glue</Value>
</Feature>
<Feature>
  <Name className="java.lang.String">text</Name>
  <Value className="java.lang.String">glue</Value>
</Feature>
<Feature>
  <Name className="java.lang.String">ID</Name>
  <Value className="java.lang.String">DEB_ont.Glue</Value>
</Feature>
<Feature>
  <Name className="java.lang.String">PrefSynonym</Name>
  <Value className="java.lang.String">glue</Value>
</Feature>
</Annotation>
<Annotation Id="682" Type="Structure" StartNode="2091" EndNode="2096">
<Feature>
  <Name className="java.lang.String">original_lemma</Name>
  <Value className="java.lang.String">glue</Value>
</Feature>
<Feature>
  <Name className="java.lang.String">SOURCE</Name>
  <Value className="java.lang.String">DEB_ONTOLOGY</Value>
</Feature>
<Feature>
  <Name className="java.lang.String">LABEL</Name>
  <Value className="java.lang.String">Structure</Value>
</Feature>
<Feature>
  <Name className="java.lang.String">lemma</Name>
  <Value className="java.lang.String">glue</Value>
</Feature>
<Feature>
  <Name className="java.lang.String">text</Name>
  <Value className="java.lang.String">glues</Value>
</Feature>
<Feature>
  <Name className="java.lang.String">ID</Name>
  <Value className="java.lang.String">DEB_ont.Glue</Value>
</Feature>
<Feature>
  <Name className="java.lang.String">PrefSynonym</Name>
  <Value className="java.lang.String">glue</Value>
</Feature>
</Annotation>
<Annotation Id="683" Type="Species" StartNode="2113" EndNode="2118">
<Feature>
  <Name className="java.lang.String">original_lemma</Name>
  <Value className="java.lang.String">human</Value>
</Feature>
<Feature>
  <Name className="java.lang.String">SOURCE</Name>
  <Value className="java.lang.String">NCIT</Value>
</Feature>
<Feature>
  <Name className="java.lang.String">LABEL</Name>
  <Value className="java.lang.String">Species</Value>
</Feature>
<Feature>
  <Name className="java.lang.String">lemma</Name>
  <Value className="java.lang.String">human</Value>
</Feature>
<Feature>
  <Name className="java.lang.String">text</Name>
  <Value className="java.lang.String">human</Value>
</Feature>
<Feature>
  <Name className="java.lang.String">ID</Name>
  <Value className="java.lang.String">ncit.C14225</Value>
</Feature>
<Feature>
  <Name className="java.lang.String">PrefSynonym</Name>
  <Value className="java.lang.String">human</Value>
</Feature>
</Annotation>
<Annotation Id="684" Type="MedicalApplication" StartNode="2119" EndNode="2131">
<Feature>
  <Name className="java.lang.String">original_lemma</Name>
  <Value className="java.lang.String">skin closure</Value>
</Feature>
<Feature>
  <Name className="java.lang.String">SOURCE</Name>
  <Value className="java.lang.String">DEB_ONTOLOGY</Value>
</Feature>
<Feature>
  <Name className="java.lang.String">LABEL</Name>
  <Value className="java.lang.String">MedicalApplication</Value>
</Feature>
<Feature>
  <Name className="java.lang.String">lemma</Name>
  <Value className="java.lang.String">skin closure</Value>
</Feature>
<Feature>
  <Name className="java.lang.String">text</Name>
  <Value className="java.lang.String">skin
closure</Value>
</Feature>
<Feature>
  <Name className="java.lang.String">ID</Name>
  <Value className="java.lang.String">DEB_ont.SkinClosure</Value>
</Feature>
<Feature>
  <Name className="java.lang.String">PrefSynonym</Name>
  <Value className="java.lang.String">skin closure</Value>
</Feature>
</Annotation>
</AnnotationSet>

<!-- Named annotation set -->

<AnnotationSet Name="VALIDATOR">
<Annotation Id="768" Type="Biomaterial" StartNode="231" EndNode="238">
</Annotation>
<Annotation Id="769" Type="Biomaterial" StartNode="738" EndNode="745">
</Annotation>
<Annotation Id="685" Type="BiologicallyActiveSubstance" StartNode="5" EndNode="12">
<Feature>
  <Name className="java.lang.String">UMLS_SOURCE_CODE</Name>
  <Value className="java.lang.String">D005780</Value>
</Feature>
<Feature>
  <Name className="java.lang.String">UMLS_SEM_TYPE_STR</Name>
  <Value className="java.lang.String">Amino Acid, Peptide, or Protein</Value>
</Feature>
<Feature>
  <Name className="java.lang.String">UMLS_CUI</Name>
  <Value className="java.lang.String">C0017237</Value>
</Feature>
<Feature>
  <Name className="java.lang.String">original_lemma</Name>
  <Value className="java.lang.String">gelatin</Value>
</Feature>
<Feature>
  <Name className="java.lang.String">UMLS_SOURCE</Name>
  <Value className="java.lang.String">MSH</Value>
</Feature>
<Feature>
  <Name className="java.lang.String">SOURCE</Name>
  <Value className="java.lang.String">UMLS</Value>
</Feature>
<Feature>
  <Name className="java.lang.String">LABEL</Name>
  <Value className="java.lang.String">BiologicallyActiveSubstance</Value>
</Feature>
<Feature>
  <Name className="java.lang.String">lemma</Name>
  <Value className="java.lang.String">gelatin</Value>
</Feature>
<Feature>
  <Name className="java.lang.String">text</Name>
  <Value className="java.lang.String">Gelatin</Value>
</Feature>
<Feature>
  <Name className="java.lang.String">PrefSynonym</Name>
  <Value className="java.lang.String">gelatin</Value>
</Feature>
<Feature>
  <Name className="java.lang.String">UMLS_SEM_TYPE</Name>
  <Value className="java.lang.String">T116</Value>
</Feature>
</Annotation>
<Annotation Id="686" Type="BiologicallyActiveSubstance" StartNode="163" EndNode="170">
<Feature>
  <Name className="java.lang.String">UMLS_SOURCE_CODE</Name>
  <Value className="java.lang.String">D005780</Value>
</Feature>
<Feature>
  <Name className="java.lang.String">UMLS_SEM_TYPE_STR</Name>
  <Value className="java.lang.String">Amino Acid, Peptide, or Protein</Value>
</Feature>
<Feature>
  <Name className="java.lang.String">UMLS_CUI</Name>
  <Value className="java.lang.String">C0017237</Value>
</Feature>
<Feature>
  <Name className="java.lang.String">original_lemma</Name>
  <Value className="java.lang.String">gelatin</Value>
</Feature>
<Feature>
  <Name className="java.lang.String">UMLS_SOURCE</Name>
  <Value className="java.lang.String">MSH</Value>
</Feature>
<Feature>
  <Name className="java.lang.String">SOURCE</Name>
  <Value className="java.lang.String">UMLS</Value>
</Feature>
<Feature>
  <Name className="java.lang.String">LABEL</Name>
  <Value className="java.lang.String">BiologicallyActiveSubstance</Value>
</Feature>
<Feature>
  <Name className="java.lang.String">lemma</Name>
  <Value className="java.lang.String">gelatin</Value>
</Feature>
<Feature>
  <Name className="java.lang.String">text</Name>
  <Value className="java.lang.String">gelatin</Value>
</Feature>
<Feature>
  <Name className="java.lang.String">PrefSynonym</Name>
  <Value className="java.lang.String">gelatin</Value>
</Feature>
<Feature>
  <Name className="java.lang.String">UMLS_SEM_TYPE</Name>
  <Value className="java.lang.String">T116</Value>
</Feature>
</Annotation>
<Annotation Id="687" Type="BiologicallyActiveSubstance" StartNode="231" EndNode="238">
<Feature>
  <Name className="java.lang.String">UMLS_SOURCE_CODE</Name>
  <Value className="java.lang.String">D005780</Value>
</Feature>
<Feature>
  <Name className="java.lang.String">UMLS_SEM_TYPE_STR</Name>
  <Value className="java.lang.String">Amino Acid, Peptide, or Protein</Value>
</Feature>
<Feature>
  <Name className="java.lang.String">UMLS_CUI</Name>
  <Value className="java.lang.String">C0017237</Value>
</Feature>
<Feature>
  <Name className="java.lang.String">original_lemma</Name>
  <Value className="java.lang.String">gelatin</Value>
</Feature>
<Feature>
  <Name className="java.lang.String">UMLS_SOURCE</Name>
  <Value className="java.lang.String">MSH</Value>
</Feature>
<Feature>
  <Name className="java.lang.String">SOURCE</Name>
  <Value className="java.lang.String">UMLS</Value>
</Feature>
<Feature>
  <Name className="java.lang.String">LABEL</Name>
  <Value className="java.lang.String">BiologicallyActiveSubstance</Value>
</Feature>
<Feature>
  <Name className="java.lang.String">lemma</Name>
  <Value className="java.lang.String">gelatin</Value>
</Feature>
<Feature>
  <Name className="java.lang.String">text</Name>
  <Value className="java.lang.String">gelatin</Value>
</Feature>
<Feature>
  <Name className="java.lang.String">PrefSynonym</Name>
  <Value className="java.lang.String">gelatin</Value>
</Feature>
<Feature>
  <Name className="java.lang.String">UMLS_SEM_TYPE</Name>
  <Value className="java.lang.String">T116</Value>
</Feature>
</Annotation>
<Annotation Id="688" Type="BiologicallyActiveSubstance" StartNode="738" EndNode="745">
<Feature>
  <Name className="java.lang.String">UMLS_SOURCE_CODE</Name>
  <Value className="java.lang.String">D005780</Value>
</Feature>
<Feature>
  <Name className="java.lang.String">UMLS_SEM_TYPE_STR</Name>
  <Value className="java.lang.String">Amino Acid, Peptide, or Protein</Value>
</Feature>
<Feature>
  <Name className="java.lang.String">UMLS_CUI</Name>
  <Value className="java.lang.String">C0017237</Value>
</Feature>
<Feature>
  <Name className="java.lang.String">original_lemma</Name>
  <Value className="java.lang.String">gelatin</Value>
</Feature>
<Feature>
  <Name className="java.lang.String">UMLS_SOURCE</Name>
  <Value className="java.lang.String">MSH</Value>
</Feature>
<Feature>
  <Name className="java.lang.String">SOURCE</Name>
  <Value className="java.lang.String">UMLS</Value>
</Feature>
<Feature>
  <Name className="java.lang.String">LABEL</Name>
  <Value className="java.lang.String">BiologicallyActiveSubstance</Value>
</Feature>
<Feature>
  <Name className="java.lang.String">lemma</Name>
  <Value className="java.lang.String">gelatin</Value>
</Feature>
<Feature>
  <Name className="java.lang.String">text</Name>
  <Value className="java.lang.String">gelatin</Value>
</Feature>
<Feature>
  <Name className="java.lang.String">PrefSynonym</Name>
  <Value className="java.lang.String">gelatin</Value>
</Feature>
<Feature>
  <Name className="java.lang.String">UMLS_SEM_TYPE</Name>
  <Value className="java.lang.String">T116</Value>
</Feature>
</Annotation>
<Annotation Id="689" Type="Tissue" StartNode="46" EndNode="50">
<Feature>
  <Name className="java.lang.String">original_lemma</Name>
  <Value className="java.lang.String">skin</Value>
</Feature>
<Feature>
  <Name className="java.lang.String">SOURCE</Name>
  <Value className="java.lang.String">NCIT</Value>
</Feature>
<Feature>
  <Name className="java.lang.String">LABEL</Name>
  <Value className="java.lang.String">Tissue</Value>
</Feature>
<Feature>
  <Name className="java.lang.String">lemma</Name>
  <Value className="java.lang.String">skin</Value>
</Feature>
<Feature>
  <Name className="java.lang.String">text</Name>
  <Value className="java.lang.String">skin</Value>
</Feature>
<Feature>
  <Name className="java.lang.String">ID</Name>
  <Value className="java.lang.String">ncit.C12470</Value>
</Feature>
<Feature>
  <Name className="java.lang.String">PrefSynonym</Name>
  <Value className="java.lang.String">skin</Value>
</Feature>
</Annotation>
<Annotation Id="690" Type="StudyType" StartNode="62" EndNode="69">
<Feature>
  <Name className="java.lang.String">original_lemma</Name>
  <Value className="java.lang.String">in vivo</Value>
</Feature>
<Feature>
  <Name className="java.lang.String">SOURCE</Name>
  <Value className="java.lang.String">DEB_ONTOLOGY</Value>
</Feature>
<Feature>
  <Name className="java.lang.String">LABEL</Name>
  <Value className="java.lang.String">StudyType</Value>
</Feature>
<Feature>
  <Name className="java.lang.String">lemma</Name>
  <Value className="java.lang.String">in vivo</Value>
</Feature>
<Feature>
  <Name className="java.lang.String">text</Name>
  <Value className="java.lang.String">in vivo</Value>
</Feature>
<Feature>
  <Name className="java.lang.String">ID</Name>
  <Value className="java.lang.String">DEB_ont.InVivo</Value>
</Feature>
<Feature>
  <Name className="java.lang.String">PrefSynonym</Name>
  <Value className="java.lang.String">in vivo</Value>
</Feature>
</Annotation>
<Annotation Id="691" Type="MedicalApplication" StartNode="136" EndNode="149">
<Feature>
  <Name className="java.lang.String">original_lemma</Name>
  <Value className="java.lang.String">wound healing</Value>
</Feature>
<Feature>
  <Name className="java.lang.String">SOURCE</Name>
  <Value className="java.lang.String">DEB_ONTOLOGY</Value>
</Feature>
<Feature>
  <Name className="java.lang.String">LABEL</Name>
  <Value className="java.lang.String">MedicalApplication</Value>
</Feature>
<Feature>
  <Name className="java.lang.String">lemma</Name>
  <Value className="java.lang.String">wound healing</Value>
</Feature>
<Feature>
  <Name className="java.lang.String">text</Name>
  <Value className="java.lang.String">wound healing</Value>
</Feature>
<Feature>
  <Name className="java.lang.String">ID</Name>
  <Value className="java.lang.String">DEB_ont.WoundHealing</Value>
</Feature>
<Feature>
  <Name className="java.lang.String">PrefSynonym</Name>
  <Value className="java.lang.String">wound healing</Value>
</Feature>
</Annotation>
<Annotation Id="692" Type="Structure" StartNode="200" EndNode="204">
<Feature>
  <Name className="java.lang.String">original_lemma</Name>
  <Value className="java.lang.String">glue</Value>
</Feature>
<Feature>
  <Name className="java.lang.String">SOURCE</Name>
  <Value className="java.lang.String">DEB_ONTOLOGY</Value>
</Feature>
<Feature>
  <Name className="java.lang.String">LABEL</Name>
  <Value className="java.lang.String">Structure</Value>
</Feature>
<Feature>
  <Name className="java.lang.String">lemma</Name>
  <Value className="java.lang.String">glue</Value>
</Feature>
<Feature>
  <Name className="java.lang.String">text</Name>
  <Value className="java.lang.String">glue</Value>
</Feature>
<Feature>
  <Name className="java.lang.String">ID</Name>
  <Value className="java.lang.String">DEB_ont.Glue</Value>
</Feature>
<Feature>
  <Name className="java.lang.String">PrefSynonym</Name>
  <Value className="java.lang.String">glue</Value>
</Feature>
</Annotation>
<Annotation Id="693" Type="MaterialProcessing" StartNode="254" EndNode="265">
<Feature>
  <Name className="java.lang.String">original_lemma</Name>
  <Value className="java.lang.String">polymerize</Value>
</Feature>
<Feature>
  <Name className="java.lang.String">SOURCE</Name>
  <Value className="java.lang.String">DEB_ONTOLOGY</Value>
</Feature>
<Feature>
  <Name className="java.lang.String">LABEL</Name>
  <Value className="java.lang.String">MaterialProcessing</Value>
</Feature>
<Feature>
  <Name className="java.lang.String">lemma</Name>
  <Value className="java.lang.String">polymerize</Value>
</Feature>
<Feature>
  <Name className="java.lang.String">text</Name>
  <Value className="java.lang.String">polymerized</Value>
</Feature>
<Feature>
  <Name className="java.lang.String">ID</Name>
  <Value className="java.lang.String">deb_ont.polymerized</Value>
</Feature>
<Feature>
  <Name className="java.lang.String">PrefSynonym</Name>
  <Value className="java.lang.String">polymerization</Value>
</Feature>
</Annotation>
<Annotation Id="694" Type="Structure" StartNode="364" EndNode="368">
<Feature>
  <Name className="java.lang.String">original_lemma</Name>
  <Value className="java.lang.String">glue</Value>
</Feature>
<Feature>
  <Name className="java.lang.String">SOURCE</Name>
  <Value className="java.lang.String">DEB_ONTOLOGY</Value>
</Feature>
<Feature>
  <Name className="java.lang.String">LABEL</Name>
  <Value className="java.lang.String">Structure</Value>
</Feature>
<Feature>
  <Name className="java.lang.String">lemma</Name>
  <Value className="java.lang.String">glue</Value>
</Feature>
<Feature>
  <Name className="java.lang.String">text</Name>
  <Value className="java.lang.String">glue</Value>
</Feature>
<Feature>
  <Name className="java.lang.String">ID</Name>
  <Value className="java.lang.String">DEB_ont.Glue</Value>
</Feature>
<Feature>
  <Name className="java.lang.String">PrefSynonym</Name>
  <Value className="java.lang.String">glue</Value>
</Feature>
</Annotation>
<Annotation Id="695" Type="AdverseEffects" StartNode="410" EndNode="422">
<Feature>
  <Name className="java.lang.String">original_lemma</Name>
  <Value className="java.lang.String">cytotoxicity</Value>
</Feature>
<Feature>
  <Name className="java.lang.String">SOURCE</Name>
  <Value className="java.lang.String">DEB_ONTOLOGY</Value>
</Feature>
<Feature>
  <Name className="java.lang.String">LABEL</Name>
  <Value className="java.lang.String">AdverseEffects</Value>
</Feature>
<Feature>
  <Name className="java.lang.String">lemma</Name>
  <Value className="java.lang.String">cytotoxicity</Value>
</Feature>
<Feature>
  <Name className="java.lang.String">text</Name>
  <Value className="java.lang.String">cytotoxicity</Value>
</Feature>
<Feature>
  <Name className="java.lang.String">ID</Name>
  <Value className="java.lang.String">DEB_ont.Cytotoxicity</Value>
</Feature>
<Feature>
  <Name className="java.lang.String">PrefSynonym</Name>
  <Value className="java.lang.String">cytotoxicity</Value>
</Feature>
</Annotation>
<Annotation Id="696" Type="DegradationFeatures" StartNode="463" EndNode="474">
<Feature>
  <Name className="java.lang.String">original_lemma</Name>
  <Value className="java.lang.String">degradation</Value>
</Feature>
<Feature>
  <Name className="java.lang.String">SOURCE</Name>
  <Value className="java.lang.String">DEB_ONTOLOGY</Value>
</Feature>
<Feature>
  <Name className="java.lang.String">LABEL</Name>
  <Value className="java.lang.String">ManufacturedObjectFeatures</Value>
</Feature>
<Feature>
  <Name className="java.lang.String">lemma</Name>
  <Value className="java.lang.String">degradation</Value>
</Feature>
<Feature>
  <Name className="java.lang.String">text</Name>
  <Value className="java.lang.String">degradation</Value>
</Feature>
<Feature>
  <Name className="java.lang.String">ID</Name>
  <Value className="java.lang.String">DEB_ont.Degradability</Value>
</Feature>
<Feature>
  <Name className="java.lang.String">PrefSynonym</Name>
  <Value className="java.lang.String">degradability</Value>
</Feature>
</Annotation>
<Annotation Id="697" Type="AdverseEffects" StartNode="525" EndNode="537">
<Feature>
  <Name className="java.lang.String">original_lemma</Name>
  <Value className="java.lang.String">cytotoxicity</Value>
</Feature>
<Feature>
  <Name className="java.lang.String">SOURCE</Name>
  <Value className="java.lang.String">DEB_ONTOLOGY</Value>
</Feature>
<Feature>
  <Name className="java.lang.String">LABEL</Name>
  <Value className="java.lang.String">AdverseEffects</Value>
</Feature>
<Feature>
  <Name className="java.lang.String">lemma</Name>
  <Value className="java.lang.String">cytotoxicity</Value>
</Feature>
<Feature>
  <Name className="java.lang.String">text</Name>
  <Value className="java.lang.String">cytotoxicity</Value>
</Feature>
<Feature>
  <Name className="java.lang.String">ID</Name>
  <Value className="java.lang.String">DEB_ont.Cytotoxicity</Value>
</Feature>
<Feature>
  <Name className="java.lang.String">PrefSynonym</Name>
  <Value className="java.lang.String">cytotoxicity</Value>
</Feature>
</Annotation>
<Annotation Id="698" Type="Structure" StartNode="553" EndNode="557">
<Feature>
  <Name className="java.lang.String">original_lemma</Name>
  <Value className="java.lang.String">glue</Value>
</Feature>
<Feature>
  <Name className="java.lang.String">SOURCE</Name>
  <Value className="java.lang.String">DEB_ONTOLOGY</Value>
</Feature>
<Feature>
  <Name className="java.lang.String">LABEL</Name>
  <Value className="java.lang.String">Structure</Value>
</Feature>
<Feature>
  <Name className="java.lang.String">lemma</Name>
  <Value className="java.lang.String">glue</Value>
</Feature>
<Feature>
  <Name className="java.lang.String">text</Name>
  <Value className="java.lang.String">glue</Value>
</Feature>
<Feature>
  <Name className="java.lang.String">ID</Name>
  <Value className="java.lang.String">DEB_ont.Glue</Value>
</Feature>
<Feature>
  <Name className="java.lang.String">PrefSynonym</Name>
  <Value className="java.lang.String">glue</Value>
</Feature>
</Annotation>
<Annotation Id="699" Type="Tissue" StartNode="775" EndNode="779">
<Feature>
  <Name className="java.lang.String">original_lemma</Name>
  <Value className="java.lang.String">skin</Value>
</Feature>
<Feature>
  <Name className="java.lang.String">SOURCE</Name>
  <Value className="java.lang.String">NCIT</Value>
</Feature>
<Feature>
  <Name className="java.lang.String">LABEL</Name>
  <Value className="java.lang.String">Tissue</Value>
</Feature>
<Feature>
  <Name className="java.lang.String">lemma</Name>
  <Value className="java.lang.String">skin</Value>
</Feature>
<Feature>
  <Name className="java.lang.String">text</Name>
  <Value className="java.lang.String">skin</Value>
</Feature>
<Feature>
  <Name className="java.lang.String">ID</Name>
  <Value className="java.lang.String">ncit.C12470</Value>
</Feature>
<Feature>
  <Name className="java.lang.String">PrefSynonym</Name>
  <Value className="java.lang.String">skin</Value>
</Feature>
</Annotation>
<Annotation Id="700" Type="Species" StartNode="799" EndNode="802">
<Feature>
  <Name className="java.lang.String">original_lemma</Name>
  <Value className="java.lang.String">rat</Value>
</Feature>
<Feature>
  <Name className="java.lang.String">SOURCE</Name>
  <Value className="java.lang.String">NCIT</Value>
</Feature>
<Feature>
  <Name className="java.lang.String">LABEL</Name>
  <Value className="java.lang.String">Species</Value>
</Feature>
<Feature>
  <Name className="java.lang.String">lemma</Name>
  <Value className="java.lang.String">rat</Value>
</Feature>
<Feature>
  <Name className="java.lang.String">text</Name>
  <Value className="java.lang.String">rat</Value>
</Feature>
<Feature>
  <Name className="java.lang.String">ID</Name>
  <Value className="java.lang.String">ncit.C160998</Value>
</Feature>
<Feature>
  <Name className="java.lang.String">PrefSynonym</Name>
  <Value className="java.lang.String">rat</Value>
</Feature>
</Annotation>
<Annotation Id="701" Type="Structure" StartNode="853" EndNode="857">
<Feature>
  <Name className="java.lang.String">original_lemma</Name>
  <Value className="java.lang.String">glue</Value>
</Feature>
<Feature>
  <Name className="java.lang.String">SOURCE</Name>
  <Value className="java.lang.String">DEB_ONTOLOGY</Value>
</Feature>
<Feature>
  <Name className="java.lang.String">LABEL</Name>
  <Value className="java.lang.String">Structure</Value>
</Feature>
<Feature>
  <Name className="java.lang.String">lemma</Name>
  <Value className="java.lang.String">glue</Value>
</Feature>
<Feature>
  <Name className="java.lang.String">text</Name>
  <Value className="java.lang.String">glue</Value>
</Feature>
<Feature>
  <Name className="java.lang.String">ID</Name>
  <Value className="java.lang.String">DEB_ont.Glue</Value>
</Feature>
<Feature>
  <Name className="java.lang.String">PrefSynonym</Name>
  <Value className="java.lang.String">glue</Value>
</Feature>
</Annotation>
<Annotation Id="702" Type="DegradationFeatures" StartNode="865" EndNode="875">
<Feature>
  <Name className="java.lang.String">original_lemma</Name>
  <Value className="java.lang.String">resorbable</Value>
</Feature>
<Feature>
  <Name className="java.lang.String">SOURCE</Name>
  <Value className="java.lang.String">DEB_ONTOLOGY</Value>
</Feature>
<Feature>
  <Name className="java.lang.String">LABEL</Name>
  <Value className="java.lang.String">ManufacturedObjectFeatures</Value>
</Feature>
<Feature>
  <Name className="java.lang.String">lemma</Name>
  <Value className="java.lang.String">resorbable</Value>
</Feature>
<Feature>
  <Name className="java.lang.String">text</Name>
  <Value className="java.lang.String">resorbable</Value>
</Feature>
<Feature>
  <Name className="java.lang.String">ID</Name>
  <Value className="java.lang.String">deb_ont.resorbable</Value>
</Feature>
<Feature>
  <Name className="java.lang.String">PrefSynonym</Name>
  <Value className="java.lang.String">resorption</Value>
</Feature>
</Annotation>
<Annotation Id="703" Type="ManufacturedObject" StartNode="876" EndNode="882">
<Feature>
  <Name className="java.lang.String">original_lemma</Name>
  <Value className="java.lang.String">suture</Value>
</Feature>
<Feature>
  <Name className="java.lang.String">SOURCE</Name>
  <Value className="java.lang.String">DEB_ONTOLOGY</Value>
</Feature>
<Feature>
  <Name className="java.lang.String">LABEL</Name>
  <Value className="java.lang.String">ManufacturedObject</Value>
</Feature>
<Feature>
  <Name className="java.lang.String">lemma</Name>
  <Value className="java.lang.String">suture</Value>
</Feature>
<Feature>
  <Name className="java.lang.String">text</Name>
  <Value className="java.lang.String">suture</Value>
</Feature>
<Feature>
  <Name className="java.lang.String">ID</Name>
  <Value className="java.lang.String">DEB_ont.Suture</Value>
</Feature>
<Feature>
  <Name className="java.lang.String">PrefSynonym</Name>
  <Value className="java.lang.String">suture</Value>
</Feature>
</Annotation>
<Annotation Id="704" Type="Tissue" StartNode="952" EndNode="956">
<Feature>
  <Name className="java.lang.String">original_lemma</Name>
  <Value className="java.lang.String">skin</Value>
</Feature>
<Feature>
  <Name className="java.lang.String">SOURCE</Name>
  <Value className="java.lang.String">NCIT</Value>
</Feature>
<Feature>
  <Name className="java.lang.String">LABEL</Name>
  <Value className="java.lang.String">Tissue</Value>
</Feature>
<Feature>
  <Name className="java.lang.String">lemma</Name>
  <Value className="java.lang.String">skin</Value>
</Feature>
<Feature>
  <Name className="java.lang.String">text</Name>
  <Value className="java.lang.String">skin</Value>
</Feature>
<Feature>
  <Name className="java.lang.String">ID</Name>
  <Value className="java.lang.String">ncit.C12470</Value>
</Feature>
<Feature>
  <Name className="java.lang.String">PrefSynonym</Name>
  <Value className="java.lang.String">skin</Value>
</Feature>
</Annotation>
<Annotation Id="705" Type="Structure" StartNode="1013" EndNode="1018">
<Feature>
  <Name className="java.lang.String">original_lemma</Name>
  <Value className="java.lang.String">glue</Value>
</Feature>
<Feature>
  <Name className="java.lang.String">SOURCE</Name>
  <Value className="java.lang.String">DEB_ONTOLOGY</Value>
</Feature>
<Feature>
  <Name className="java.lang.String">LABEL</Name>
  <Value className="java.lang.String">Structure</Value>
</Feature>
<Feature>
  <Name className="java.lang.String">lemma</Name>
  <Value className="java.lang.String">glue</Value>
</Feature>
<Feature>
  <Name className="java.lang.String">text</Name>
  <Value className="java.lang.String">glues</Value>
</Feature>
<Feature>
  <Name className="java.lang.String">ID</Name>
  <Value className="java.lang.String">DEB_ont.Glue</Value>
</Feature>
<Feature>
  <Name className="java.lang.String">PrefSynonym</Name>
  <Value className="java.lang.String">glue</Value>
</Feature>
</Annotation>
<Annotation Id="706" Type="ManufacturedObject" StartNode="1022" EndNode="1028">
<Feature>
  <Name className="java.lang.String">original_lemma</Name>
  <Value className="java.lang.String">suture</Value>
</Feature>
<Feature>
  <Name className="java.lang.String">SOURCE</Name>
  <Value className="java.lang.String">DEB_ONTOLOGY</Value>
</Feature>
<Feature>
  <Name className="java.lang.String">LABEL</Name>
  <Value className="java.lang.String">ManufacturedObject</Value>
</Feature>
<Feature>
  <Name className="java.lang.String">lemma</Name>
  <Value className="java.lang.String">suture</Value>
</Feature>
<Feature>
  <Name className="java.lang.String">text</Name>
  <Value className="java.lang.String">suture</Value>
</Feature>
<Feature>
  <Name className="java.lang.String">ID</Name>
  <Value className="java.lang.String">DEB_ont.Suture</Value>
</Feature>
<Feature>
  <Name className="java.lang.String">PrefSynonym</Name>
  <Value className="java.lang.String">suture</Value>
</Feature>
</Annotation>
<Annotation Id="707" Type="Structure" StartNode="1124" EndNode="1129">
<Feature>
  <Name className="java.lang.String">original_lemma</Name>
  <Value className="java.lang.String">glue</Value>
</Feature>
<Feature>
  <Name className="java.lang.String">SOURCE</Name>
  <Value className="java.lang.String">DEB_ONTOLOGY</Value>
</Feature>
<Feature>
  <Name className="java.lang.String">LABEL</Name>
  <Value className="java.lang.String">Structure</Value>
</Feature>
<Feature>
  <Name className="java.lang.String">lemma</Name>
  <Value className="java.lang.String">glue</Value>
</Feature>
<Feature>
  <Name className="java.lang.String">text</Name>
  <Value className="java.lang.String">glues</Value>
</Feature>
<Feature>
  <Name className="java.lang.String">ID</Name>
  <Value className="java.lang.String">DEB_ont.Glue</Value>
</Feature>
<Feature>
  <Name className="java.lang.String">PrefSynonym</Name>
  <Value className="java.lang.String">glue</Value>
</Feature>
</Annotation>
<Annotation Id="708" Type="ManufacturedObject" StartNode="1133" EndNode="1139">
<Feature>
  <Name className="java.lang.String">original_lemma</Name>
  <Value className="java.lang.String">suture</Value>
</Feature>
<Feature>
  <Name className="java.lang.String">SOURCE</Name>
  <Value className="java.lang.String">DEB_ONTOLOGY</Value>
</Feature>
<Feature>
  <Name className="java.lang.String">LABEL</Name>
  <Value className="java.lang.String">ManufacturedObject</Value>
</Feature>
<Feature>
  <Name className="java.lang.String">lemma</Name>
  <Value className="java.lang.String">suture</Value>
</Feature>
<Feature>
  <Name className="java.lang.String">text</Name>
  <Value className="java.lang.String">suture</Value>
</Feature>
<Feature>
  <Name className="java.lang.String">ID</Name>
  <Value className="java.lang.String">DEB_ont.Suture</Value>
</Feature>
<Feature>
  <Name className="java.lang.String">PrefSynonym</Name>
  <Value className="java.lang.String">suture</Value>
</Feature>
</Annotation>
<Annotation Id="709" Type="ManufacturedObject" StartNode="1169" EndNode="1175">
<Feature>
  <Name className="java.lang.String">original_lemma</Name>
  <Value className="java.lang.String">suture</Value>
</Feature>
<Feature>
  <Name className="java.lang.String">SOURCE</Name>
  <Value className="java.lang.String">DEB_ONTOLOGY</Value>
</Feature>
<Feature>
  <Name className="java.lang.String">LABEL</Name>
  <Value className="java.lang.String">ManufacturedObject</Value>
</Feature>
<Feature>
  <Name className="java.lang.String">lemma</Name>
  <Value className="java.lang.String">suture</Value>
</Feature>
<Feature>
  <Name className="java.lang.String">text</Name>
  <Value className="java.lang.String">suture</Value>
</Feature>
<Feature>
  <Name className="java.lang.String">ID</Name>
  <Value className="java.lang.String">DEB_ont.Suture</Value>
</Feature>
<Feature>
  <Name className="java.lang.String">PrefSynonym</Name>
  <Value className="java.lang.String">suture</Value>
</Feature>
</Annotation>
<Annotation Id="710" Type="Structure" StartNode="1364" EndNode="1369">
<Feature>
  <Name className="java.lang.String">original_lemma</Name>
  <Value className="java.lang.String">glue</Value>
</Feature>
<Feature>
  <Name className="java.lang.String">SOURCE</Name>
  <Value className="java.lang.String">DEB_ONTOLOGY</Value>
</Feature>
<Feature>
  <Name className="java.lang.String">LABEL</Name>
  <Value className="java.lang.String">Structure</Value>
</Feature>
<Feature>
  <Name className="java.lang.String">lemma</Name>
  <Value className="java.lang.String">glue</Value>
</Feature>
<Feature>
  <Name className="java.lang.String">text</Name>
  <Value className="java.lang.String">glues</Value>
</Feature>
<Feature>
  <Name className="java.lang.String">ID</Name>
  <Value className="java.lang.String">DEB_ont.Glue</Value>
</Feature>
<Feature>
  <Name className="java.lang.String">PrefSynonym</Name>
  <Value className="java.lang.String">glue</Value>
</Feature>
</Annotation>
<Annotation Id="711" Type="Structure" StartNode="1487" EndNode="1491">
<Feature>
  <Name className="java.lang.String">original_lemma</Name>
  <Value className="java.lang.String">glue</Value>
</Feature>
<Feature>
  <Name className="java.lang.String">SOURCE</Name>
  <Value className="java.lang.String">DEB_ONTOLOGY</Value>
</Feature>
<Feature>
  <Name className="java.lang.String">LABEL</Name>
  <Value className="java.lang.String">Structure</Value>
</Feature>
<Feature>
  <Name className="java.lang.String">lemma</Name>
  <Value className="java.lang.String">glue</Value>
</Feature>
<Feature>
  <Name className="java.lang.String">text</Name>
  <Value className="java.lang.String">glue</Value>
</Feature>
<Feature>
  <Name className="java.lang.String">ID</Name>
  <Value className="java.lang.String">DEB_ont.Glue</Value>
</Feature>
<Feature>
  <Name className="java.lang.String">PrefSynonym</Name>
  <Value className="java.lang.String">glue</Value>
</Feature>
</Annotation>
<Annotation Id="712" Type="ManufacturedObject" StartNode="1521" EndNode="1527">
<Feature>
  <Name className="java.lang.String">original_lemma</Name>
  <Value className="java.lang.String">suture</Value>
</Feature>
<Feature>
  <Name className="java.lang.String">SOURCE</Name>
  <Value className="java.lang.String">DEB_ONTOLOGY</Value>
</Feature>
<Feature>
  <Name className="java.lang.String">LABEL</Name>
  <Value className="java.lang.String">ManufacturedObject</Value>
</Feature>
<Feature>
  <Name className="java.lang.String">lemma</Name>
  <Value className="java.lang.String">suture</Value>
</Feature>
<Feature>
  <Name className="java.lang.String">text</Name>
  <Value className="java.lang.String">suture</Value>
</Feature>
<Feature>
  <Name className="java.lang.String">ID</Name>
  <Value className="java.lang.String">DEB_ont.Suture</Value>
</Feature>
<Feature>
  <Name className="java.lang.String">PrefSynonym</Name>
  <Value className="java.lang.String">suture</Value>
</Feature>
</Annotation>
<Annotation Id="713" Type="Structure" StartNode="1585" EndNode="1590">
<Feature>
  <Name className="java.lang.String">original_lemma</Name>
  <Value className="java.lang.String">glue</Value>
</Feature>
<Feature>
  <Name className="java.lang.String">SOURCE</Name>
  <Value className="java.lang.String">DEB_ONTOLOGY</Value>
</Feature>
<Feature>
  <Name className="java.lang.String">LABEL</Name>
  <Value className="java.lang.String">Structure</Value>
</Feature>
<Feature>
  <Name className="java.lang.String">lemma</Name>
  <Value className="java.lang.String">glue</Value>
</Feature>
<Feature>
  <Name className="java.lang.String">text</Name>
  <Value className="java.lang.String">glues</Value>
</Feature>
<Feature>
  <Name className="java.lang.String">ID</Name>
  <Value className="java.lang.String">DEB_ont.Glue</Value>
</Feature>
<Feature>
  <Name className="java.lang.String">PrefSynonym</Name>
  <Value className="java.lang.String">glue</Value>
</Feature>
</Annotation>
<Annotation Id="714" Type="Structure" StartNode="1604" EndNode="1609">
<Feature>
  <Name className="java.lang.String">original_lemma</Name>
  <Value className="java.lang.String">glue</Value>
</Feature>
<Feature>
  <Name className="java.lang.String">SOURCE</Name>
  <Value className="java.lang.String">DEB_ONTOLOGY</Value>
</Feature>
<Feature>
  <Name className="java.lang.String">LABEL</Name>
  <Value className="java.lang.String">Structure</Value>
</Feature>
<Feature>
  <Name className="java.lang.String">lemma</Name>
  <Value className="java.lang.String">glue</Value>
</Feature>
<Feature>
  <Name className="java.lang.String">text</Name>
  <Value className="java.lang.String">glues</Value>
</Feature>
<Feature>
  <Name className="java.lang.String">ID</Name>
  <Value className="java.lang.String">DEB_ont.Glue</Value>
</Feature>
<Feature>
  <Name className="java.lang.String">PrefSynonym</Name>
  <Value className="java.lang.String">glue</Value>
</Feature>
</Annotation>
<Annotation Id="715" Type="Structure" StartNode="1675" EndNode="1680">
<Feature>
  <Name className="java.lang.String">original_lemma</Name>
  <Value className="java.lang.String">glue</Value>
</Feature>
<Feature>
  <Name className="java.lang.String">SOURCE</Name>
  <Value className="java.lang.String">DEB_ONTOLOGY</Value>
</Feature>
<Feature>
  <Name className="java.lang.String">LABEL</Name>
  <Value className="java.lang.String">Structure</Value>
</Feature>
<Feature>
  <Name className="java.lang.String">lemma</Name>
  <Value className="java.lang.String">glue</Value>
</Feature>
<Feature>
  <Name className="java.lang.String">text</Name>
  <Value className="java.lang.String">glues</Value>
</Feature>
<Feature>
  <Name className="java.lang.String">ID</Name>
  <Value className="java.lang.String">DEB_ont.Glue</Value>
</Feature>
<Feature>
  <Name className="java.lang.String">PrefSynonym</Name>
  <Value className="java.lang.String">glue</Value>
</Feature>
</Annotation>
<Annotation Id="716" Type="AdverseEffects" StartNode="1694" EndNode="1715">
<Feature>
  <Name className="java.lang.String">original_lemma</Name>
  <Value className="java.lang.String">inflammatory response</Value>
</Feature>
<Feature>
  <Name className="java.lang.String">SOURCE</Name>
  <Value className="java.lang.String">DEB_ONTOLOGY</Value>
</Feature>
<Feature>
  <Name className="java.lang.String">LABEL</Name>
  <Value className="java.lang.String">AdverseEffects</Value>
</Feature>
<Feature>
  <Name className="java.lang.String">lemma</Name>
  <Value className="java.lang.String">inflammatory response</Value>
</Feature>
<Feature>
  <Name className="java.lang.String">text</Name>
  <Value className="java.lang.String">inflammatory response</Value>
</Feature>
<Feature>
  <Name className="java.lang.String">ID</Name>
  <Value className="java.lang.String">DEB_ont.InflammatoryReaction</Value>
</Feature>
<Feature>
  <Name className="java.lang.String">PrefSynonym</Name>
  <Value className="java.lang.String">inflammatory reaction</Value>
</Feature>
</Annotation>
<Annotation Id="717" Type="Structure" StartNode="1788" EndNode="1792">
<Feature>
  <Name className="java.lang.String">original_lemma</Name>
  <Value className="java.lang.String">glue</Value>
</Feature>
<Feature>
  <Name className="java.lang.String">SOURCE</Name>
  <Value className="java.lang.String">DEB_ONTOLOGY</Value>
</Feature>
<Feature>
  <Name className="java.lang.String">LABEL</Name>
  <Value className="java.lang.String">Structure</Value>
</Feature>
<Feature>
  <Name className="java.lang.String">lemma</Name>
  <Value className="java.lang.String">glue</Value>
</Feature>
<Feature>
  <Name className="java.lang.String">text</Name>
  <Value className="java.lang.String">glue</Value>
</Feature>
<Feature>
  <Name className="java.lang.String">ID</Name>
  <Value className="java.lang.String">DEB_ont.Glue</Value>
</Feature>
<Feature>
  <Name className="java.lang.String">PrefSynonym</Name>
  <Value className="java.lang.String">glue</Value>
</Feature>
</Annotation>
<Annotation Id="718" Type="EffectOnBiologicalSystem" StartNode="1818" EndNode="1834">
<Feature>
  <Name className="java.lang.String">original_lemma</Name>
  <Value className="java.lang.String">biocompatibility</Value>
</Feature>
<Feature>
  <Name className="java.lang.String">SOURCE</Name>
  <Value className="java.lang.String">DEB_ONTOLOGY</Value>
</Feature>
<Feature>
  <Name className="java.lang.String">LABEL</Name>
  <Value className="java.lang.String">EffectOnBiologicalSystem</Value>
</Feature>
<Feature>
  <Name className="java.lang.String">lemma</Name>
  <Value className="java.lang.String">biocompatibility</Value>
</Feature>
<Feature>
  <Name className="java.lang.String">text</Name>
  <Value className="java.lang.String">biocompatibility</Value>
</Feature>
<Feature>
  <Name className="java.lang.String">ID</Name>
  <Value className="java.lang.String">DEB_ont.Biocompatibility</Value>
</Feature>
<Feature>
  <Name className="java.lang.String">PrefSynonym</Name>
  <Value className="java.lang.String">biocompatibility</Value>
</Feature>
</Annotation>
<Annotation Id="719" Type="Structure" StartNode="1880" EndNode="1885">
<Feature>
  <Name className="java.lang.String">original_lemma</Name>
  <Value className="java.lang.String">glue</Value>
</Feature>
<Feature>
  <Name className="java.lang.String">SOURCE</Name>
  <Value className="java.lang.String">DEB_ONTOLOGY</Value>
</Feature>
<Feature>
  <Name className="java.lang.String">LABEL</Name>
  <Value className="java.lang.String">Structure</Value>
</Feature>
<Feature>
  <Name className="java.lang.String">lemma</Name>
  <Value className="java.lang.String">glue</Value>
</Feature>
<Feature>
  <Name className="java.lang.String">text</Name>
  <Value className="java.lang.String">glues</Value>
</Feature>
<Feature>
  <Name className="java.lang.String">ID</Name>
  <Value className="java.lang.String">DEB_ont.Glue</Value>
</Feature>
<Feature>
  <Name className="java.lang.String">PrefSynonym</Name>
  <Value className="java.lang.String">glue</Value>
</Feature>
</Annotation>
<Annotation Id="720" Type="Structure" StartNode="1932" EndNode="1936">
<Feature>
  <Name className="java.lang.String">original_lemma</Name>
  <Value className="java.lang.String">glue</Value>
</Feature>
<Feature>
  <Name className="java.lang.String">SOURCE</Name>
  <Value className="java.lang.String">DEB_ONTOLOGY</Value>
</Feature>
<Feature>
  <Name className="java.lang.String">LABEL</Name>
  <Value className="java.lang.String">Structure</Value>
</Feature>
<Feature>
  <Name className="java.lang.String">lemma</Name>
  <Value className="java.lang.String">glue</Value>
</Feature>
<Feature>
  <Name className="java.lang.String">text</Name>
  <Value className="java.lang.String">glue</Value>
</Feature>
<Feature>
  <Name className="java.lang.String">ID</Name>
  <Value className="java.lang.String">DEB_ont.Glue</Value>
</Feature>
<Feature>
  <Name className="java.lang.String">PrefSynonym</Name>
  <Value className="java.lang.String">glue</Value>
</Feature>
</Annotation>
<Annotation Id="721" Type="Structure" StartNode="2091" EndNode="2096">
<Feature>
  <Name className="java.lang.String">original_lemma</Name>
  <Value className="java.lang.String">glue</Value>
</Feature>
<Feature>
  <Name className="java.lang.String">SOURCE</Name>
  <Value className="java.lang.String">DEB_ONTOLOGY</Value>
</Feature>
<Feature>
  <Name className="java.lang.String">LABEL</Name>
  <Value className="java.lang.String">Structure</Value>
</Feature>
<Feature>
  <Name className="java.lang.String">lemma</Name>
  <Value className="java.lang.String">glue</Value>
</Feature>
<Feature>
  <Name className="java.lang.String">text</Name>
  <Value className="java.lang.String">glues</Value>
</Feature>
<Feature>
  <Name className="java.lang.String">ID</Name>
  <Value className="java.lang.String">DEB_ont.Glue</Value>
</Feature>
<Feature>
  <Name className="java.lang.String">PrefSynonym</Name>
  <Value className="java.lang.String">glue</Value>
</Feature>
</Annotation>
<Annotation Id="722" Type="Species" StartNode="2113" EndNode="2118">
<Feature>
  <Name className="java.lang.String">original_lemma</Name>
  <Value className="java.lang.String">human</Value>
</Feature>
<Feature>
  <Name className="java.lang.String">SOURCE</Name>
  <Value className="java.lang.String">NCIT</Value>
</Feature>
<Feature>
  <Name className="java.lang.String">LABEL</Name>
  <Value className="java.lang.String">Species</Value>
</Feature>
<Feature>
  <Name className="java.lang.String">lemma</Name>
  <Value className="java.lang.String">human</Value>
</Feature>
<Feature>
  <Name className="java.lang.String">text</Name>
  <Value className="java.lang.String">human</Value>
</Feature>
<Feature>
  <Name className="java.lang.String">ID</Name>
  <Value className="java.lang.String">ncit.C14225</Value>
</Feature>
<Feature>
  <Name className="java.lang.String">PrefSynonym</Name>
  <Value className="java.lang.String">human</Value>
</Feature>
</Annotation>
<Annotation Id="723" Type="MedicalApplication" StartNode="2119" EndNode="2131">
<Feature>
  <Name className="java.lang.String">original_lemma</Name>
  <Value className="java.lang.String">skin closure</Value>
</Feature>
<Feature>
  <Name className="java.lang.String">SOURCE</Name>
  <Value className="java.lang.String">DEB_ONTOLOGY</Value>
</Feature>
<Feature>
  <Name className="java.lang.String">LABEL</Name>
  <Value className="java.lang.String">MedicalApplication</Value>
</Feature>
<Feature>
  <Name className="java.lang.String">lemma</Name>
  <Value className="java.lang.String">skin closure</Value>
</Feature>
<Feature>
  <Name className="java.lang.String">text</Name>
  <Value className="java.lang.String">skin
closure</Value>
</Feature>
<Feature>
  <Name className="java.lang.String">ID</Name>
  <Value className="java.lang.String">DEB_ont.SkinClosure</Value>
</Feature>
<Feature>
  <Name className="java.lang.String">PrefSynonym</Name>
  <Value className="java.lang.String">skin closure</Value>
</Feature>
</Annotation>
<Annotation Id="724" Type="MedicalApplication" StartNode="46" EndNode="57">
</Annotation>
<Annotation Id="725" Type="MedicalApplication" StartNode="121" EndNode="131">
</Annotation>
<Annotation Id="726" Type="Biomaterial" StartNode="158" EndNode="161">
</Annotation>
<Annotation Id="727" Type="Biomaterial" StartNode="360" EndNode="363">
</Annotation>
<Annotation Id="728" Type="Biomaterial" StartNode="549" EndNode="552">
</Annotation>
<Annotation Id="729" Type="MaterialProcessing" StartNode="590" EndNode="603">
</Annotation>
<Annotation Id="730" Type="MaterialProcessing" StartNode="727" EndNode="737">
</Annotation>
<Annotation Id="731" Type="MedicalApplication" StartNode="775" EndNode="793">
</Annotation>
<Annotation Id="732" Type="MaterialProcessing" StartNode="823" EndNode="835">
</Annotation>
<Annotation Id="733" Type="Biomaterial" StartNode="849" EndNode="852">
</Annotation>
<Annotation Id="734" Type="EffectOnBiologicalSystem" StartNode="1073" EndNode="1080">
</Annotation>
<Annotation Id="735" Type="MedicalApplication" StartNode="1100" EndNode="1106">
</Annotation>
<Annotation Id="736" Type="AssociatedBiologicalProcess" StartNode="1150" EndNode="1163">
</Annotation>
<Annotation Id="737" Type="DegradationFeatures" StartNode="1209" EndNode="1217">
</Annotation>
<Annotation Id="738" Type="MedicalApplication" StartNode="1225" EndNode="1230">
</Annotation>
<Annotation Id="739" Type="DegradationFeatures" StartNode="1315" EndNode="1321">
</Annotation>
<Annotation Id="740" Type="MaterialProcessing" StartNode="1351" EndNode="1363">
</Annotation>
<Annotation Id="741" Type="DegradationFeatures" StartNode="1450" EndNode="1456">
</Annotation>
<Annotation Id="742" Type="MaterialProcessing" StartNode="1474" EndNode="1486">
</Annotation>
<Annotation Id="743" Type="EffectOnBiologicalSystem" StartNode="1497" EndNode="1504">
</Annotation>
<Annotation Id="744" Type="MedicalApplication" StartNode="1528" EndNode="1542">
</Annotation>
<Annotation Id="745" Type="MedicalApplication" StartNode="1615" EndNode="1621">
</Annotation>
<Annotation Id="746" Type="MaterialProcessing" StartNode="1662" EndNode="1674">
</Annotation>
<Annotation Id="747" Type="MaterialProcessing" StartNode="1775" EndNode="1787">
</Annotation>
<Annotation Id="748" Type="MaterialProcessing" StartNode="2078" EndNode="2090">
</Annotation>
<Annotation Id="749" Type="ManufacturedObject" StartNode="200" EndNode="204">
</Annotation>
<Annotation Id="750" Type="ManufacturedObject" StartNode="364" EndNode="368">
</Annotation>
<Annotation Id="751" Type="ManufacturedObject" StartNode="553" EndNode="557">
</Annotation>
<Annotation Id="752" Type="ManufacturedObject" StartNode="853" EndNode="857">
</Annotation>
<Annotation Id="753" Type="ManufacturedObject" StartNode="1013" EndNode="1018">
</Annotation>
<Annotation Id="754" Type="ManufacturedObject" StartNode="1124" EndNode="1129">
</Annotation>
<Annotation Id="755" Type="ManufacturedObject" StartNode="1364" EndNode="1369">
</Annotation>
<Annotation Id="756" Type="ManufacturedObject" StartNode="1487" EndNode="1491">
</Annotation>
<Annotation Id="757" Type="ManufacturedObject" StartNode="1585" EndNode="1590">
</Annotation>
<Annotation Id="758" Type="ManufacturedObject" StartNode="1604" EndNode="1609">
</Annotation>
<Annotation Id="759" Type="ManufacturedObject" StartNode="1675" EndNode="1680">
</Annotation>
<Annotation Id="760" Type="ManufacturedObject" StartNode="1788" EndNode="1792">
</Annotation>
<Annotation Id="761" Type="ManufacturedObject" StartNode="1880" EndNode="1885">
</Annotation>
<Annotation Id="762" Type="ManufacturedObject" StartNode="1932" EndNode="1936">
</Annotation>
<Annotation Id="763" Type="ManufacturedObject" StartNode="2091" EndNode="2096">
</Annotation>
<Annotation Id="764" Type="ManufacturedObject" StartNode="2119" EndNode="2123">
</Annotation>
<Annotation Id="765" Type="Tissue" StartNode="2119" EndNode="2123">
</Annotation>
<Annotation Id="766" Type="Biomaterial" StartNode="5" EndNode="12">
</Annotation>
<Annotation Id="767" Type="Biomaterial" StartNode="163" EndNode="170">
</Annotation>
</AnnotationSet>

<!-- Named annotation set -->

<AnnotationSet Name="Original markups">
<Annotation Id="0" Type="paragraph" StartNode="0" EndNode="2133">
</Annotation>
</AnnotationSet>

</GateDocument>
