<?xml version='1.0' encoding='UTF-8'?>
<GateDocument version="3">
<!-- The document's features-->

<GateDocumentFeatures>
<Feature>
  <Name className="java.lang.String">gate.SourceURL</Name>
  <Value className="java.lang.String">file:/home/jcorvi/projects/debbie/DEBBIE_pipeline/work/df/a8b715387fe9ca0cf0796364e67a01/test_set/10811307.txt</Value>
</Feature>
<Feature>
  <Name className="java.lang.String">MimeType</Name>
  <Value className="java.lang.String">text/plain</Value>
</Feature>
<Feature>
  <Name className="java.lang.String">docNewLineType</Name>
  <Value className="java.lang.String">LF</Value>
</Feature>
</GateDocumentFeatures>
<!-- The document content area with serialized nodes -->

<TextWithNodes><Node id="0"/>2000 Jun
Effect of <Node id="19"/>heat treatment<Node id="33"/> of <Node id="37"/>poly L lactide<Node id="51"/>  on the response of <Node id="72"/>osteoblast<Node id="82"/> like
<Node id="88"/>MC3T3 <Node id="94"/>E1 cells<Node id="102"/>.
P <Node id="106"/>Poly L lactide<Node id="120"/>   <Node id="123"/>PLLA<Node id="127"/>  products are <Node id="142"/>molded<Node id="148"/> by <Node id="152"/>heat <Node id="157"/>extrusion<Node id="166"/>. These treatments
may change <Node id="196"/>chemical properties<Node id="215"/> and biological response of the <Node id="247"/>PLLA<Node id="251"/> to cells. In
this study, the effect of <Node id="291"/>heat treatment<Node id="305"/> of <Node id="309"/>PLLA<Node id="313"/> on <Node id="317"/>osteoblast<Node id="327"/> <Node id="328"/>proliferation<Node id="341"/> and
<Node id="346"/>differentiation<Node id="361"/> was examined <Node id="375"/>in vitro<Node id="383"/>. <Node id="385"/>Osteoblast<Node id="395"/> like<Node id="400"/> MC3T3 <Node id="407"/>E1 cells<Node id="415"/> were
cultured for 2 weeks on the <Node id="449"/>PLLA<Node id="453"/> subjected to various heating temperature and
time combinations. The protein, <Node id="531"/>DNA<Node id="534"/>, and <Node id="540"/>hydroxyproline<Node id="554"/>  <Node id="556"/>HYP<Node id="559"/>  contents and
<Node id="574"/>alkaline phosphatase<Node id="594"/>  <Node id="596"/>ALP<Node id="599"/>  activity of <Node id="613"/>cells cultured<Node id="627"/> on the untreated
<Node id="645"/>non heated<Node id="655"/>  <Node id="657"/>PLLA<Node id="661"/> with a weight average molecular weight  Mw  of 1,000,000  <Node id="720"/>high
Mw<Node id="727"/> <Node id="728"/>PLLA<Node id="732"/>  were not significantly different from those of <Node id="781"/>cells cultured<Node id="795"/> on <Node id="799"/>glass<Node id="804"/>.
The <Node id="810"/>activation<Node id="820"/> of <Node id="824"/>osteoblast<Node id="834"/> <Node id="835"/>differentiation<Node id="850"/> by the <Node id="858"/>high Mw<Node id="865"/> <Node id="866"/>PLLA<Node id="870"/> was weak. In
contrast, increases in <Node id="907"/>ALP<Node id="910"/> activity and <Node id="924"/>HYP<Node id="927"/> content were found for <Node id="951"/>cells cultured<Node id="965"/>
on the <Node id="973"/>PLLA<Node id="977"/> <Node id="978"/>heated<Node id="984"/> at a high temperature of 200 or 250 degrees C. <Node id="1032"/>Heat treatment<Node id="1046"/>
of <Node id="1050"/>high Mw<Node id="1057"/> <Node id="1058"/>PLLA<Node id="1062"/> increased <Node id="1073"/>differentiation<Node id="1088"/> of <Node id="1092"/>MC3T3 <Node id="1098"/>E1 <Node id="1101"/>cells<Node id="1106"/> cultured<Node id="1115"/> upon it.
Significant <Node id="1137"/>degradation<Node id="1148"/> of <Node id="1152"/>PLLA<Node id="1156"/>  decrease in molecular weight and increase in
molecular weight distribution  were observed following <Node id="1258"/>heat treatment<Node id="1272"/>. The Mw of
<Node id="1284"/>PLLA<Node id="1288"/> decreased from 1,000,000 to below 20,000, and 14.4 microg of L lactic acid
was released from 10 mg of <Node id="1391"/>PLLA<Node id="1395"/> by heating at 250 degrees C. Therefore, the
effect of low Mw chemicals, which were expected to be the<Node id="1497"/> <Node id="1498"/>degradation<Node id="1509"/> products<Node id="1518"/> of
<Node id="1522"/>high Mw<Node id="1529"/> <Node id="1530"/>PLLA<Node id="1534"/> after <Node id="1541"/>heat treatment<Node id="1555"/>, on <Node id="1560"/>MC3T3 <Node id="1566"/>E1 cell<Node id="1573"/> activities was examined.
<Node id="1599"/>Increases in the protein<Node id="1623"/>, <Node id="1625"/>DNA<Node id="1628"/> <Node id="1629"/>and <Node id="1633"/>HYP<Node id="1636"/> amounts<Node id="1644"/> and <Node id="1649"/>ALP<Node id="1652"/> activity<Node id="1661"/> for <Node id="1666"/>cells cultured<Node id="1680"/>
with L lactide or L lactic acid were observed at 100 microg/ml, but not at 10
microg/ml. When the cells were cultured on the <Node id="1806"/>low Mw<Node id="1812"/> <Node id="1813"/>PLLA<Node id="1817"/>  Mw 20,000 , their
biological parameters also increased. Twelve micrograms of L lactic acid released
from 10 mg of the <Node id="1937"/>low Mw<Node id="1943"/> <Node id="1944"/>PLLA<Node id="1948"/> during 2 weeks incubation. The concentration of
L lactic acid in the incubation solution of <Node id="2041"/>low Mw<Node id="2047"/> <Node id="2048"/>PLLA<Node id="2052"/> or <Node id="2056"/>heat treated<Node id="2068"/> <Node id="2069"/>PLLA<Node id="2073"/> was
too small to cause <Node id="2097"/>cell <Node id="2102"/>activation<Node id="2112"/>. These results suggested that increases in
<Node id="2156"/>osteoblast<Node id="2166"/> <Node id="2167"/>differentiation<Node id="2182"/> on the <Node id="2190"/>heat treated<Node id="2202"/> <Node id="2203"/>PLLA<Node id="2207"/> was not to due to soluble
<Node id="2234"/>degradation<Node id="2245"/> chemicals<Node id="2255"/>, such as L lactic acid, rather than the remaining <Node id="2306"/>low Mw<Node id="2312"/>
<Node id="2313"/>PLLA<Node id="2317"/>.
<Node id="2319"/></TextWithNodes>
<!-- The default annotation set -->

<AnnotationSet>
</AnnotationSet>

<!-- Named annotation set -->

<AnnotationSet Name="SYSTEM">
<Annotation Id="828" Type="BiologicallyActiveSubstance" StartNode="540" EndNode="554">
<Feature>
  <Name className="java.lang.String">UMLS_SOURCE_CODE</Name>
  <Value className="java.lang.String">D006909</Value>
</Feature>
<Feature>
  <Name className="java.lang.String">UMLS_SEM_TYPE_STR</Name>
  <Value className="java.lang.String">Amino Acid, Peptide, or Protein</Value>
</Feature>
<Feature>
  <Name className="java.lang.String">UMLS_CUI</Name>
  <Value className="java.lang.String">C0020388</Value>
</Feature>
<Feature>
  <Name className="java.lang.String">original_lemma</Name>
  <Value className="java.lang.String">hydroxyproline</Value>
</Feature>
<Feature>
  <Name className="java.lang.String">UMLS_SOURCE</Name>
  <Value className="java.lang.String">MSH</Value>
</Feature>
<Feature>
  <Name className="java.lang.String">SOURCE</Name>
  <Value className="java.lang.String">UMLS</Value>
</Feature>
<Feature>
  <Name className="java.lang.String">LABEL</Name>
  <Value className="java.lang.String">BiologicallyActiveSubstance</Value>
</Feature>
<Feature>
  <Name className="java.lang.String">lemma</Name>
  <Value className="java.lang.String">hydroxyproline</Value>
</Feature>
<Feature>
  <Name className="java.lang.String">text</Name>
  <Value className="java.lang.String">hydroxyproline</Value>
</Feature>
<Feature>
  <Name className="java.lang.String">PrefSynonym</Name>
  <Value className="java.lang.String">hydroxyproline</Value>
</Feature>
<Feature>
  <Name className="java.lang.String">UMLS_SEM_TYPE</Name>
  <Value className="java.lang.String">T116</Value>
</Feature>
</Annotation>
<Annotation Id="829" Type="BiologicallyActiveSubstance" StartNode="574" EndNode="594">
<Feature>
  <Name className="java.lang.String">UMLS_SOURCE_CODE</Name>
  <Value className="java.lang.String">D000469</Value>
</Feature>
<Feature>
  <Name className="java.lang.String">UMLS_SEM_TYPE_STR</Name>
  <Value className="java.lang.String">Amino Acid, Peptide, or Protein</Value>
</Feature>
<Feature>
  <Name className="java.lang.String">UMLS_CUI</Name>
  <Value className="java.lang.String">C0002059</Value>
</Feature>
<Feature>
  <Name className="java.lang.String">original_lemma</Name>
  <Value className="java.lang.String">alkaline phosphatase</Value>
</Feature>
<Feature>
  <Name className="java.lang.String">UMLS_SOURCE</Name>
  <Value className="java.lang.String">MSH</Value>
</Feature>
<Feature>
  <Name className="java.lang.String">SOURCE</Name>
  <Value className="java.lang.String">UMLS</Value>
</Feature>
<Feature>
  <Name className="java.lang.String">LABEL</Name>
  <Value className="java.lang.String">BiologicallyActiveSubstance</Value>
</Feature>
<Feature>
  <Name className="java.lang.String">lemma</Name>
  <Value className="java.lang.String">alkaline phosphatase</Value>
</Feature>
<Feature>
  <Name className="java.lang.String">text</Name>
  <Value className="java.lang.String">alkaline phosphatase</Value>
</Feature>
<Feature>
  <Name className="java.lang.String">PrefSynonym</Name>
  <Value className="java.lang.String">alkaline phosphatase</Value>
</Feature>
<Feature>
  <Name className="java.lang.String">UMLS_SEM_TYPE</Name>
  <Value className="java.lang.String">T116</Value>
</Feature>
</Annotation>
<Annotation Id="830" Type="Cell" StartNode="72" EndNode="82">
<Feature>
  <Name className="java.lang.String">original_lemma</Name>
  <Value className="java.lang.String">osteoblast</Value>
</Feature>
<Feature>
  <Name className="java.lang.String">SOURCE</Name>
  <Value className="java.lang.String">UBERON</Value>
</Feature>
<Feature>
  <Name className="java.lang.String">LABEL</Name>
  <Value className="java.lang.String">Cell</Value>
</Feature>
<Feature>
  <Name className="java.lang.String">lemma</Name>
  <Value className="java.lang.String">osteoblast</Value>
</Feature>
<Feature>
  <Name className="java.lang.String">text</Name>
  <Value className="java.lang.String">osteoblast</Value>
</Feature>
<Feature>
  <Name className="java.lang.String">ID</Name>
  <Value className="java.lang.String">obo.CL_0000062</Value>
</Feature>
<Feature>
  <Name className="java.lang.String">PrefSynonym</Name>
  <Value className="java.lang.String">osteoblast</Value>
</Feature>
</Annotation>
<Annotation Id="831" Type="Biomaterial" StartNode="123" EndNode="127">
<Feature>
  <Name className="java.lang.String">original_lemma</Name>
  <Value className="java.lang.String">plla</Value>
</Feature>
<Feature>
  <Name className="java.lang.String">SOURCE</Name>
  <Value className="java.lang.String">CHEBI</Value>
</Feature>
<Feature>
  <Name className="java.lang.String">LABEL</Name>
  <Value className="java.lang.String">Biomaterial</Value>
</Feature>
<Feature>
  <Name className="java.lang.String">lemma</Name>
  <Value className="java.lang.String">plla</Value>
</Feature>
<Feature>
  <Name className="java.lang.String">text</Name>
  <Value className="java.lang.String">PLLA</Value>
</Feature>
<Feature>
  <Name className="java.lang.String">ID</Name>
  <Value className="java.lang.String">CHEBI:53408</Value>
</Feature>
<Feature>
  <Name className="java.lang.String">PrefSynonym</Name>
  <Value className="java.lang.String">poly[(s)-lactic acid]</Value>
</Feature>
</Annotation>
<Annotation Id="832" Type="MaterialProcessing" StartNode="157" EndNode="166">
<Feature>
  <Name className="java.lang.String">original_lemma</Name>
  <Value className="java.lang.String">extrusion</Value>
</Feature>
<Feature>
  <Name className="java.lang.String">SOURCE</Name>
  <Value className="java.lang.String">CHMO</Value>
</Feature>
<Feature>
  <Name className="java.lang.String">LABEL</Name>
  <Value className="java.lang.String">MaterialProcessing</Value>
</Feature>
<Feature>
  <Name className="java.lang.String">lemma</Name>
  <Value className="java.lang.String">extrusion</Value>
</Feature>
<Feature>
  <Name className="java.lang.String">text</Name>
  <Value className="java.lang.String">extrusion</Value>
</Feature>
<Feature>
  <Name className="java.lang.String">ID</Name>
  <Value className="java.lang.String">obo.CHMO_0001613</Value>
</Feature>
<Feature>
  <Name className="java.lang.String">PrefSynonym</Name>
  <Value className="java.lang.String">extrusion</Value>
</Feature>
</Annotation>
<Annotation Id="833" Type="ManufacturedObjectFeatures" StartNode="196" EndNode="215">
<Feature>
  <Name className="java.lang.String">original_lemma</Name>
  <Value className="java.lang.String">chemical property</Value>
</Feature>
<Feature>
  <Name className="java.lang.String">SOURCE</Name>
  <Value className="java.lang.String">DEB_ONTOLOGY</Value>
</Feature>
<Feature>
  <Name className="java.lang.String">LABEL</Name>
  <Value className="java.lang.String">ManufacturedObjectFeatures</Value>
</Feature>
<Feature>
  <Name className="java.lang.String">lemma</Name>
  <Value className="java.lang.String">chemical property</Value>
</Feature>
<Feature>
  <Name className="java.lang.String">text</Name>
  <Value className="java.lang.String">chemical properties</Value>
</Feature>
<Feature>
  <Name className="java.lang.String">ID</Name>
  <Value className="java.lang.String">DEB_ont.ChemicalProperty</Value>
</Feature>
<Feature>
  <Name className="java.lang.String">PrefSynonym</Name>
  <Value className="java.lang.String">chemical property</Value>
</Feature>
</Annotation>
<Annotation Id="834" Type="Biomaterial" StartNode="247" EndNode="251">
<Feature>
  <Name className="java.lang.String">original_lemma</Name>
  <Value className="java.lang.String">plla</Value>
</Feature>
<Feature>
  <Name className="java.lang.String">SOURCE</Name>
  <Value className="java.lang.String">CHEBI</Value>
</Feature>
<Feature>
  <Name className="java.lang.String">LABEL</Name>
  <Value className="java.lang.String">Biomaterial</Value>
</Feature>
<Feature>
  <Name className="java.lang.String">lemma</Name>
  <Value className="java.lang.String">plla</Value>
</Feature>
<Feature>
  <Name className="java.lang.String">text</Name>
  <Value className="java.lang.String">PLLA</Value>
</Feature>
<Feature>
  <Name className="java.lang.String">ID</Name>
  <Value className="java.lang.String">CHEBI:53408</Value>
</Feature>
<Feature>
  <Name className="java.lang.String">PrefSynonym</Name>
  <Value className="java.lang.String">poly[(s)-lactic acid]</Value>
</Feature>
</Annotation>
<Annotation Id="835" Type="Biomaterial" StartNode="309" EndNode="313">
<Feature>
  <Name className="java.lang.String">original_lemma</Name>
  <Value className="java.lang.String">plla</Value>
</Feature>
<Feature>
  <Name className="java.lang.String">SOURCE</Name>
  <Value className="java.lang.String">CHEBI</Value>
</Feature>
<Feature>
  <Name className="java.lang.String">LABEL</Name>
  <Value className="java.lang.String">Biomaterial</Value>
</Feature>
<Feature>
  <Name className="java.lang.String">lemma</Name>
  <Value className="java.lang.String">plla</Value>
</Feature>
<Feature>
  <Name className="java.lang.String">text</Name>
  <Value className="java.lang.String">PLLA</Value>
</Feature>
<Feature>
  <Name className="java.lang.String">ID</Name>
  <Value className="java.lang.String">CHEBI:53408</Value>
</Feature>
<Feature>
  <Name className="java.lang.String">PrefSynonym</Name>
  <Value className="java.lang.String">poly[(s)-lactic acid]</Value>
</Feature>
</Annotation>
<Annotation Id="836" Type="Cell" StartNode="317" EndNode="327">
<Feature>
  <Name className="java.lang.String">original_lemma</Name>
  <Value className="java.lang.String">osteoblast</Value>
</Feature>
<Feature>
  <Name className="java.lang.String">SOURCE</Name>
  <Value className="java.lang.String">UBERON</Value>
</Feature>
<Feature>
  <Name className="java.lang.String">LABEL</Name>
  <Value className="java.lang.String">Cell</Value>
</Feature>
<Feature>
  <Name className="java.lang.String">lemma</Name>
  <Value className="java.lang.String">osteoblast</Value>
</Feature>
<Feature>
  <Name className="java.lang.String">text</Name>
  <Value className="java.lang.String">osteoblast</Value>
</Feature>
<Feature>
  <Name className="java.lang.String">ID</Name>
  <Value className="java.lang.String">obo.CL_0000062</Value>
</Feature>
<Feature>
  <Name className="java.lang.String">PrefSynonym</Name>
  <Value className="java.lang.String">osteoblast</Value>
</Feature>
</Annotation>
<Annotation Id="837" Type="AssociatedBiologicalProcess" StartNode="328" EndNode="341">
<Feature>
  <Name className="java.lang.String">original_lemma</Name>
  <Value className="java.lang.String">proliferation</Value>
</Feature>
<Feature>
  <Name className="java.lang.String">SOURCE</Name>
  <Value className="java.lang.String">DEB_ONTOLOGY</Value>
</Feature>
<Feature>
  <Name className="java.lang.String">LABEL</Name>
  <Value className="java.lang.String">AssociatedBiologicalProcess</Value>
</Feature>
<Feature>
  <Name className="java.lang.String">lemma</Name>
  <Value className="java.lang.String">proliferation</Value>
</Feature>
<Feature>
  <Name className="java.lang.String">text</Name>
  <Value className="java.lang.String">proliferation</Value>
</Feature>
<Feature>
  <Name className="java.lang.String">ID</Name>
  <Value className="java.lang.String">DEB_ont.Proliferation</Value>
</Feature>
<Feature>
  <Name className="java.lang.String">PrefSynonym</Name>
  <Value className="java.lang.String">proliferation</Value>
</Feature>
</Annotation>
<Annotation Id="838" Type="AssociatedBiologicalProcess" StartNode="346" EndNode="361">
<Feature>
  <Name className="java.lang.String">original_lemma</Name>
  <Value className="java.lang.String">differentiation</Value>
</Feature>
<Feature>
  <Name className="java.lang.String">SOURCE</Name>
  <Value className="java.lang.String">DEB_ONTOLOGY</Value>
</Feature>
<Feature>
  <Name className="java.lang.String">LABEL</Name>
  <Value className="java.lang.String">AssociatedBiologicalProcess</Value>
</Feature>
<Feature>
  <Name className="java.lang.String">lemma</Name>
  <Value className="java.lang.String">differentiation</Value>
</Feature>
<Feature>
  <Name className="java.lang.String">text</Name>
  <Value className="java.lang.String">differentiation</Value>
</Feature>
<Feature>
  <Name className="java.lang.String">ID</Name>
  <Value className="java.lang.String">DEB_ont.CellularDifferentiation</Value>
</Feature>
<Feature>
  <Name className="java.lang.String">PrefSynonym</Name>
  <Value className="java.lang.String">cellular differentiation</Value>
</Feature>
</Annotation>
<Annotation Id="839" Type="StudyType" StartNode="375" EndNode="383">
<Feature>
  <Name className="java.lang.String">original_lemma</Name>
  <Value className="java.lang.String">in vitro</Value>
</Feature>
<Feature>
  <Name className="java.lang.String">SOURCE</Name>
  <Value className="java.lang.String">DEB_ONTOLOGY</Value>
</Feature>
<Feature>
  <Name className="java.lang.String">LABEL</Name>
  <Value className="java.lang.String">StudyType</Value>
</Feature>
<Feature>
  <Name className="java.lang.String">lemma</Name>
  <Value className="java.lang.String">in vitro</Value>
</Feature>
<Feature>
  <Name className="java.lang.String">text</Name>
  <Value className="java.lang.String">in vitro</Value>
</Feature>
<Feature>
  <Name className="java.lang.String">ID</Name>
  <Value className="java.lang.String">DEB_ont.InVitro</Value>
</Feature>
<Feature>
  <Name className="java.lang.String">PrefSynonym</Name>
  <Value className="java.lang.String">in vitro</Value>
</Feature>
</Annotation>
<Annotation Id="840" Type="Cell" StartNode="385" EndNode="395">
<Feature>
  <Name className="java.lang.String">original_lemma</Name>
  <Value className="java.lang.String">osteoblast</Value>
</Feature>
<Feature>
  <Name className="java.lang.String">SOURCE</Name>
  <Value className="java.lang.String">UBERON</Value>
</Feature>
<Feature>
  <Name className="java.lang.String">LABEL</Name>
  <Value className="java.lang.String">Cell</Value>
</Feature>
<Feature>
  <Name className="java.lang.String">lemma</Name>
  <Value className="java.lang.String">osteoblast</Value>
</Feature>
<Feature>
  <Name className="java.lang.String">text</Name>
  <Value className="java.lang.String">Osteoblast</Value>
</Feature>
<Feature>
  <Name className="java.lang.String">ID</Name>
  <Value className="java.lang.String">obo.CL_0000062</Value>
</Feature>
<Feature>
  <Name className="java.lang.String">PrefSynonym</Name>
  <Value className="java.lang.String">osteoblast</Value>
</Feature>
</Annotation>
<Annotation Id="841" Type="Biomaterial" StartNode="449" EndNode="453">
<Feature>
  <Name className="java.lang.String">original_lemma</Name>
  <Value className="java.lang.String">plla</Value>
</Feature>
<Feature>
  <Name className="java.lang.String">SOURCE</Name>
  <Value className="java.lang.String">CHEBI</Value>
</Feature>
<Feature>
  <Name className="java.lang.String">LABEL</Name>
  <Value className="java.lang.String">Biomaterial</Value>
</Feature>
<Feature>
  <Name className="java.lang.String">lemma</Name>
  <Value className="java.lang.String">plla</Value>
</Feature>
<Feature>
  <Name className="java.lang.String">text</Name>
  <Value className="java.lang.String">PLLA</Value>
</Feature>
<Feature>
  <Name className="java.lang.String">ID</Name>
  <Value className="java.lang.String">CHEBI:53408</Value>
</Feature>
<Feature>
  <Name className="java.lang.String">PrefSynonym</Name>
  <Value className="java.lang.String">poly[(s)-lactic acid]</Value>
</Feature>
</Annotation>
<Annotation Id="842" Type="Biomaterial" StartNode="531" EndNode="534">
<Feature>
  <Name className="java.lang.String">original_lemma</Name>
  <Value className="java.lang.String">dna</Value>
</Feature>
<Feature>
  <Name className="java.lang.String">SOURCE</Name>
  <Value className="java.lang.String">CHEBI</Value>
</Feature>
<Feature>
  <Name className="java.lang.String">LABEL</Name>
  <Value className="java.lang.String">Biomaterial</Value>
</Feature>
<Feature>
  <Name className="java.lang.String">lemma</Name>
  <Value className="java.lang.String">dna</Value>
</Feature>
<Feature>
  <Name className="java.lang.String">text</Name>
  <Value className="java.lang.String">DNA</Value>
</Feature>
<Feature>
  <Name className="java.lang.String">ID</Name>
  <Value className="java.lang.String">CHEBI:16991</Value>
</Feature>
<Feature>
  <Name className="java.lang.String">PrefSynonym</Name>
  <Value className="java.lang.String">deoxyribonucleic acid</Value>
</Feature>
</Annotation>
<Annotation Id="843" Type="ResearchTechnique" StartNode="613" EndNode="627">
<Feature>
  <Name className="java.lang.String">original_lemma</Name>
  <Value className="java.lang.String">cell culture</Value>
</Feature>
<Feature>
  <Name className="java.lang.String">SOURCE</Name>
  <Value className="java.lang.String">NCIT</Value>
</Feature>
<Feature>
  <Name className="java.lang.String">LABEL</Name>
  <Value className="java.lang.String">ResearchTechnique</Value>
</Feature>
<Feature>
  <Name className="java.lang.String">lemma</Name>
  <Value className="java.lang.String">cell culture</Value>
</Feature>
<Feature>
  <Name className="java.lang.String">text</Name>
  <Value className="java.lang.String">cells cultured</Value>
</Feature>
<Feature>
  <Name className="java.lang.String">ID</Name>
  <Value className="java.lang.String">ncit.C16396</Value>
</Feature>
<Feature>
  <Name className="java.lang.String">PrefSynonym</Name>
  <Value className="java.lang.String">cell culture</Value>
</Feature>
</Annotation>
<Annotation Id="844" Type="Biomaterial" StartNode="657" EndNode="661">
<Feature>
  <Name className="java.lang.String">original_lemma</Name>
  <Value className="java.lang.String">plla</Value>
</Feature>
<Feature>
  <Name className="java.lang.String">SOURCE</Name>
  <Value className="java.lang.String">CHEBI</Value>
</Feature>
<Feature>
  <Name className="java.lang.String">LABEL</Name>
  <Value className="java.lang.String">Biomaterial</Value>
</Feature>
<Feature>
  <Name className="java.lang.String">lemma</Name>
  <Value className="java.lang.String">plla</Value>
</Feature>
<Feature>
  <Name className="java.lang.String">text</Name>
  <Value className="java.lang.String">PLLA</Value>
</Feature>
<Feature>
  <Name className="java.lang.String">ID</Name>
  <Value className="java.lang.String">CHEBI:53408</Value>
</Feature>
<Feature>
  <Name className="java.lang.String">PrefSynonym</Name>
  <Value className="java.lang.String">poly[(s)-lactic acid]</Value>
</Feature>
</Annotation>
<Annotation Id="845" Type="Biomaterial" StartNode="728" EndNode="732">
<Feature>
  <Name className="java.lang.String">original_lemma</Name>
  <Value className="java.lang.String">plla</Value>
</Feature>
<Feature>
  <Name className="java.lang.String">SOURCE</Name>
  <Value className="java.lang.String">CHEBI</Value>
</Feature>
<Feature>
  <Name className="java.lang.String">LABEL</Name>
  <Value className="java.lang.String">Biomaterial</Value>
</Feature>
<Feature>
  <Name className="java.lang.String">lemma</Name>
  <Value className="java.lang.String">plla</Value>
</Feature>
<Feature>
  <Name className="java.lang.String">text</Name>
  <Value className="java.lang.String">PLLA</Value>
</Feature>
<Feature>
  <Name className="java.lang.String">ID</Name>
  <Value className="java.lang.String">CHEBI:53408</Value>
</Feature>
<Feature>
  <Name className="java.lang.String">PrefSynonym</Name>
  <Value className="java.lang.String">poly[(s)-lactic acid]</Value>
</Feature>
</Annotation>
<Annotation Id="846" Type="ResearchTechnique" StartNode="781" EndNode="795">
<Feature>
  <Name className="java.lang.String">original_lemma</Name>
  <Value className="java.lang.String">cell culture</Value>
</Feature>
<Feature>
  <Name className="java.lang.String">SOURCE</Name>
  <Value className="java.lang.String">NCIT</Value>
</Feature>
<Feature>
  <Name className="java.lang.String">LABEL</Name>
  <Value className="java.lang.String">ResearchTechnique</Value>
</Feature>
<Feature>
  <Name className="java.lang.String">lemma</Name>
  <Value className="java.lang.String">cell culture</Value>
</Feature>
<Feature>
  <Name className="java.lang.String">text</Name>
  <Value className="java.lang.String">cells cultured</Value>
</Feature>
<Feature>
  <Name className="java.lang.String">ID</Name>
  <Value className="java.lang.String">ncit.C16396</Value>
</Feature>
<Feature>
  <Name className="java.lang.String">PrefSynonym</Name>
  <Value className="java.lang.String">cell culture</Value>
</Feature>
</Annotation>
<Annotation Id="847" Type="BiomaterialType" StartNode="799" EndNode="804">
<Feature>
  <Name className="java.lang.String">original_lemma</Name>
  <Value className="java.lang.String">glass</Value>
</Feature>
<Feature>
  <Name className="java.lang.String">SOURCE</Name>
  <Value className="java.lang.String">DEB_ONTOLOGY</Value>
</Feature>
<Feature>
  <Name className="java.lang.String">LABEL</Name>
  <Value className="java.lang.String">BiomaterialType</Value>
</Feature>
<Feature>
  <Name className="java.lang.String">lemma</Name>
  <Value className="java.lang.String">glass</Value>
</Feature>
<Feature>
  <Name className="java.lang.String">text</Name>
  <Value className="java.lang.String">glass</Value>
</Feature>
<Feature>
  <Name className="java.lang.String">ID</Name>
  <Value className="java.lang.String">DEB_ont.Glass</Value>
</Feature>
<Feature>
  <Name className="java.lang.String">PrefSynonym</Name>
  <Value className="java.lang.String">glass</Value>
</Feature>
</Annotation>
<Annotation Id="848" Type="MaterialProcessing" StartNode="810" EndNode="820">
<Feature>
  <Name className="java.lang.String">original_lemma</Name>
  <Value className="java.lang.String">activation</Value>
</Feature>
<Feature>
  <Name className="java.lang.String">SOURCE</Name>
  <Value className="java.lang.String">CHMO</Value>
</Feature>
<Feature>
  <Name className="java.lang.String">LABEL</Name>
  <Value className="java.lang.String">MaterialProcessing</Value>
</Feature>
<Feature>
  <Name className="java.lang.String">lemma</Name>
  <Value className="java.lang.String">activation</Value>
</Feature>
<Feature>
  <Name className="java.lang.String">text</Name>
  <Value className="java.lang.String">activation</Value>
</Feature>
<Feature>
  <Name className="java.lang.String">ID</Name>
  <Value className="java.lang.String">obo.CHMO_0002196</Value>
</Feature>
<Feature>
  <Name className="java.lang.String">PrefSynonym</Name>
  <Value className="java.lang.String">activation</Value>
</Feature>
</Annotation>
<Annotation Id="849" Type="Cell" StartNode="824" EndNode="834">
<Feature>
  <Name className="java.lang.String">original_lemma</Name>
  <Value className="java.lang.String">osteoblast</Value>
</Feature>
<Feature>
  <Name className="java.lang.String">SOURCE</Name>
  <Value className="java.lang.String">UBERON</Value>
</Feature>
<Feature>
  <Name className="java.lang.String">LABEL</Name>
  <Value className="java.lang.String">Cell</Value>
</Feature>
<Feature>
  <Name className="java.lang.String">lemma</Name>
  <Value className="java.lang.String">osteoblast</Value>
</Feature>
<Feature>
  <Name className="java.lang.String">text</Name>
  <Value className="java.lang.String">osteoblast</Value>
</Feature>
<Feature>
  <Name className="java.lang.String">ID</Name>
  <Value className="java.lang.String">obo.CL_0000062</Value>
</Feature>
<Feature>
  <Name className="java.lang.String">PrefSynonym</Name>
  <Value className="java.lang.String">osteoblast</Value>
</Feature>
</Annotation>
<Annotation Id="850" Type="AssociatedBiologicalProcess" StartNode="835" EndNode="850">
<Feature>
  <Name className="java.lang.String">original_lemma</Name>
  <Value className="java.lang.String">differentiation</Value>
</Feature>
<Feature>
  <Name className="java.lang.String">SOURCE</Name>
  <Value className="java.lang.String">DEB_ONTOLOGY</Value>
</Feature>
<Feature>
  <Name className="java.lang.String">LABEL</Name>
  <Value className="java.lang.String">AssociatedBiologicalProcess</Value>
</Feature>
<Feature>
  <Name className="java.lang.String">lemma</Name>
  <Value className="java.lang.String">differentiation</Value>
</Feature>
<Feature>
  <Name className="java.lang.String">text</Name>
  <Value className="java.lang.String">differentiation</Value>
</Feature>
<Feature>
  <Name className="java.lang.String">ID</Name>
  <Value className="java.lang.String">DEB_ont.CellularDifferentiation</Value>
</Feature>
<Feature>
  <Name className="java.lang.String">PrefSynonym</Name>
  <Value className="java.lang.String">cellular differentiation</Value>
</Feature>
</Annotation>
<Annotation Id="851" Type="Biomaterial" StartNode="866" EndNode="870">
<Feature>
  <Name className="java.lang.String">original_lemma</Name>
  <Value className="java.lang.String">plla</Value>
</Feature>
<Feature>
  <Name className="java.lang.String">SOURCE</Name>
  <Value className="java.lang.String">CHEBI</Value>
</Feature>
<Feature>
  <Name className="java.lang.String">LABEL</Name>
  <Value className="java.lang.String">Biomaterial</Value>
</Feature>
<Feature>
  <Name className="java.lang.String">lemma</Name>
  <Value className="java.lang.String">plla</Value>
</Feature>
<Feature>
  <Name className="java.lang.String">text</Name>
  <Value className="java.lang.String">PLLA</Value>
</Feature>
<Feature>
  <Name className="java.lang.String">ID</Name>
  <Value className="java.lang.String">CHEBI:53408</Value>
</Feature>
<Feature>
  <Name className="java.lang.String">PrefSynonym</Name>
  <Value className="java.lang.String">poly[(s)-lactic acid]</Value>
</Feature>
</Annotation>
<Annotation Id="852" Type="ResearchTechnique" StartNode="951" EndNode="965">
<Feature>
  <Name className="java.lang.String">original_lemma</Name>
  <Value className="java.lang.String">cell culture</Value>
</Feature>
<Feature>
  <Name className="java.lang.String">SOURCE</Name>
  <Value className="java.lang.String">NCIT</Value>
</Feature>
<Feature>
  <Name className="java.lang.String">LABEL</Name>
  <Value className="java.lang.String">ResearchTechnique</Value>
</Feature>
<Feature>
  <Name className="java.lang.String">lemma</Name>
  <Value className="java.lang.String">cell culture</Value>
</Feature>
<Feature>
  <Name className="java.lang.String">text</Name>
  <Value className="java.lang.String">cells cultured</Value>
</Feature>
<Feature>
  <Name className="java.lang.String">ID</Name>
  <Value className="java.lang.String">ncit.C16396</Value>
</Feature>
<Feature>
  <Name className="java.lang.String">PrefSynonym</Name>
  <Value className="java.lang.String">cell culture</Value>
</Feature>
</Annotation>
<Annotation Id="853" Type="Biomaterial" StartNode="973" EndNode="977">
<Feature>
  <Name className="java.lang.String">original_lemma</Name>
  <Value className="java.lang.String">plla</Value>
</Feature>
<Feature>
  <Name className="java.lang.String">SOURCE</Name>
  <Value className="java.lang.String">CHEBI</Value>
</Feature>
<Feature>
  <Name className="java.lang.String">LABEL</Name>
  <Value className="java.lang.String">Biomaterial</Value>
</Feature>
<Feature>
  <Name className="java.lang.String">lemma</Name>
  <Value className="java.lang.String">plla</Value>
</Feature>
<Feature>
  <Name className="java.lang.String">text</Name>
  <Value className="java.lang.String">PLLA</Value>
</Feature>
<Feature>
  <Name className="java.lang.String">ID</Name>
  <Value className="java.lang.String">CHEBI:53408</Value>
</Feature>
<Feature>
  <Name className="java.lang.String">PrefSynonym</Name>
  <Value className="java.lang.String">poly[(s)-lactic acid]</Value>
</Feature>
</Annotation>
<Annotation Id="854" Type="Biomaterial" StartNode="1058" EndNode="1062">
<Feature>
  <Name className="java.lang.String">original_lemma</Name>
  <Value className="java.lang.String">plla</Value>
</Feature>
<Feature>
  <Name className="java.lang.String">SOURCE</Name>
  <Value className="java.lang.String">CHEBI</Value>
</Feature>
<Feature>
  <Name className="java.lang.String">LABEL</Name>
  <Value className="java.lang.String">Biomaterial</Value>
</Feature>
<Feature>
  <Name className="java.lang.String">lemma</Name>
  <Value className="java.lang.String">plla</Value>
</Feature>
<Feature>
  <Name className="java.lang.String">text</Name>
  <Value className="java.lang.String">PLLA</Value>
</Feature>
<Feature>
  <Name className="java.lang.String">ID</Name>
  <Value className="java.lang.String">CHEBI:53408</Value>
</Feature>
<Feature>
  <Name className="java.lang.String">PrefSynonym</Name>
  <Value className="java.lang.String">poly[(s)-lactic acid]</Value>
</Feature>
</Annotation>
<Annotation Id="855" Type="AssociatedBiologicalProcess" StartNode="1073" EndNode="1088">
<Feature>
  <Name className="java.lang.String">original_lemma</Name>
  <Value className="java.lang.String">differentiation</Value>
</Feature>
<Feature>
  <Name className="java.lang.String">SOURCE</Name>
  <Value className="java.lang.String">DEB_ONTOLOGY</Value>
</Feature>
<Feature>
  <Name className="java.lang.String">LABEL</Name>
  <Value className="java.lang.String">AssociatedBiologicalProcess</Value>
</Feature>
<Feature>
  <Name className="java.lang.String">lemma</Name>
  <Value className="java.lang.String">differentiation</Value>
</Feature>
<Feature>
  <Name className="java.lang.String">text</Name>
  <Value className="java.lang.String">differentiation</Value>
</Feature>
<Feature>
  <Name className="java.lang.String">ID</Name>
  <Value className="java.lang.String">DEB_ont.CellularDifferentiation</Value>
</Feature>
<Feature>
  <Name className="java.lang.String">PrefSynonym</Name>
  <Value className="java.lang.String">cellular differentiation</Value>
</Feature>
</Annotation>
<Annotation Id="856" Type="ResearchTechnique" StartNode="1101" EndNode="1115">
<Feature>
  <Name className="java.lang.String">original_lemma</Name>
  <Value className="java.lang.String">cell culture</Value>
</Feature>
<Feature>
  <Name className="java.lang.String">SOURCE</Name>
  <Value className="java.lang.String">NCIT</Value>
</Feature>
<Feature>
  <Name className="java.lang.String">LABEL</Name>
  <Value className="java.lang.String">ResearchTechnique</Value>
</Feature>
<Feature>
  <Name className="java.lang.String">lemma</Name>
  <Value className="java.lang.String">cell culture</Value>
</Feature>
<Feature>
  <Name className="java.lang.String">text</Name>
  <Value className="java.lang.String">cells cultured</Value>
</Feature>
<Feature>
  <Name className="java.lang.String">ID</Name>
  <Value className="java.lang.String">ncit.C16396</Value>
</Feature>
<Feature>
  <Name className="java.lang.String">PrefSynonym</Name>
  <Value className="java.lang.String">cell culture</Value>
</Feature>
</Annotation>
<Annotation Id="857" Type="ManufacturedObjectFeatures" StartNode="1137" EndNode="1148">
<Feature>
  <Name className="java.lang.String">original_lemma</Name>
  <Value className="java.lang.String">degradation</Value>
</Feature>
<Feature>
  <Name className="java.lang.String">SOURCE</Name>
  <Value className="java.lang.String">DEB_ONTOLOGY</Value>
</Feature>
<Feature>
  <Name className="java.lang.String">LABEL</Name>
  <Value className="java.lang.String">ManufacturedObjectFeatures</Value>
</Feature>
<Feature>
  <Name className="java.lang.String">lemma</Name>
  <Value className="java.lang.String">degradation</Value>
</Feature>
<Feature>
  <Name className="java.lang.String">text</Name>
  <Value className="java.lang.String">degradation</Value>
</Feature>
<Feature>
  <Name className="java.lang.String">ID</Name>
  <Value className="java.lang.String">DEB_ont.Degradability</Value>
</Feature>
<Feature>
  <Name className="java.lang.String">PrefSynonym</Name>
  <Value className="java.lang.String">degradability</Value>
</Feature>
</Annotation>
<Annotation Id="858" Type="Biomaterial" StartNode="1152" EndNode="1156">
<Feature>
  <Name className="java.lang.String">original_lemma</Name>
  <Value className="java.lang.String">plla</Value>
</Feature>
<Feature>
  <Name className="java.lang.String">SOURCE</Name>
  <Value className="java.lang.String">CHEBI</Value>
</Feature>
<Feature>
  <Name className="java.lang.String">LABEL</Name>
  <Value className="java.lang.String">Biomaterial</Value>
</Feature>
<Feature>
  <Name className="java.lang.String">lemma</Name>
  <Value className="java.lang.String">plla</Value>
</Feature>
<Feature>
  <Name className="java.lang.String">text</Name>
  <Value className="java.lang.String">PLLA</Value>
</Feature>
<Feature>
  <Name className="java.lang.String">ID</Name>
  <Value className="java.lang.String">CHEBI:53408</Value>
</Feature>
<Feature>
  <Name className="java.lang.String">PrefSynonym</Name>
  <Value className="java.lang.String">poly[(s)-lactic acid]</Value>
</Feature>
</Annotation>
<Annotation Id="859" Type="Biomaterial" StartNode="1284" EndNode="1288">
<Feature>
  <Name className="java.lang.String">original_lemma</Name>
  <Value className="java.lang.String">plla</Value>
</Feature>
<Feature>
  <Name className="java.lang.String">SOURCE</Name>
  <Value className="java.lang.String">CHEBI</Value>
</Feature>
<Feature>
  <Name className="java.lang.String">LABEL</Name>
  <Value className="java.lang.String">Biomaterial</Value>
</Feature>
<Feature>
  <Name className="java.lang.String">lemma</Name>
  <Value className="java.lang.String">plla</Value>
</Feature>
<Feature>
  <Name className="java.lang.String">text</Name>
  <Value className="java.lang.String">PLLA</Value>
</Feature>
<Feature>
  <Name className="java.lang.String">ID</Name>
  <Value className="java.lang.String">CHEBI:53408</Value>
</Feature>
<Feature>
  <Name className="java.lang.String">PrefSynonym</Name>
  <Value className="java.lang.String">poly[(s)-lactic acid]</Value>
</Feature>
</Annotation>
<Annotation Id="860" Type="Biomaterial" StartNode="1391" EndNode="1395">
<Feature>
  <Name className="java.lang.String">original_lemma</Name>
  <Value className="java.lang.String">plla</Value>
</Feature>
<Feature>
  <Name className="java.lang.String">SOURCE</Name>
  <Value className="java.lang.String">CHEBI</Value>
</Feature>
<Feature>
  <Name className="java.lang.String">LABEL</Name>
  <Value className="java.lang.String">Biomaterial</Value>
</Feature>
<Feature>
  <Name className="java.lang.String">lemma</Name>
  <Value className="java.lang.String">plla</Value>
</Feature>
<Feature>
  <Name className="java.lang.String">text</Name>
  <Value className="java.lang.String">PLLA</Value>
</Feature>
<Feature>
  <Name className="java.lang.String">ID</Name>
  <Value className="java.lang.String">CHEBI:53408</Value>
</Feature>
<Feature>
  <Name className="java.lang.String">PrefSynonym</Name>
  <Value className="java.lang.String">poly[(s)-lactic acid]</Value>
</Feature>
</Annotation>
<Annotation Id="861" Type="ManufacturedObjectFeatures" StartNode="1498" EndNode="1509">
<Feature>
  <Name className="java.lang.String">original_lemma</Name>
  <Value className="java.lang.String">degradation</Value>
</Feature>
<Feature>
  <Name className="java.lang.String">SOURCE</Name>
  <Value className="java.lang.String">DEB_ONTOLOGY</Value>
</Feature>
<Feature>
  <Name className="java.lang.String">LABEL</Name>
  <Value className="java.lang.String">ManufacturedObjectFeatures</Value>
</Feature>
<Feature>
  <Name className="java.lang.String">lemma</Name>
  <Value className="java.lang.String">degradation</Value>
</Feature>
<Feature>
  <Name className="java.lang.String">text</Name>
  <Value className="java.lang.String">degradation</Value>
</Feature>
<Feature>
  <Name className="java.lang.String">ID</Name>
  <Value className="java.lang.String">DEB_ont.Degradability</Value>
</Feature>
<Feature>
  <Name className="java.lang.String">PrefSynonym</Name>
  <Value className="java.lang.String">degradability</Value>
</Feature>
</Annotation>
<Annotation Id="862" Type="Biomaterial" StartNode="1530" EndNode="1534">
<Feature>
  <Name className="java.lang.String">original_lemma</Name>
  <Value className="java.lang.String">plla</Value>
</Feature>
<Feature>
  <Name className="java.lang.String">SOURCE</Name>
  <Value className="java.lang.String">CHEBI</Value>
</Feature>
<Feature>
  <Name className="java.lang.String">LABEL</Name>
  <Value className="java.lang.String">Biomaterial</Value>
</Feature>
<Feature>
  <Name className="java.lang.String">lemma</Name>
  <Value className="java.lang.String">plla</Value>
</Feature>
<Feature>
  <Name className="java.lang.String">text</Name>
  <Value className="java.lang.String">PLLA</Value>
</Feature>
<Feature>
  <Name className="java.lang.String">ID</Name>
  <Value className="java.lang.String">CHEBI:53408</Value>
</Feature>
<Feature>
  <Name className="java.lang.String">PrefSynonym</Name>
  <Value className="java.lang.String">poly[(s)-lactic acid]</Value>
</Feature>
</Annotation>
<Annotation Id="863" Type="Biomaterial" StartNode="1625" EndNode="1628">
<Feature>
  <Name className="java.lang.String">original_lemma</Name>
  <Value className="java.lang.String">dna</Value>
</Feature>
<Feature>
  <Name className="java.lang.String">SOURCE</Name>
  <Value className="java.lang.String">CHEBI</Value>
</Feature>
<Feature>
  <Name className="java.lang.String">LABEL</Name>
  <Value className="java.lang.String">Biomaterial</Value>
</Feature>
<Feature>
  <Name className="java.lang.String">lemma</Name>
  <Value className="java.lang.String">dna</Value>
</Feature>
<Feature>
  <Name className="java.lang.String">text</Name>
  <Value className="java.lang.String">DNA</Value>
</Feature>
<Feature>
  <Name className="java.lang.String">ID</Name>
  <Value className="java.lang.String">CHEBI:16991</Value>
</Feature>
<Feature>
  <Name className="java.lang.String">PrefSynonym</Name>
  <Value className="java.lang.String">deoxyribonucleic acid</Value>
</Feature>
</Annotation>
<Annotation Id="864" Type="ResearchTechnique" StartNode="1666" EndNode="1680">
<Feature>
  <Name className="java.lang.String">original_lemma</Name>
  <Value className="java.lang.String">cell culture</Value>
</Feature>
<Feature>
  <Name className="java.lang.String">SOURCE</Name>
  <Value className="java.lang.String">NCIT</Value>
</Feature>
<Feature>
  <Name className="java.lang.String">LABEL</Name>
  <Value className="java.lang.String">ResearchTechnique</Value>
</Feature>
<Feature>
  <Name className="java.lang.String">lemma</Name>
  <Value className="java.lang.String">cell culture</Value>
</Feature>
<Feature>
  <Name className="java.lang.String">text</Name>
  <Value className="java.lang.String">cells cultured</Value>
</Feature>
<Feature>
  <Name className="java.lang.String">ID</Name>
  <Value className="java.lang.String">ncit.C16396</Value>
</Feature>
<Feature>
  <Name className="java.lang.String">PrefSynonym</Name>
  <Value className="java.lang.String">cell culture</Value>
</Feature>
</Annotation>
<Annotation Id="865" Type="Biomaterial" StartNode="1813" EndNode="1817">
<Feature>
  <Name className="java.lang.String">original_lemma</Name>
  <Value className="java.lang.String">plla</Value>
</Feature>
<Feature>
  <Name className="java.lang.String">SOURCE</Name>
  <Value className="java.lang.String">CHEBI</Value>
</Feature>
<Feature>
  <Name className="java.lang.String">LABEL</Name>
  <Value className="java.lang.String">Biomaterial</Value>
</Feature>
<Feature>
  <Name className="java.lang.String">lemma</Name>
  <Value className="java.lang.String">plla</Value>
</Feature>
<Feature>
  <Name className="java.lang.String">text</Name>
  <Value className="java.lang.String">PLLA</Value>
</Feature>
<Feature>
  <Name className="java.lang.String">ID</Name>
  <Value className="java.lang.String">CHEBI:53408</Value>
</Feature>
<Feature>
  <Name className="java.lang.String">PrefSynonym</Name>
  <Value className="java.lang.String">poly[(s)-lactic acid]</Value>
</Feature>
</Annotation>
<Annotation Id="866" Type="Biomaterial" StartNode="1944" EndNode="1948">
<Feature>
  <Name className="java.lang.String">original_lemma</Name>
  <Value className="java.lang.String">plla</Value>
</Feature>
<Feature>
  <Name className="java.lang.String">SOURCE</Name>
  <Value className="java.lang.String">CHEBI</Value>
</Feature>
<Feature>
  <Name className="java.lang.String">LABEL</Name>
  <Value className="java.lang.String">Biomaterial</Value>
</Feature>
<Feature>
  <Name className="java.lang.String">lemma</Name>
  <Value className="java.lang.String">plla</Value>
</Feature>
<Feature>
  <Name className="java.lang.String">text</Name>
  <Value className="java.lang.String">PLLA</Value>
</Feature>
<Feature>
  <Name className="java.lang.String">ID</Name>
  <Value className="java.lang.String">CHEBI:53408</Value>
</Feature>
<Feature>
  <Name className="java.lang.String">PrefSynonym</Name>
  <Value className="java.lang.String">poly[(s)-lactic acid]</Value>
</Feature>
</Annotation>
<Annotation Id="867" Type="Biomaterial" StartNode="2048" EndNode="2052">
<Feature>
  <Name className="java.lang.String">original_lemma</Name>
  <Value className="java.lang.String">plla</Value>
</Feature>
<Feature>
  <Name className="java.lang.String">SOURCE</Name>
  <Value className="java.lang.String">CHEBI</Value>
</Feature>
<Feature>
  <Name className="java.lang.String">LABEL</Name>
  <Value className="java.lang.String">Biomaterial</Value>
</Feature>
<Feature>
  <Name className="java.lang.String">lemma</Name>
  <Value className="java.lang.String">plla</Value>
</Feature>
<Feature>
  <Name className="java.lang.String">text</Name>
  <Value className="java.lang.String">PLLA</Value>
</Feature>
<Feature>
  <Name className="java.lang.String">ID</Name>
  <Value className="java.lang.String">CHEBI:53408</Value>
</Feature>
<Feature>
  <Name className="java.lang.String">PrefSynonym</Name>
  <Value className="java.lang.String">poly[(s)-lactic acid]</Value>
</Feature>
</Annotation>
<Annotation Id="868" Type="Biomaterial" StartNode="2069" EndNode="2073">
<Feature>
  <Name className="java.lang.String">original_lemma</Name>
  <Value className="java.lang.String">plla</Value>
</Feature>
<Feature>
  <Name className="java.lang.String">SOURCE</Name>
  <Value className="java.lang.String">CHEBI</Value>
</Feature>
<Feature>
  <Name className="java.lang.String">LABEL</Name>
  <Value className="java.lang.String">Biomaterial</Value>
</Feature>
<Feature>
  <Name className="java.lang.String">lemma</Name>
  <Value className="java.lang.String">plla</Value>
</Feature>
<Feature>
  <Name className="java.lang.String">text</Name>
  <Value className="java.lang.String">PLLA</Value>
</Feature>
<Feature>
  <Name className="java.lang.String">ID</Name>
  <Value className="java.lang.String">CHEBI:53408</Value>
</Feature>
<Feature>
  <Name className="java.lang.String">PrefSynonym</Name>
  <Value className="java.lang.String">poly[(s)-lactic acid]</Value>
</Feature>
</Annotation>
<Annotation Id="869" Type="MaterialProcessing" StartNode="2102" EndNode="2112">
<Feature>
  <Name className="java.lang.String">original_lemma</Name>
  <Value className="java.lang.String">activation</Value>
</Feature>
<Feature>
  <Name className="java.lang.String">SOURCE</Name>
  <Value className="java.lang.String">CHMO</Value>
</Feature>
<Feature>
  <Name className="java.lang.String">LABEL</Name>
  <Value className="java.lang.String">MaterialProcessing</Value>
</Feature>
<Feature>
  <Name className="java.lang.String">lemma</Name>
  <Value className="java.lang.String">activation</Value>
</Feature>
<Feature>
  <Name className="java.lang.String">text</Name>
  <Value className="java.lang.String">activation</Value>
</Feature>
<Feature>
  <Name className="java.lang.String">ID</Name>
  <Value className="java.lang.String">obo.CHMO_0002196</Value>
</Feature>
<Feature>
  <Name className="java.lang.String">PrefSynonym</Name>
  <Value className="java.lang.String">activation</Value>
</Feature>
</Annotation>
<Annotation Id="870" Type="Cell" StartNode="2156" EndNode="2166">
<Feature>
  <Name className="java.lang.String">original_lemma</Name>
  <Value className="java.lang.String">osteoblast</Value>
</Feature>
<Feature>
  <Name className="java.lang.String">SOURCE</Name>
  <Value className="java.lang.String">UBERON</Value>
</Feature>
<Feature>
  <Name className="java.lang.String">LABEL</Name>
  <Value className="java.lang.String">Cell</Value>
</Feature>
<Feature>
  <Name className="java.lang.String">lemma</Name>
  <Value className="java.lang.String">osteoblast</Value>
</Feature>
<Feature>
  <Name className="java.lang.String">text</Name>
  <Value className="java.lang.String">osteoblast</Value>
</Feature>
<Feature>
  <Name className="java.lang.String">ID</Name>
  <Value className="java.lang.String">obo.CL_0000062</Value>
</Feature>
<Feature>
  <Name className="java.lang.String">PrefSynonym</Name>
  <Value className="java.lang.String">osteoblast</Value>
</Feature>
</Annotation>
<Annotation Id="871" Type="AssociatedBiologicalProcess" StartNode="2167" EndNode="2182">
<Feature>
  <Name className="java.lang.String">original_lemma</Name>
  <Value className="java.lang.String">differentiation</Value>
</Feature>
<Feature>
  <Name className="java.lang.String">SOURCE</Name>
  <Value className="java.lang.String">DEB_ONTOLOGY</Value>
</Feature>
<Feature>
  <Name className="java.lang.String">LABEL</Name>
  <Value className="java.lang.String">AssociatedBiologicalProcess</Value>
</Feature>
<Feature>
  <Name className="java.lang.String">lemma</Name>
  <Value className="java.lang.String">differentiation</Value>
</Feature>
<Feature>
  <Name className="java.lang.String">text</Name>
  <Value className="java.lang.String">differentiation</Value>
</Feature>
<Feature>
  <Name className="java.lang.String">ID</Name>
  <Value className="java.lang.String">DEB_ont.CellularDifferentiation</Value>
</Feature>
<Feature>
  <Name className="java.lang.String">PrefSynonym</Name>
  <Value className="java.lang.String">cellular differentiation</Value>
</Feature>
</Annotation>
<Annotation Id="872" Type="Biomaterial" StartNode="2203" EndNode="2207">
<Feature>
  <Name className="java.lang.String">original_lemma</Name>
  <Value className="java.lang.String">plla</Value>
</Feature>
<Feature>
  <Name className="java.lang.String">SOURCE</Name>
  <Value className="java.lang.String">CHEBI</Value>
</Feature>
<Feature>
  <Name className="java.lang.String">LABEL</Name>
  <Value className="java.lang.String">Biomaterial</Value>
</Feature>
<Feature>
  <Name className="java.lang.String">lemma</Name>
  <Value className="java.lang.String">plla</Value>
</Feature>
<Feature>
  <Name className="java.lang.String">text</Name>
  <Value className="java.lang.String">PLLA</Value>
</Feature>
<Feature>
  <Name className="java.lang.String">ID</Name>
  <Value className="java.lang.String">CHEBI:53408</Value>
</Feature>
<Feature>
  <Name className="java.lang.String">PrefSynonym</Name>
  <Value className="java.lang.String">poly[(s)-lactic acid]</Value>
</Feature>
</Annotation>
<Annotation Id="873" Type="ManufacturedObjectFeatures" StartNode="2234" EndNode="2245">
<Feature>
  <Name className="java.lang.String">original_lemma</Name>
  <Value className="java.lang.String">degradation</Value>
</Feature>
<Feature>
  <Name className="java.lang.String">SOURCE</Name>
  <Value className="java.lang.String">DEB_ONTOLOGY</Value>
</Feature>
<Feature>
  <Name className="java.lang.String">LABEL</Name>
  <Value className="java.lang.String">ManufacturedObjectFeatures</Value>
</Feature>
<Feature>
  <Name className="java.lang.String">lemma</Name>
  <Value className="java.lang.String">degradation</Value>
</Feature>
<Feature>
  <Name className="java.lang.String">text</Name>
  <Value className="java.lang.String">degradation</Value>
</Feature>
<Feature>
  <Name className="java.lang.String">ID</Name>
  <Value className="java.lang.String">DEB_ont.Degradability</Value>
</Feature>
<Feature>
  <Name className="java.lang.String">PrefSynonym</Name>
  <Value className="java.lang.String">degradability</Value>
</Feature>
</Annotation>
<Annotation Id="874" Type="Biomaterial" StartNode="2313" EndNode="2317">
<Feature>
  <Name className="java.lang.String">original_lemma</Name>
  <Value className="java.lang.String">plla</Value>
</Feature>
<Feature>
  <Name className="java.lang.String">SOURCE</Name>
  <Value className="java.lang.String">CHEBI</Value>
</Feature>
<Feature>
  <Name className="java.lang.String">LABEL</Name>
  <Value className="java.lang.String">Biomaterial</Value>
</Feature>
<Feature>
  <Name className="java.lang.String">lemma</Name>
  <Value className="java.lang.String">plla</Value>
</Feature>
<Feature>
  <Name className="java.lang.String">text</Name>
  <Value className="java.lang.String">PLLA</Value>
</Feature>
<Feature>
  <Name className="java.lang.String">ID</Name>
  <Value className="java.lang.String">CHEBI:53408</Value>
</Feature>
<Feature>
  <Name className="java.lang.String">PrefSynonym</Name>
  <Value className="java.lang.String">poly[(s)-lactic acid]</Value>
</Feature>
</Annotation>
<Annotation Id="875" Type="Cell" StartNode="94" EndNode="102">
<Feature>
  <Name className="java.lang.String">rule</Name>
  <Value className="java.lang.String">cell_rule</Value>
</Feature>
</Annotation>
<Annotation Id="876" Type="Cell" StartNode="407" EndNode="415">
<Feature>
  <Name className="java.lang.String">rule</Name>
  <Value className="java.lang.String">cell_rule</Value>
</Feature>
</Annotation>
<Annotation Id="877" Type="Cell" StartNode="1098" EndNode="1106">
<Feature>
  <Name className="java.lang.String">rule</Name>
  <Value className="java.lang.String">cell_rule</Value>
</Feature>
</Annotation>
<Annotation Id="878" Type="Cell" StartNode="1566" EndNode="1573">
<Feature>
  <Name className="java.lang.String">rule</Name>
  <Value className="java.lang.String">cell_rule</Value>
</Feature>
</Annotation>
<Annotation Id="879" Type="BiologicallyActiveSubstance" StartNode="556" EndNode="559">
<Feature>
  <Name className="java.lang.String">Abbreviation_from</Name>
  <Value className="java.lang.String">hydroxyproline</Value>
</Feature>
<Feature>
  <Name className="java.lang.String">abbreviation_processed</Name>
  <Value className="java.lang.String">true</Value>
</Feature>
</Annotation>
<Annotation Id="880" Type="BiologicallyActiveSubstance" StartNode="924" EndNode="927">
<Feature>
  <Name className="java.lang.String">Abbreviation_from</Name>
  <Value className="java.lang.String">hydroxyproline</Value>
</Feature>
<Feature>
  <Name className="java.lang.String">abbreviation_processed</Name>
  <Value className="java.lang.String">true</Value>
</Feature>
</Annotation>
<Annotation Id="881" Type="BiologicallyActiveSubstance" StartNode="1633" EndNode="1636">
<Feature>
  <Name className="java.lang.String">Abbreviation_from</Name>
  <Value className="java.lang.String">hydroxyproline</Value>
</Feature>
<Feature>
  <Name className="java.lang.String">abbreviation_processed</Name>
  <Value className="java.lang.String">true</Value>
</Feature>
</Annotation>
<Annotation Id="882" Type="BiologicallyActiveSubstance" StartNode="596" EndNode="599">
<Feature>
  <Name className="java.lang.String">Abbreviation_from</Name>
  <Value className="java.lang.String">alkaline phosphatase</Value>
</Feature>
<Feature>
  <Name className="java.lang.String">abbreviation_processed</Name>
  <Value className="java.lang.String">true</Value>
</Feature>
</Annotation>
<Annotation Id="883" Type="BiologicallyActiveSubstance" StartNode="907" EndNode="910">
<Feature>
  <Name className="java.lang.String">Abbreviation_from</Name>
  <Value className="java.lang.String">alkaline phosphatase</Value>
</Feature>
<Feature>
  <Name className="java.lang.String">abbreviation_processed</Name>
  <Value className="java.lang.String">true</Value>
</Feature>
</Annotation>
<Annotation Id="884" Type="BiologicallyActiveSubstance" StartNode="1649" EndNode="1652">
<Feature>
  <Name className="java.lang.String">Abbreviation_from</Name>
  <Value className="java.lang.String">alkaline phosphatase</Value>
</Feature>
<Feature>
  <Name className="java.lang.String">abbreviation_processed</Name>
  <Value className="java.lang.String">true</Value>
</Feature>
</Annotation>
</AnnotationSet>

<!-- Named annotation set -->

<AnnotationSet Name="VALIDATOR">
<Annotation Id="896" Type="Biomaterial" StartNode="657" EndNode="661">
<Feature>
  <Name className="java.lang.String">original_lemma</Name>
  <Value className="java.lang.String">plla</Value>
</Feature>
<Feature>
  <Name className="java.lang.String">SOURCE</Name>
  <Value className="java.lang.String">CHEBI</Value>
</Feature>
<Feature>
  <Name className="java.lang.String">LABEL</Name>
  <Value className="java.lang.String">Biomaterial</Value>
</Feature>
<Feature>
  <Name className="java.lang.String">lemma</Name>
  <Value className="java.lang.String">plla</Value>
</Feature>
<Feature>
  <Name className="java.lang.String">text</Name>
  <Value className="java.lang.String">PLLA</Value>
</Feature>
<Feature>
  <Name className="java.lang.String">ID</Name>
  <Value className="java.lang.String">CHEBI:53408</Value>
</Feature>
<Feature>
  <Name className="java.lang.String">PrefSynonym</Name>
  <Value className="java.lang.String">poly[(s)-lactic acid]</Value>
</Feature>
</Annotation>
<Annotation Id="897" Type="Biomaterial" StartNode="728" EndNode="732">
<Feature>
  <Name className="java.lang.String">original_lemma</Name>
  <Value className="java.lang.String">plla</Value>
</Feature>
<Feature>
  <Name className="java.lang.String">SOURCE</Name>
  <Value className="java.lang.String">CHEBI</Value>
</Feature>
<Feature>
  <Name className="java.lang.String">LABEL</Name>
  <Value className="java.lang.String">Biomaterial</Value>
</Feature>
<Feature>
  <Name className="java.lang.String">lemma</Name>
  <Value className="java.lang.String">plla</Value>
</Feature>
<Feature>
  <Name className="java.lang.String">text</Name>
  <Value className="java.lang.String">PLLA</Value>
</Feature>
<Feature>
  <Name className="java.lang.String">ID</Name>
  <Value className="java.lang.String">CHEBI:53408</Value>
</Feature>
<Feature>
  <Name className="java.lang.String">PrefSynonym</Name>
  <Value className="java.lang.String">poly[(s)-lactic acid]</Value>
</Feature>
</Annotation>
<Annotation Id="898" Type="ResearchTechnique" StartNode="781" EndNode="795">
<Feature>
  <Name className="java.lang.String">original_lemma</Name>
  <Value className="java.lang.String">cell culture</Value>
</Feature>
<Feature>
  <Name className="java.lang.String">SOURCE</Name>
  <Value className="java.lang.String">NCIT</Value>
</Feature>
<Feature>
  <Name className="java.lang.String">LABEL</Name>
  <Value className="java.lang.String">ResearchTechnique</Value>
</Feature>
<Feature>
  <Name className="java.lang.String">lemma</Name>
  <Value className="java.lang.String">cell culture</Value>
</Feature>
<Feature>
  <Name className="java.lang.String">text</Name>
  <Value className="java.lang.String">cells cultured</Value>
</Feature>
<Feature>
  <Name className="java.lang.String">ID</Name>
  <Value className="java.lang.String">ncit.C16396</Value>
</Feature>
<Feature>
  <Name className="java.lang.String">PrefSynonym</Name>
  <Value className="java.lang.String">cell culture</Value>
</Feature>
</Annotation>
<Annotation Id="899" Type="BiomaterialType" StartNode="799" EndNode="804">
<Feature>
  <Name className="java.lang.String">original_lemma</Name>
  <Value className="java.lang.String">glass</Value>
</Feature>
<Feature>
  <Name className="java.lang.String">SOURCE</Name>
  <Value className="java.lang.String">DEB_ONTOLOGY</Value>
</Feature>
<Feature>
  <Name className="java.lang.String">LABEL</Name>
  <Value className="java.lang.String">BiomaterialType</Value>
</Feature>
<Feature>
  <Name className="java.lang.String">lemma</Name>
  <Value className="java.lang.String">glass</Value>
</Feature>
<Feature>
  <Name className="java.lang.String">text</Name>
  <Value className="java.lang.String">glass</Value>
</Feature>
<Feature>
  <Name className="java.lang.String">ID</Name>
  <Value className="java.lang.String">DEB_ont.Glass</Value>
</Feature>
<Feature>
  <Name className="java.lang.String">PrefSynonym</Name>
  <Value className="java.lang.String">glass</Value>
</Feature>
</Annotation>
<Annotation Id="900" Type="Cell" StartNode="824" EndNode="834">
<Feature>
  <Name className="java.lang.String">original_lemma</Name>
  <Value className="java.lang.String">osteoblast</Value>
</Feature>
<Feature>
  <Name className="java.lang.String">SOURCE</Name>
  <Value className="java.lang.String">UBERON</Value>
</Feature>
<Feature>
  <Name className="java.lang.String">LABEL</Name>
  <Value className="java.lang.String">Cell</Value>
</Feature>
<Feature>
  <Name className="java.lang.String">lemma</Name>
  <Value className="java.lang.String">osteoblast</Value>
</Feature>
<Feature>
  <Name className="java.lang.String">text</Name>
  <Value className="java.lang.String">osteoblast</Value>
</Feature>
<Feature>
  <Name className="java.lang.String">ID</Name>
  <Value className="java.lang.String">obo.CL_0000062</Value>
</Feature>
<Feature>
  <Name className="java.lang.String">PrefSynonym</Name>
  <Value className="java.lang.String">osteoblast</Value>
</Feature>
</Annotation>
<Annotation Id="901" Type="Biomaterial" StartNode="866" EndNode="870">
<Feature>
  <Name className="java.lang.String">original_lemma</Name>
  <Value className="java.lang.String">plla</Value>
</Feature>
<Feature>
  <Name className="java.lang.String">SOURCE</Name>
  <Value className="java.lang.String">CHEBI</Value>
</Feature>
<Feature>
  <Name className="java.lang.String">LABEL</Name>
  <Value className="java.lang.String">Biomaterial</Value>
</Feature>
<Feature>
  <Name className="java.lang.String">lemma</Name>
  <Value className="java.lang.String">plla</Value>
</Feature>
<Feature>
  <Name className="java.lang.String">text</Name>
  <Value className="java.lang.String">PLLA</Value>
</Feature>
<Feature>
  <Name className="java.lang.String">ID</Name>
  <Value className="java.lang.String">CHEBI:53408</Value>
</Feature>
<Feature>
  <Name className="java.lang.String">PrefSynonym</Name>
  <Value className="java.lang.String">poly[(s)-lactic acid]</Value>
</Feature>
</Annotation>
<Annotation Id="902" Type="ResearchTechnique" StartNode="951" EndNode="965">
<Feature>
  <Name className="java.lang.String">original_lemma</Name>
  <Value className="java.lang.String">cell culture</Value>
</Feature>
<Feature>
  <Name className="java.lang.String">SOURCE</Name>
  <Value className="java.lang.String">NCIT</Value>
</Feature>
<Feature>
  <Name className="java.lang.String">LABEL</Name>
  <Value className="java.lang.String">ResearchTechnique</Value>
</Feature>
<Feature>
  <Name className="java.lang.String">lemma</Name>
  <Value className="java.lang.String">cell culture</Value>
</Feature>
<Feature>
  <Name className="java.lang.String">text</Name>
  <Value className="java.lang.String">cells cultured</Value>
</Feature>
<Feature>
  <Name className="java.lang.String">ID</Name>
  <Value className="java.lang.String">ncit.C16396</Value>
</Feature>
<Feature>
  <Name className="java.lang.String">PrefSynonym</Name>
  <Value className="java.lang.String">cell culture</Value>
</Feature>
</Annotation>
<Annotation Id="903" Type="Biomaterial" StartNode="973" EndNode="977">
<Feature>
  <Name className="java.lang.String">original_lemma</Name>
  <Value className="java.lang.String">plla</Value>
</Feature>
<Feature>
  <Name className="java.lang.String">SOURCE</Name>
  <Value className="java.lang.String">CHEBI</Value>
</Feature>
<Feature>
  <Name className="java.lang.String">LABEL</Name>
  <Value className="java.lang.String">Biomaterial</Value>
</Feature>
<Feature>
  <Name className="java.lang.String">lemma</Name>
  <Value className="java.lang.String">plla</Value>
</Feature>
<Feature>
  <Name className="java.lang.String">text</Name>
  <Value className="java.lang.String">PLLA</Value>
</Feature>
<Feature>
  <Name className="java.lang.String">ID</Name>
  <Value className="java.lang.String">CHEBI:53408</Value>
</Feature>
<Feature>
  <Name className="java.lang.String">PrefSynonym</Name>
  <Value className="java.lang.String">poly[(s)-lactic acid]</Value>
</Feature>
</Annotation>
<Annotation Id="904" Type="Biomaterial" StartNode="1058" EndNode="1062">
<Feature>
  <Name className="java.lang.String">original_lemma</Name>
  <Value className="java.lang.String">plla</Value>
</Feature>
<Feature>
  <Name className="java.lang.String">SOURCE</Name>
  <Value className="java.lang.String">CHEBI</Value>
</Feature>
<Feature>
  <Name className="java.lang.String">LABEL</Name>
  <Value className="java.lang.String">Biomaterial</Value>
</Feature>
<Feature>
  <Name className="java.lang.String">lemma</Name>
  <Value className="java.lang.String">plla</Value>
</Feature>
<Feature>
  <Name className="java.lang.String">text</Name>
  <Value className="java.lang.String">PLLA</Value>
</Feature>
<Feature>
  <Name className="java.lang.String">ID</Name>
  <Value className="java.lang.String">CHEBI:53408</Value>
</Feature>
<Feature>
  <Name className="java.lang.String">PrefSynonym</Name>
  <Value className="java.lang.String">poly[(s)-lactic acid]</Value>
</Feature>
</Annotation>
<Annotation Id="905" Type="AssociatedBiologicalProcess" StartNode="1073" EndNode="1088">
<Feature>
  <Name className="java.lang.String">original_lemma</Name>
  <Value className="java.lang.String">differentiation</Value>
</Feature>
<Feature>
  <Name className="java.lang.String">SOURCE</Name>
  <Value className="java.lang.String">DEB_ONTOLOGY</Value>
</Feature>
<Feature>
  <Name className="java.lang.String">LABEL</Name>
  <Value className="java.lang.String">AssociatedBiologicalProcess</Value>
</Feature>
<Feature>
  <Name className="java.lang.String">lemma</Name>
  <Value className="java.lang.String">differentiation</Value>
</Feature>
<Feature>
  <Name className="java.lang.String">text</Name>
  <Value className="java.lang.String">differentiation</Value>
</Feature>
<Feature>
  <Name className="java.lang.String">ID</Name>
  <Value className="java.lang.String">DEB_ont.CellularDifferentiation</Value>
</Feature>
<Feature>
  <Name className="java.lang.String">PrefSynonym</Name>
  <Value className="java.lang.String">cellular differentiation</Value>
</Feature>
</Annotation>
<Annotation Id="906" Type="Biomaterial" StartNode="1152" EndNode="1156">
<Feature>
  <Name className="java.lang.String">original_lemma</Name>
  <Value className="java.lang.String">plla</Value>
</Feature>
<Feature>
  <Name className="java.lang.String">SOURCE</Name>
  <Value className="java.lang.String">CHEBI</Value>
</Feature>
<Feature>
  <Name className="java.lang.String">LABEL</Name>
  <Value className="java.lang.String">Biomaterial</Value>
</Feature>
<Feature>
  <Name className="java.lang.String">lemma</Name>
  <Value className="java.lang.String">plla</Value>
</Feature>
<Feature>
  <Name className="java.lang.String">text</Name>
  <Value className="java.lang.String">PLLA</Value>
</Feature>
<Feature>
  <Name className="java.lang.String">ID</Name>
  <Value className="java.lang.String">CHEBI:53408</Value>
</Feature>
<Feature>
  <Name className="java.lang.String">PrefSynonym</Name>
  <Value className="java.lang.String">poly[(s)-lactic acid]</Value>
</Feature>
</Annotation>
<Annotation Id="907" Type="Biomaterial" StartNode="1284" EndNode="1288">
<Feature>
  <Name className="java.lang.String">original_lemma</Name>
  <Value className="java.lang.String">plla</Value>
</Feature>
<Feature>
  <Name className="java.lang.String">SOURCE</Name>
  <Value className="java.lang.String">CHEBI</Value>
</Feature>
<Feature>
  <Name className="java.lang.String">LABEL</Name>
  <Value className="java.lang.String">Biomaterial</Value>
</Feature>
<Feature>
  <Name className="java.lang.String">lemma</Name>
  <Value className="java.lang.String">plla</Value>
</Feature>
<Feature>
  <Name className="java.lang.String">text</Name>
  <Value className="java.lang.String">PLLA</Value>
</Feature>
<Feature>
  <Name className="java.lang.String">ID</Name>
  <Value className="java.lang.String">CHEBI:53408</Value>
</Feature>
<Feature>
  <Name className="java.lang.String">PrefSynonym</Name>
  <Value className="java.lang.String">poly[(s)-lactic acid]</Value>
</Feature>
</Annotation>
<Annotation Id="908" Type="Biomaterial" StartNode="1391" EndNode="1395">
<Feature>
  <Name className="java.lang.String">original_lemma</Name>
  <Value className="java.lang.String">plla</Value>
</Feature>
<Feature>
  <Name className="java.lang.String">SOURCE</Name>
  <Value className="java.lang.String">CHEBI</Value>
</Feature>
<Feature>
  <Name className="java.lang.String">LABEL</Name>
  <Value className="java.lang.String">Biomaterial</Value>
</Feature>
<Feature>
  <Name className="java.lang.String">lemma</Name>
  <Value className="java.lang.String">plla</Value>
</Feature>
<Feature>
  <Name className="java.lang.String">text</Name>
  <Value className="java.lang.String">PLLA</Value>
</Feature>
<Feature>
  <Name className="java.lang.String">ID</Name>
  <Value className="java.lang.String">CHEBI:53408</Value>
</Feature>
<Feature>
  <Name className="java.lang.String">PrefSynonym</Name>
  <Value className="java.lang.String">poly[(s)-lactic acid]</Value>
</Feature>
</Annotation>
<Annotation Id="909" Type="Biomaterial" StartNode="1530" EndNode="1534">
<Feature>
  <Name className="java.lang.String">original_lemma</Name>
  <Value className="java.lang.String">plla</Value>
</Feature>
<Feature>
  <Name className="java.lang.String">SOURCE</Name>
  <Value className="java.lang.String">CHEBI</Value>
</Feature>
<Feature>
  <Name className="java.lang.String">LABEL</Name>
  <Value className="java.lang.String">Biomaterial</Value>
</Feature>
<Feature>
  <Name className="java.lang.String">lemma</Name>
  <Value className="java.lang.String">plla</Value>
</Feature>
<Feature>
  <Name className="java.lang.String">text</Name>
  <Value className="java.lang.String">PLLA</Value>
</Feature>
<Feature>
  <Name className="java.lang.String">ID</Name>
  <Value className="java.lang.String">CHEBI:53408</Value>
</Feature>
<Feature>
  <Name className="java.lang.String">PrefSynonym</Name>
  <Value className="java.lang.String">poly[(s)-lactic acid]</Value>
</Feature>
</Annotation>
<Annotation Id="910" Type="ResearchTechnique" StartNode="1666" EndNode="1680">
<Feature>
  <Name className="java.lang.String">original_lemma</Name>
  <Value className="java.lang.String">cell culture</Value>
</Feature>
<Feature>
  <Name className="java.lang.String">SOURCE</Name>
  <Value className="java.lang.String">NCIT</Value>
</Feature>
<Feature>
  <Name className="java.lang.String">LABEL</Name>
  <Value className="java.lang.String">ResearchTechnique</Value>
</Feature>
<Feature>
  <Name className="java.lang.String">lemma</Name>
  <Value className="java.lang.String">cell culture</Value>
</Feature>
<Feature>
  <Name className="java.lang.String">text</Name>
  <Value className="java.lang.String">cells cultured</Value>
</Feature>
<Feature>
  <Name className="java.lang.String">ID</Name>
  <Value className="java.lang.String">ncit.C16396</Value>
</Feature>
<Feature>
  <Name className="java.lang.String">PrefSynonym</Name>
  <Value className="java.lang.String">cell culture</Value>
</Feature>
</Annotation>
<Annotation Id="911" Type="Biomaterial" StartNode="1813" EndNode="1817">
<Feature>
  <Name className="java.lang.String">original_lemma</Name>
  <Value className="java.lang.String">plla</Value>
</Feature>
<Feature>
  <Name className="java.lang.String">SOURCE</Name>
  <Value className="java.lang.String">CHEBI</Value>
</Feature>
<Feature>
  <Name className="java.lang.String">LABEL</Name>
  <Value className="java.lang.String">Biomaterial</Value>
</Feature>
<Feature>
  <Name className="java.lang.String">lemma</Name>
  <Value className="java.lang.String">plla</Value>
</Feature>
<Feature>
  <Name className="java.lang.String">text</Name>
  <Value className="java.lang.String">PLLA</Value>
</Feature>
<Feature>
  <Name className="java.lang.String">ID</Name>
  <Value className="java.lang.String">CHEBI:53408</Value>
</Feature>
<Feature>
  <Name className="java.lang.String">PrefSynonym</Name>
  <Value className="java.lang.String">poly[(s)-lactic acid]</Value>
</Feature>
</Annotation>
<Annotation Id="912" Type="Biomaterial" StartNode="1944" EndNode="1948">
<Feature>
  <Name className="java.lang.String">original_lemma</Name>
  <Value className="java.lang.String">plla</Value>
</Feature>
<Feature>
  <Name className="java.lang.String">SOURCE</Name>
  <Value className="java.lang.String">CHEBI</Value>
</Feature>
<Feature>
  <Name className="java.lang.String">LABEL</Name>
  <Value className="java.lang.String">Biomaterial</Value>
</Feature>
<Feature>
  <Name className="java.lang.String">lemma</Name>
  <Value className="java.lang.String">plla</Value>
</Feature>
<Feature>
  <Name className="java.lang.String">text</Name>
  <Value className="java.lang.String">PLLA</Value>
</Feature>
<Feature>
  <Name className="java.lang.String">ID</Name>
  <Value className="java.lang.String">CHEBI:53408</Value>
</Feature>
<Feature>
  <Name className="java.lang.String">PrefSynonym</Name>
  <Value className="java.lang.String">poly[(s)-lactic acid]</Value>
</Feature>
</Annotation>
<Annotation Id="913" Type="Biomaterial" StartNode="2048" EndNode="2052">
<Feature>
  <Name className="java.lang.String">original_lemma</Name>
  <Value className="java.lang.String">plla</Value>
</Feature>
<Feature>
  <Name className="java.lang.String">SOURCE</Name>
  <Value className="java.lang.String">CHEBI</Value>
</Feature>
<Feature>
  <Name className="java.lang.String">LABEL</Name>
  <Value className="java.lang.String">Biomaterial</Value>
</Feature>
<Feature>
  <Name className="java.lang.String">lemma</Name>
  <Value className="java.lang.String">plla</Value>
</Feature>
<Feature>
  <Name className="java.lang.String">text</Name>
  <Value className="java.lang.String">PLLA</Value>
</Feature>
<Feature>
  <Name className="java.lang.String">ID</Name>
  <Value className="java.lang.String">CHEBI:53408</Value>
</Feature>
<Feature>
  <Name className="java.lang.String">PrefSynonym</Name>
  <Value className="java.lang.String">poly[(s)-lactic acid]</Value>
</Feature>
</Annotation>
<Annotation Id="914" Type="Biomaterial" StartNode="2069" EndNode="2073">
<Feature>
  <Name className="java.lang.String">original_lemma</Name>
  <Value className="java.lang.String">plla</Value>
</Feature>
<Feature>
  <Name className="java.lang.String">SOURCE</Name>
  <Value className="java.lang.String">CHEBI</Value>
</Feature>
<Feature>
  <Name className="java.lang.String">LABEL</Name>
  <Value className="java.lang.String">Biomaterial</Value>
</Feature>
<Feature>
  <Name className="java.lang.String">lemma</Name>
  <Value className="java.lang.String">plla</Value>
</Feature>
<Feature>
  <Name className="java.lang.String">text</Name>
  <Value className="java.lang.String">PLLA</Value>
</Feature>
<Feature>
  <Name className="java.lang.String">ID</Name>
  <Value className="java.lang.String">CHEBI:53408</Value>
</Feature>
<Feature>
  <Name className="java.lang.String">PrefSynonym</Name>
  <Value className="java.lang.String">poly[(s)-lactic acid]</Value>
</Feature>
</Annotation>
<Annotation Id="915" Type="Cell" StartNode="2156" EndNode="2166">
<Feature>
  <Name className="java.lang.String">original_lemma</Name>
  <Value className="java.lang.String">osteoblast</Value>
</Feature>
<Feature>
  <Name className="java.lang.String">SOURCE</Name>
  <Value className="java.lang.String">UBERON</Value>
</Feature>
<Feature>
  <Name className="java.lang.String">LABEL</Name>
  <Value className="java.lang.String">Cell</Value>
</Feature>
<Feature>
  <Name className="java.lang.String">lemma</Name>
  <Value className="java.lang.String">osteoblast</Value>
</Feature>
<Feature>
  <Name className="java.lang.String">text</Name>
  <Value className="java.lang.String">osteoblast</Value>
</Feature>
<Feature>
  <Name className="java.lang.String">ID</Name>
  <Value className="java.lang.String">obo.CL_0000062</Value>
</Feature>
<Feature>
  <Name className="java.lang.String">PrefSynonym</Name>
  <Value className="java.lang.String">osteoblast</Value>
</Feature>
</Annotation>
<Annotation Id="916" Type="Biomaterial" StartNode="2203" EndNode="2207">
<Feature>
  <Name className="java.lang.String">original_lemma</Name>
  <Value className="java.lang.String">plla</Value>
</Feature>
<Feature>
  <Name className="java.lang.String">SOURCE</Name>
  <Value className="java.lang.String">CHEBI</Value>
</Feature>
<Feature>
  <Name className="java.lang.String">LABEL</Name>
  <Value className="java.lang.String">Biomaterial</Value>
</Feature>
<Feature>
  <Name className="java.lang.String">lemma</Name>
  <Value className="java.lang.String">plla</Value>
</Feature>
<Feature>
  <Name className="java.lang.String">text</Name>
  <Value className="java.lang.String">PLLA</Value>
</Feature>
<Feature>
  <Name className="java.lang.String">ID</Name>
  <Value className="java.lang.String">CHEBI:53408</Value>
</Feature>
<Feature>
  <Name className="java.lang.String">PrefSynonym</Name>
  <Value className="java.lang.String">poly[(s)-lactic acid]</Value>
</Feature>
</Annotation>
<Annotation Id="917" Type="Biomaterial" StartNode="2313" EndNode="2317">
<Feature>
  <Name className="java.lang.String">original_lemma</Name>
  <Value className="java.lang.String">plla</Value>
</Feature>
<Feature>
  <Name className="java.lang.String">SOURCE</Name>
  <Value className="java.lang.String">CHEBI</Value>
</Feature>
<Feature>
  <Name className="java.lang.String">LABEL</Name>
  <Value className="java.lang.String">Biomaterial</Value>
</Feature>
<Feature>
  <Name className="java.lang.String">lemma</Name>
  <Value className="java.lang.String">plla</Value>
</Feature>
<Feature>
  <Name className="java.lang.String">text</Name>
  <Value className="java.lang.String">PLLA</Value>
</Feature>
<Feature>
  <Name className="java.lang.String">ID</Name>
  <Value className="java.lang.String">CHEBI:53408</Value>
</Feature>
<Feature>
  <Name className="java.lang.String">PrefSynonym</Name>
  <Value className="java.lang.String">poly[(s)-lactic acid]</Value>
</Feature>
</Annotation>
<Annotation Id="918" Type="Biomaterial" StartNode="37" EndNode="51">
</Annotation>
<Annotation Id="919" Type="Biomaterial" StartNode="106" EndNode="120">
</Annotation>
<Annotation Id="920" Type="DegradationFeatures" StartNode="1137" EndNode="1148">
</Annotation>
<Annotation Id="921" Type="ManufacturedObjectFeatures" StartNode="2041" EndNode="2047">
</Annotation>
<Annotation Id="922" Type="ManufacturedObjectFeatures" StartNode="645" EndNode="655">
</Annotation>
<Annotation Id="923" Type="DegradationFeatures" StartNode="1497" EndNode="1518">
</Annotation>
<Annotation Id="924" Type="DegradationFeatures" StartNode="2234" EndNode="2255">
</Annotation>
<Annotation Id="925" Type="ManufacturedObjectFeatures" StartNode="142" EndNode="148">
</Annotation>
<Annotation Id="926" Type="ManufacturedObjectFeatures" StartNode="720" EndNode="727">
</Annotation>
<Annotation Id="927" Type="ManufacturedObjectFeatures" StartNode="858" EndNode="865">
</Annotation>
<Annotation Id="928" Type="ManufacturedObjectFeatures" StartNode="978" EndNode="984">
</Annotation>
<Annotation Id="929" Type="ManufacturedObjectFeatures" StartNode="1050" EndNode="1057">
</Annotation>
<Annotation Id="930" Type="ManufacturedObjectFeatures" StartNode="1522" EndNode="1529">
</Annotation>
<Annotation Id="931" Type="ManufacturedObjectFeatures" StartNode="1806" EndNode="1812">
</Annotation>
<Annotation Id="932" Type="ManufacturedObjectFeatures" StartNode="1937" EndNode="1943">
</Annotation>
<Annotation Id="933" Type="ManufacturedObjectFeatures" StartNode="2056" EndNode="2068">
</Annotation>
<Annotation Id="934" Type="ManufacturedObjectFeatures" StartNode="2190" EndNode="2202">
</Annotation>
<Annotation Id="935" Type="ManufacturedObjectFeatures" StartNode="2306" EndNode="2312">
</Annotation>
<Annotation Id="936" Type="MaterialProcessing" StartNode="19" EndNode="33">
</Annotation>
<Annotation Id="937" Type="MaterialProcessing" StartNode="152" EndNode="166">
</Annotation>
<Annotation Id="938" Type="MaterialProcessing" StartNode="291" EndNode="305">
</Annotation>
<Annotation Id="939" Type="MaterialProcessing" StartNode="1032" EndNode="1046">
</Annotation>
<Annotation Id="940" Type="MaterialProcessing" StartNode="1258" EndNode="1272">
</Annotation>
<Annotation Id="941" Type="MaterialProcessing" StartNode="1541" EndNode="1555">
</Annotation>
<Annotation Id="942" Type="AssociatedBiologicalProcess" StartNode="2097" EndNode="2112">
</Annotation>
<Annotation Id="943" Type="AssociatedBiologicalProcess" StartNode="1633" EndNode="1644">
</Annotation>
<Annotation Id="944" Type="AssociatedBiologicalProcess" StartNode="1649" EndNode="1661">
</Annotation>
<Annotation Id="945" Type="Cell" StartNode="400" EndNode="415">
</Annotation>
<Annotation Id="946" Type="Cell" StartNode="1092" EndNode="1106">
</Annotation>
<Annotation Id="947" Type="Cell" StartNode="1560" EndNode="1573">
</Annotation>
<Annotation Id="948" Type="Cell" StartNode="88" EndNode="102">
</Annotation>
<Annotation Id="949" Type="AssociatedBiologicalProcess" StartNode="1599" EndNode="1623">
</Annotation>
<Annotation Id="950" Type="AssociatedBiologicalProcess" StartNode="1625" EndNode="1629">
</Annotation>
<Annotation Id="951" Type="AssociatedBiologicalProcess" StartNode="2156" EndNode="2182">
</Annotation>
<Annotation Id="952" Type="AssociatedBiologicalProcess" StartNode="824" EndNode="850">
</Annotation>
<Annotation Id="953" Type="AssociatedBiologicalProcess" StartNode="317" EndNode="341">
</Annotation>
<Annotation Id="885" Type="Cell" StartNode="72" EndNode="82">
<Feature>
  <Name className="java.lang.String">original_lemma</Name>
  <Value className="java.lang.String">osteoblast</Value>
</Feature>
<Feature>
  <Name className="java.lang.String">SOURCE</Name>
  <Value className="java.lang.String">UBERON</Value>
</Feature>
<Feature>
  <Name className="java.lang.String">LABEL</Name>
  <Value className="java.lang.String">Cell</Value>
</Feature>
<Feature>
  <Name className="java.lang.String">lemma</Name>
  <Value className="java.lang.String">osteoblast</Value>
</Feature>
<Feature>
  <Name className="java.lang.String">text</Name>
  <Value className="java.lang.String">osteoblast</Value>
</Feature>
<Feature>
  <Name className="java.lang.String">ID</Name>
  <Value className="java.lang.String">obo.CL_0000062</Value>
</Feature>
<Feature>
  <Name className="java.lang.String">PrefSynonym</Name>
  <Value className="java.lang.String">osteoblast</Value>
</Feature>
</Annotation>
<Annotation Id="886" Type="Biomaterial" StartNode="123" EndNode="127">
<Feature>
  <Name className="java.lang.String">original_lemma</Name>
  <Value className="java.lang.String">plla</Value>
</Feature>
<Feature>
  <Name className="java.lang.String">SOURCE</Name>
  <Value className="java.lang.String">CHEBI</Value>
</Feature>
<Feature>
  <Name className="java.lang.String">LABEL</Name>
  <Value className="java.lang.String">Biomaterial</Value>
</Feature>
<Feature>
  <Name className="java.lang.String">lemma</Name>
  <Value className="java.lang.String">plla</Value>
</Feature>
<Feature>
  <Name className="java.lang.String">text</Name>
  <Value className="java.lang.String">PLLA</Value>
</Feature>
<Feature>
  <Name className="java.lang.String">ID</Name>
  <Value className="java.lang.String">CHEBI:53408</Value>
</Feature>
<Feature>
  <Name className="java.lang.String">PrefSynonym</Name>
  <Value className="java.lang.String">poly[(s)-lactic acid]</Value>
</Feature>
</Annotation>
<Annotation Id="887" Type="ManufacturedObjectFeatures" StartNode="196" EndNode="215">
<Feature>
  <Name className="java.lang.String">original_lemma</Name>
  <Value className="java.lang.String">chemical property</Value>
</Feature>
<Feature>
  <Name className="java.lang.String">SOURCE</Name>
  <Value className="java.lang.String">DEB_ONTOLOGY</Value>
</Feature>
<Feature>
  <Name className="java.lang.String">LABEL</Name>
  <Value className="java.lang.String">ManufacturedObjectFeatures</Value>
</Feature>
<Feature>
  <Name className="java.lang.String">lemma</Name>
  <Value className="java.lang.String">chemical property</Value>
</Feature>
<Feature>
  <Name className="java.lang.String">text</Name>
  <Value className="java.lang.String">chemical properties</Value>
</Feature>
<Feature>
  <Name className="java.lang.String">ID</Name>
  <Value className="java.lang.String">DEB_ont.ChemicalProperty</Value>
</Feature>
<Feature>
  <Name className="java.lang.String">PrefSynonym</Name>
  <Value className="java.lang.String">chemical property</Value>
</Feature>
</Annotation>
<Annotation Id="888" Type="Biomaterial" StartNode="247" EndNode="251">
<Feature>
  <Name className="java.lang.String">original_lemma</Name>
  <Value className="java.lang.String">plla</Value>
</Feature>
<Feature>
  <Name className="java.lang.String">SOURCE</Name>
  <Value className="java.lang.String">CHEBI</Value>
</Feature>
<Feature>
  <Name className="java.lang.String">LABEL</Name>
  <Value className="java.lang.String">Biomaterial</Value>
</Feature>
<Feature>
  <Name className="java.lang.String">lemma</Name>
  <Value className="java.lang.String">plla</Value>
</Feature>
<Feature>
  <Name className="java.lang.String">text</Name>
  <Value className="java.lang.String">PLLA</Value>
</Feature>
<Feature>
  <Name className="java.lang.String">ID</Name>
  <Value className="java.lang.String">CHEBI:53408</Value>
</Feature>
<Feature>
  <Name className="java.lang.String">PrefSynonym</Name>
  <Value className="java.lang.String">poly[(s)-lactic acid]</Value>
</Feature>
</Annotation>
<Annotation Id="889" Type="Biomaterial" StartNode="309" EndNode="313">
<Feature>
  <Name className="java.lang.String">original_lemma</Name>
  <Value className="java.lang.String">plla</Value>
</Feature>
<Feature>
  <Name className="java.lang.String">SOURCE</Name>
  <Value className="java.lang.String">CHEBI</Value>
</Feature>
<Feature>
  <Name className="java.lang.String">LABEL</Name>
  <Value className="java.lang.String">Biomaterial</Value>
</Feature>
<Feature>
  <Name className="java.lang.String">lemma</Name>
  <Value className="java.lang.String">plla</Value>
</Feature>
<Feature>
  <Name className="java.lang.String">text</Name>
  <Value className="java.lang.String">PLLA</Value>
</Feature>
<Feature>
  <Name className="java.lang.String">ID</Name>
  <Value className="java.lang.String">CHEBI:53408</Value>
</Feature>
<Feature>
  <Name className="java.lang.String">PrefSynonym</Name>
  <Value className="java.lang.String">poly[(s)-lactic acid]</Value>
</Feature>
</Annotation>
<Annotation Id="890" Type="Cell" StartNode="317" EndNode="327">
<Feature>
  <Name className="java.lang.String">original_lemma</Name>
  <Value className="java.lang.String">osteoblast</Value>
</Feature>
<Feature>
  <Name className="java.lang.String">SOURCE</Name>
  <Value className="java.lang.String">UBERON</Value>
</Feature>
<Feature>
  <Name className="java.lang.String">LABEL</Name>
  <Value className="java.lang.String">Cell</Value>
</Feature>
<Feature>
  <Name className="java.lang.String">lemma</Name>
  <Value className="java.lang.String">osteoblast</Value>
</Feature>
<Feature>
  <Name className="java.lang.String">text</Name>
  <Value className="java.lang.String">osteoblast</Value>
</Feature>
<Feature>
  <Name className="java.lang.String">ID</Name>
  <Value className="java.lang.String">obo.CL_0000062</Value>
</Feature>
<Feature>
  <Name className="java.lang.String">PrefSynonym</Name>
  <Value className="java.lang.String">osteoblast</Value>
</Feature>
</Annotation>
<Annotation Id="891" Type="AssociatedBiologicalProcess" StartNode="346" EndNode="361">
<Feature>
  <Name className="java.lang.String">original_lemma</Name>
  <Value className="java.lang.String">differentiation</Value>
</Feature>
<Feature>
  <Name className="java.lang.String">SOURCE</Name>
  <Value className="java.lang.String">DEB_ONTOLOGY</Value>
</Feature>
<Feature>
  <Name className="java.lang.String">LABEL</Name>
  <Value className="java.lang.String">AssociatedBiologicalProcess</Value>
</Feature>
<Feature>
  <Name className="java.lang.String">lemma</Name>
  <Value className="java.lang.String">differentiation</Value>
</Feature>
<Feature>
  <Name className="java.lang.String">text</Name>
  <Value className="java.lang.String">differentiation</Value>
</Feature>
<Feature>
  <Name className="java.lang.String">ID</Name>
  <Value className="java.lang.String">DEB_ont.CellularDifferentiation</Value>
</Feature>
<Feature>
  <Name className="java.lang.String">PrefSynonym</Name>
  <Value className="java.lang.String">cellular differentiation</Value>
</Feature>
</Annotation>
<Annotation Id="892" Type="StudyType" StartNode="375" EndNode="383">
<Feature>
  <Name className="java.lang.String">original_lemma</Name>
  <Value className="java.lang.String">in vitro</Value>
</Feature>
<Feature>
  <Name className="java.lang.String">SOURCE</Name>
  <Value className="java.lang.String">DEB_ONTOLOGY</Value>
</Feature>
<Feature>
  <Name className="java.lang.String">LABEL</Name>
  <Value className="java.lang.String">StudyType</Value>
</Feature>
<Feature>
  <Name className="java.lang.String">lemma</Name>
  <Value className="java.lang.String">in vitro</Value>
</Feature>
<Feature>
  <Name className="java.lang.String">text</Name>
  <Value className="java.lang.String">in vitro</Value>
</Feature>
<Feature>
  <Name className="java.lang.String">ID</Name>
  <Value className="java.lang.String">DEB_ont.InVitro</Value>
</Feature>
<Feature>
  <Name className="java.lang.String">PrefSynonym</Name>
  <Value className="java.lang.String">in vitro</Value>
</Feature>
</Annotation>
<Annotation Id="893" Type="Cell" StartNode="385" EndNode="395">
<Feature>
  <Name className="java.lang.String">original_lemma</Name>
  <Value className="java.lang.String">osteoblast</Value>
</Feature>
<Feature>
  <Name className="java.lang.String">SOURCE</Name>
  <Value className="java.lang.String">UBERON</Value>
</Feature>
<Feature>
  <Name className="java.lang.String">LABEL</Name>
  <Value className="java.lang.String">Cell</Value>
</Feature>
<Feature>
  <Name className="java.lang.String">lemma</Name>
  <Value className="java.lang.String">osteoblast</Value>
</Feature>
<Feature>
  <Name className="java.lang.String">text</Name>
  <Value className="java.lang.String">Osteoblast</Value>
</Feature>
<Feature>
  <Name className="java.lang.String">ID</Name>
  <Value className="java.lang.String">obo.CL_0000062</Value>
</Feature>
<Feature>
  <Name className="java.lang.String">PrefSynonym</Name>
  <Value className="java.lang.String">osteoblast</Value>
</Feature>
</Annotation>
<Annotation Id="894" Type="Biomaterial" StartNode="449" EndNode="453">
<Feature>
  <Name className="java.lang.String">original_lemma</Name>
  <Value className="java.lang.String">plla</Value>
</Feature>
<Feature>
  <Name className="java.lang.String">SOURCE</Name>
  <Value className="java.lang.String">CHEBI</Value>
</Feature>
<Feature>
  <Name className="java.lang.String">LABEL</Name>
  <Value className="java.lang.String">Biomaterial</Value>
</Feature>
<Feature>
  <Name className="java.lang.String">lemma</Name>
  <Value className="java.lang.String">plla</Value>
</Feature>
<Feature>
  <Name className="java.lang.String">text</Name>
  <Value className="java.lang.String">PLLA</Value>
</Feature>
<Feature>
  <Name className="java.lang.String">ID</Name>
  <Value className="java.lang.String">CHEBI:53408</Value>
</Feature>
<Feature>
  <Name className="java.lang.String">PrefSynonym</Name>
  <Value className="java.lang.String">poly[(s)-lactic acid]</Value>
</Feature>
</Annotation>
<Annotation Id="895" Type="ResearchTechnique" StartNode="613" EndNode="627">
<Feature>
  <Name className="java.lang.String">original_lemma</Name>
  <Value className="java.lang.String">cell culture</Value>
</Feature>
<Feature>
  <Name className="java.lang.String">SOURCE</Name>
  <Value className="java.lang.String">NCIT</Value>
</Feature>
<Feature>
  <Name className="java.lang.String">LABEL</Name>
  <Value className="java.lang.String">ResearchTechnique</Value>
</Feature>
<Feature>
  <Name className="java.lang.String">lemma</Name>
  <Value className="java.lang.String">cell culture</Value>
</Feature>
<Feature>
  <Name className="java.lang.String">text</Name>
  <Value className="java.lang.String">cells cultured</Value>
</Feature>
<Feature>
  <Name className="java.lang.String">ID</Name>
  <Value className="java.lang.String">ncit.C16396</Value>
</Feature>
<Feature>
  <Name className="java.lang.String">PrefSynonym</Name>
  <Value className="java.lang.String">cell culture</Value>
</Feature>
</Annotation>
</AnnotationSet>

<!-- Named annotation set -->

<AnnotationSet Name="Original markups">
<Annotation Id="0" Type="paragraph" StartNode="0" EndNode="2319">
</Annotation>
</AnnotationSet>

</GateDocument>
