<?xml version='1.0' encoding='UTF-8'?>
<GateDocument version="3">
<!-- The document's features-->

<GateDocumentFeatures>
<Feature>
  <Name className="java.lang.String">gate.SourceURL</Name>
  <Value className="java.lang.String">file:/home/jcorvi/projects/debbie/DEBBIE_pipeline/work/df/a8b715387fe9ca0cf0796364e67a01/test_set/19756968.txt</Value>
</Feature>
<Feature>
  <Name className="java.lang.String">MimeType</Name>
  <Value className="java.lang.String">text/plain</Value>
</Feature>
<Feature>
  <Name className="java.lang.String">docNewLineType</Name>
  <Value className="java.lang.String">LF</Value>
</Feature>
</GateDocumentFeatures>
<!-- The document content area with serialized nodes -->

<TextWithNodes><Node id="0"/>2010 Jan
<Node id="9"/>In vitro<Node id="17"/> and <Node id="22"/>in vivo<Node id="29"/> evaluation of the effects of <Node id="59"/>demineralized <Node id="73"/>bone<Node id="77"/> matrix<Node id="84"/> or
<Node id="88"/>calcium sulfate<Node id="103"/> addition to <Node id="116"/>polycaprolactone<Node id="132"/> <Node id="133"/>bioglass<Node id="141"/> <Node id="142"/>composites<Node id="152"/>.
P The objective of this study was to improve the efficacy of
<Node id="215"/>polycaprolactone/bioglass<Node id="240"/>  <Node id="242"/>PCL/BG<Node id="248"/>  <Node id="250"/>bone substitute<Node id="265"/> using <Node id="272"/>demineralized <Node id="286"/>bone<Node id="290"/>
matrix<Node id="297"/>  <Node id="299"/>DBM<Node id="302"/>  or <Node id="307"/>calcium sulfate<Node id="322"/>  <Node id="324"/>CS<Node id="326"/>  as a third component. <Node id="350"/>Composite<Node id="359"/> <Node id="360"/>discs<Node id="365"/>
involving either <Node id="383"/>DBM<Node id="386"/> or <Node id="390"/>CS<Node id="392"/> were prepared by <Node id="410"/>compression moulding<Node id="430"/>. <Node id="432"/>Bioactivity<Node id="443"/> of
<Node id="447"/>discs<Node id="452"/> was evaluated by <Node id="470"/>energy dispersive X ray <Node id="494"/>spectroscopy<Node id="506"/>  <Node id="508"/>ESCA<Node id="512"/>  and <Node id="518"/>scanning
electron microscopy<Node id="546"/>  <Node id="548"/>SEM<Node id="551"/>  following simulated body fluid incubation. The closest
<Node id="608"/>Calcium/Phosphate<Node id="625"/> ratio to that of hydroxyl carbonate apatite crystals was
observed for <Node id="696"/>PCL<Node id="699"/>/ BG/DBM<Node id="707"/> group  1.53  after 15 day incubation. Addition of
<Node id="758"/>fillers<Node id="765"/> increased <Node id="776"/>microhardness<Node id="789"/> and <Node id="794"/>compressive modulus<Node id="813"/> of discs. However, after
4 and 6 week <Node id="852"/>PBS incubations<Node id="867"/>, <Node id="869"/>PCL/BG/DBM<Node id="879"/> discs showed significant decrease in
<Node id="917"/>modulus<Node id="924"/>  from 266.23 to 54.04 and 33.45 MPa, respectively  in parallel with its
highest water uptakes  36.3 and 34.7% . <Node id="1037"/>Discs<Node id="1042"/> preserved their <Node id="1059"/>integrity<Node id="1068"/> with only
considerable <Node id="1092"/>weight loss<Node id="1103"/>  7.5 14.5%  in <Node id="1119"/>PCL/BG/DBM<Node id="1129"/> group. <Node id="1137"/>In vitro<Node id="1145"/> <Node id="1146"/>cytotoxicity<Node id="1158"/>
tests showed that all discs were <Node id="1192"/>biocompatible<Node id="1205"/>.
<Node id="1207"/></TextWithNodes>
<!-- The default annotation set -->

<AnnotationSet>
</AnnotationSet>

<!-- Named annotation set -->

<AnnotationSet Name="SYSTEM">
<Annotation Id="345" Type="BiologicallyActiveSubstance" StartNode="88" EndNode="103">
<Feature>
  <Name className="java.lang.String">UMLS_SOURCE_CODE</Name>
  <Value className="java.lang.String">D002133</Value>
</Feature>
<Feature>
  <Name className="java.lang.String">UMLS_SEM_TYPE_STR</Name>
  <Value className="java.lang.String">Pharmacologic Substance</Value>
</Feature>
<Feature>
  <Name className="java.lang.String">UMLS_CUI</Name>
  <Value className="java.lang.String">C0006720</Value>
</Feature>
<Feature>
  <Name className="java.lang.String">original_lemma</Name>
  <Value className="java.lang.String">calcium sulfate</Value>
</Feature>
<Feature>
  <Name className="java.lang.String">UMLS_SOURCE</Name>
  <Value className="java.lang.String">MSH</Value>
</Feature>
<Feature>
  <Name className="java.lang.String">SOURCE</Name>
  <Value className="java.lang.String">UMLS</Value>
</Feature>
<Feature>
  <Name className="java.lang.String">LABEL</Name>
  <Value className="java.lang.String">BiologicallyActiveSubstance</Value>
</Feature>
<Feature>
  <Name className="java.lang.String">lemma</Name>
  <Value className="java.lang.String">calcium sulfate</Value>
</Feature>
<Feature>
  <Name className="java.lang.String">text</Name>
  <Value className="java.lang.String">calcium sulfate</Value>
</Feature>
<Feature>
  <Name className="java.lang.String">PrefSynonym</Name>
  <Value className="java.lang.String">calcium sulfate</Value>
</Feature>
<Feature>
  <Name className="java.lang.String">UMLS_SEM_TYPE</Name>
  <Value className="java.lang.String">T121</Value>
</Feature>
</Annotation>
<Annotation Id="346" Type="Biomaterial" StartNode="250" EndNode="265">
<Feature>
  <Name className="java.lang.String">UMLS_SOURCE_CODE</Name>
  <Value className="java.lang.String">D018786</Value>
</Feature>
<Feature>
  <Name className="java.lang.String">UMLS_SEM_TYPE_STR</Name>
  <Value className="java.lang.String">Biomedical or Dental Material</Value>
</Feature>
<Feature>
  <Name className="java.lang.String">UMLS_CUI</Name>
  <Value className="java.lang.String">C0243003</Value>
</Feature>
<Feature>
  <Name className="java.lang.String">original_lemma</Name>
  <Value className="java.lang.String">bone substitute</Value>
</Feature>
<Feature>
  <Name className="java.lang.String">UMLS_SOURCE</Name>
  <Value className="java.lang.String">MSH</Value>
</Feature>
<Feature>
  <Name className="java.lang.String">SOURCE</Name>
  <Value className="java.lang.String">UMLS</Value>
</Feature>
<Feature>
  <Name className="java.lang.String">LABEL</Name>
  <Value className="java.lang.String">Biomaterial</Value>
</Feature>
<Feature>
  <Name className="java.lang.String">lemma</Name>
  <Value className="java.lang.String">bone substitute</Value>
</Feature>
<Feature>
  <Name className="java.lang.String">text</Name>
  <Value className="java.lang.String">bone substitute</Value>
</Feature>
<Feature>
  <Name className="java.lang.String">PrefSynonym</Name>
  <Value className="java.lang.String">bone substitute</Value>
</Feature>
<Feature>
  <Name className="java.lang.String">UMLS_SEM_TYPE</Name>
  <Value className="java.lang.String">T122</Value>
</Feature>
</Annotation>
<Annotation Id="347" Type="BiologicallyActiveSubstance" StartNode="307" EndNode="322">
<Feature>
  <Name className="java.lang.String">UMLS_SOURCE_CODE</Name>
  <Value className="java.lang.String">D002133</Value>
</Feature>
<Feature>
  <Name className="java.lang.String">UMLS_SEM_TYPE_STR</Name>
  <Value className="java.lang.String">Pharmacologic Substance</Value>
</Feature>
<Feature>
  <Name className="java.lang.String">UMLS_CUI</Name>
  <Value className="java.lang.String">C0006720</Value>
</Feature>
<Feature>
  <Name className="java.lang.String">original_lemma</Name>
  <Value className="java.lang.String">calcium sulfate</Value>
</Feature>
<Feature>
  <Name className="java.lang.String">UMLS_SOURCE</Name>
  <Value className="java.lang.String">MSH</Value>
</Feature>
<Feature>
  <Name className="java.lang.String">SOURCE</Name>
  <Value className="java.lang.String">UMLS</Value>
</Feature>
<Feature>
  <Name className="java.lang.String">LABEL</Name>
  <Value className="java.lang.String">BiologicallyActiveSubstance</Value>
</Feature>
<Feature>
  <Name className="java.lang.String">lemma</Name>
  <Value className="java.lang.String">calcium sulfate</Value>
</Feature>
<Feature>
  <Name className="java.lang.String">text</Name>
  <Value className="java.lang.String">calcium sulfate</Value>
</Feature>
<Feature>
  <Name className="java.lang.String">PrefSynonym</Name>
  <Value className="java.lang.String">calcium sulfate</Value>
</Feature>
<Feature>
  <Name className="java.lang.String">UMLS_SEM_TYPE</Name>
  <Value className="java.lang.String">T121</Value>
</Feature>
</Annotation>
<Annotation Id="348" Type="ResearchTechnique" StartNode="470" EndNode="506">
<Feature>
  <Name className="java.lang.String">UMLS_SOURCE_CODE</Name>
  <Value className="java.lang.String">D013052</Value>
</Feature>
<Feature>
  <Name className="java.lang.String">UMLS_SEM_TYPE_STR</Name>
  <Value className="java.lang.String">Laboratory Procedure</Value>
</Feature>
<Feature>
  <Name className="java.lang.String">UMLS_CUI</Name>
  <Value className="java.lang.String">C2699997</Value>
</Feature>
<Feature>
  <Name className="java.lang.String">original_lemma</Name>
  <Value className="java.lang.String">energy dispersive x ray spectroscopy</Value>
</Feature>
<Feature>
  <Name className="java.lang.String">UMLS_SOURCE</Name>
  <Value className="java.lang.String">MSH</Value>
</Feature>
<Feature>
  <Name className="java.lang.String">SOURCE</Name>
  <Value className="java.lang.String">UMLS</Value>
</Feature>
<Feature>
  <Name className="java.lang.String">LABEL</Name>
  <Value className="java.lang.String">ResearchTechnique</Value>
</Feature>
<Feature>
  <Name className="java.lang.String">lemma</Name>
  <Value className="java.lang.String">energy dispersive x ray spectroscopy</Value>
</Feature>
<Feature>
  <Name className="java.lang.String">text</Name>
  <Value className="java.lang.String">energy dispersive X ray spectroscopy</Value>
</Feature>
<Feature>
  <Name className="java.lang.String">PrefSynonym</Name>
  <Value className="java.lang.String">energy dispersive x ray spectroscopy</Value>
</Feature>
<Feature>
  <Name className="java.lang.String">UMLS_SEM_TYPE</Name>
  <Value className="java.lang.String">T059</Value>
</Feature>
</Annotation>
<Annotation Id="349" Type="BiologicallyActiveSubstance" StartNode="608" EndNode="625">
<Feature>
  <Name className="java.lang.String">UMLS_SOURCE_CODE</Name>
  <Value className="java.lang.String">D002118</Value>
</Feature>
<Feature>
  <Name className="java.lang.String">UMLS_SEM_TYPE_STR</Name>
  <Value className="java.lang.String">Pharmacologic Substance</Value>
</Feature>
<Feature>
  <Name className="java.lang.String">UMLS_CUI</Name>
  <Value className="java.lang.String">C0006675</Value>
</Feature>
<Feature>
  <Name className="java.lang.String">original_lemma</Name>
  <Value className="java.lang.String">calcium/phosphate</Value>
</Feature>
<Feature>
  <Name className="java.lang.String">UMLS_SOURCE</Name>
  <Value className="java.lang.String">MSH</Value>
</Feature>
<Feature>
  <Name className="java.lang.String">SOURCE</Name>
  <Value className="java.lang.String">UMLS</Value>
</Feature>
<Feature>
  <Name className="java.lang.String">LABEL</Name>
  <Value className="java.lang.String">BiologicallyActiveSubstance</Value>
</Feature>
<Feature>
  <Name className="java.lang.String">lemma</Name>
  <Value className="java.lang.String">calcium/phosphate</Value>
</Feature>
<Feature>
  <Name className="java.lang.String">text</Name>
  <Value className="java.lang.String">Calcium/Phosphate</Value>
</Feature>
<Feature>
  <Name className="java.lang.String">PrefSynonym</Name>
  <Value className="java.lang.String">calcium/phosphate</Value>
</Feature>
<Feature>
  <Name className="java.lang.String">UMLS_SEM_TYPE</Name>
  <Value className="java.lang.String">T121</Value>
</Feature>
</Annotation>
<Annotation Id="350" Type="StudyType" StartNode="9" EndNode="17">
<Feature>
  <Name className="java.lang.String">original_lemma</Name>
  <Value className="java.lang.String">in vitro</Value>
</Feature>
<Feature>
  <Name className="java.lang.String">SOURCE</Name>
  <Value className="java.lang.String">DEB_ONTOLOGY</Value>
</Feature>
<Feature>
  <Name className="java.lang.String">LABEL</Name>
  <Value className="java.lang.String">StudyType</Value>
</Feature>
<Feature>
  <Name className="java.lang.String">lemma</Name>
  <Value className="java.lang.String">in vitro</Value>
</Feature>
<Feature>
  <Name className="java.lang.String">text</Name>
  <Value className="java.lang.String">In vitro</Value>
</Feature>
<Feature>
  <Name className="java.lang.String">ID</Name>
  <Value className="java.lang.String">DEB_ont.InVitro</Value>
</Feature>
<Feature>
  <Name className="java.lang.String">PrefSynonym</Name>
  <Value className="java.lang.String">in vitro</Value>
</Feature>
</Annotation>
<Annotation Id="351" Type="StudyType" StartNode="22" EndNode="29">
<Feature>
  <Name className="java.lang.String">original_lemma</Name>
  <Value className="java.lang.String">in vivo</Value>
</Feature>
<Feature>
  <Name className="java.lang.String">SOURCE</Name>
  <Value className="java.lang.String">DEB_ONTOLOGY</Value>
</Feature>
<Feature>
  <Name className="java.lang.String">LABEL</Name>
  <Value className="java.lang.String">StudyType</Value>
</Feature>
<Feature>
  <Name className="java.lang.String">lemma</Name>
  <Value className="java.lang.String">in vivo</Value>
</Feature>
<Feature>
  <Name className="java.lang.String">text</Name>
  <Value className="java.lang.String">in vivo</Value>
</Feature>
<Feature>
  <Name className="java.lang.String">ID</Name>
  <Value className="java.lang.String">DEB_ont.InVivo</Value>
</Feature>
<Feature>
  <Name className="java.lang.String">PrefSynonym</Name>
  <Value className="java.lang.String">in vivo</Value>
</Feature>
</Annotation>
<Annotation Id="352" Type="BiologicallyActiveSubstance" StartNode="59" EndNode="84">
<Feature>
  <Name className="java.lang.String">original_lemma</Name>
  <Value className="java.lang.String">demineralize bone matrix</Value>
</Feature>
<Feature>
  <Name className="java.lang.String">SOURCE</Name>
  <Value className="java.lang.String">DEB_ONTOLOGY</Value>
</Feature>
<Feature>
  <Name className="java.lang.String">LABEL</Name>
  <Value className="java.lang.String">BiologicallyActiveSubstance</Value>
</Feature>
<Feature>
  <Name className="java.lang.String">lemma</Name>
  <Value className="java.lang.String">demineralize bone matrix</Value>
</Feature>
<Feature>
  <Name className="java.lang.String">text</Name>
  <Value className="java.lang.String">demineralized bone matrix</Value>
</Feature>
<Feature>
  <Name className="java.lang.String">ID</Name>
  <Value className="java.lang.String">DEB_ont.DemineralizedBoneMatrix</Value>
</Feature>
<Feature>
  <Name className="java.lang.String">PrefSynonym</Name>
  <Value className="java.lang.String">demineralize bone matrix</Value>
</Feature>
</Annotation>
<Annotation Id="353" Type="BiomaterialType" StartNode="142" EndNode="152">
<Feature>
  <Name className="java.lang.String">original_lemma</Name>
  <Value className="java.lang.String">composite</Value>
</Feature>
<Feature>
  <Name className="java.lang.String">SOURCE</Name>
  <Value className="java.lang.String">DEB_ONTOLOGY</Value>
</Feature>
<Feature>
  <Name className="java.lang.String">LABEL</Name>
  <Value className="java.lang.String">BiomaterialType</Value>
</Feature>
<Feature>
  <Name className="java.lang.String">lemma</Name>
  <Value className="java.lang.String">composite</Value>
</Feature>
<Feature>
  <Name className="java.lang.String">text</Name>
  <Value className="java.lang.String">composites</Value>
</Feature>
<Feature>
  <Name className="java.lang.String">ID</Name>
  <Value className="java.lang.String">DEB_ont.Composite</Value>
</Feature>
<Feature>
  <Name className="java.lang.String">PrefSynonym</Name>
  <Value className="java.lang.String">composite</Value>
</Feature>
</Annotation>
<Annotation Id="354" Type="Biomaterial" StartNode="242" EndNode="248">
<Feature>
  <Name className="java.lang.String">original_lemma</Name>
  <Value className="java.lang.String">pcl/bg</Value>
</Feature>
<Feature>
  <Name className="java.lang.String">SOURCE</Name>
  <Value className="java.lang.String">DEB_ONTOLOGY</Value>
</Feature>
<Feature>
  <Name className="java.lang.String">LABEL</Name>
  <Value className="java.lang.String">Biomaterial</Value>
</Feature>
<Feature>
  <Name className="java.lang.String">lemma</Name>
  <Value className="java.lang.String">pcl/bg</Value>
</Feature>
<Feature>
  <Name className="java.lang.String">text</Name>
  <Value className="java.lang.String">PCL/BG</Value>
</Feature>
<Feature>
  <Name className="java.lang.String">ID</Name>
  <Value className="java.lang.String">DEB_ont.PCL</Value>
</Feature>
<Feature>
  <Name className="java.lang.String">PrefSynonym</Name>
  <Value className="java.lang.String">pcl/bg</Value>
</Feature>
</Annotation>
<Annotation Id="355" Type="BiologicallyActiveSubstance" StartNode="272" EndNode="297">
<Feature>
  <Name className="java.lang.String">original_lemma</Name>
  <Value className="java.lang.String">demineralize bone matrix</Value>
</Feature>
<Feature>
  <Name className="java.lang.String">SOURCE</Name>
  <Value className="java.lang.String">DEB_ONTOLOGY</Value>
</Feature>
<Feature>
  <Name className="java.lang.String">LABEL</Name>
  <Value className="java.lang.String">BiologicallyActiveSubstance</Value>
</Feature>
<Feature>
  <Name className="java.lang.String">lemma</Name>
  <Value className="java.lang.String">demineralize bone matrix</Value>
</Feature>
<Feature>
  <Name className="java.lang.String">text</Name>
  <Value className="java.lang.String">demineralized bone
matrix</Value>
</Feature>
<Feature>
  <Name className="java.lang.String">ID</Name>
  <Value className="java.lang.String">DEB_ont.DemineralizedBoneMatrix</Value>
</Feature>
<Feature>
  <Name className="java.lang.String">PrefSynonym</Name>
  <Value className="java.lang.String">demineralize bone matrix</Value>
</Feature>
</Annotation>
<Annotation Id="356" Type="BiomaterialType" StartNode="350" EndNode="359">
<Feature>
  <Name className="java.lang.String">original_lemma</Name>
  <Value className="java.lang.String">Composite</Value>
</Feature>
<Feature>
  <Name className="java.lang.String">SOURCE</Name>
  <Value className="java.lang.String">DEB_ONTOLOGY</Value>
</Feature>
<Feature>
  <Name className="java.lang.String">LABEL</Name>
  <Value className="java.lang.String">BiomaterialType</Value>
</Feature>
<Feature>
  <Name className="java.lang.String">lemma</Name>
  <Value className="java.lang.String">composite</Value>
</Feature>
<Feature>
  <Name className="java.lang.String">text</Name>
  <Value className="java.lang.String">Composite</Value>
</Feature>
<Feature>
  <Name className="java.lang.String">ID</Name>
  <Value className="java.lang.String">DEB_ont.Composite</Value>
</Feature>
<Feature>
  <Name className="java.lang.String">PrefSynonym</Name>
  <Value className="java.lang.String">composite</Value>
</Feature>
</Annotation>
<Annotation Id="357" Type="MaterialProcessing" StartNode="410" EndNode="430">
<Feature>
  <Name className="java.lang.String">original_lemma</Name>
  <Value className="java.lang.String">compression moulding</Value>
</Feature>
<Feature>
  <Name className="java.lang.String">SOURCE</Name>
  <Value className="java.lang.String">CHMO</Value>
</Feature>
<Feature>
  <Name className="java.lang.String">LABEL</Name>
  <Value className="java.lang.String">MaterialProcessing</Value>
</Feature>
<Feature>
  <Name className="java.lang.String">lemma</Name>
  <Value className="java.lang.String">compression moulding</Value>
</Feature>
<Feature>
  <Name className="java.lang.String">text</Name>
  <Value className="java.lang.String">compression moulding</Value>
</Feature>
<Feature>
  <Name className="java.lang.String">ID</Name>
  <Value className="java.lang.String">obo.CHMO_0001429</Value>
</Feature>
<Feature>
  <Name className="java.lang.String">PrefSynonym</Name>
  <Value className="java.lang.String">compression moulding</Value>
</Feature>
</Annotation>
<Annotation Id="358" Type="EffectOnBiologicalSystem" StartNode="432" EndNode="443">
<Feature>
  <Name className="java.lang.String">original_lemma</Name>
  <Value className="java.lang.String">bioactivity</Value>
</Feature>
<Feature>
  <Name className="java.lang.String">SOURCE</Name>
  <Value className="java.lang.String">DEB_ONTOLOGY</Value>
</Feature>
<Feature>
  <Name className="java.lang.String">LABEL</Name>
  <Value className="java.lang.String">EffectOnBiologicalSystem</Value>
</Feature>
<Feature>
  <Name className="java.lang.String">lemma</Name>
  <Value className="java.lang.String">bioactivity</Value>
</Feature>
<Feature>
  <Name className="java.lang.String">text</Name>
  <Value className="java.lang.String">Bioactivity</Value>
</Feature>
<Feature>
  <Name className="java.lang.String">ID</Name>
  <Value className="java.lang.String">DEB_ont.Bioactivity</Value>
</Feature>
<Feature>
  <Name className="java.lang.String">PrefSynonym</Name>
  <Value className="java.lang.String">bioactivity</Value>
</Feature>
</Annotation>
<Annotation Id="359" Type="ResearchTechnique" StartNode="494" EndNode="506">
<Feature>
  <Name className="java.lang.String">original_lemma</Name>
  <Value className="java.lang.String">spectroscopy</Value>
</Feature>
<Feature>
  <Name className="java.lang.String">SOURCE</Name>
  <Value className="java.lang.String">EDAM</Value>
</Feature>
<Feature>
  <Name className="java.lang.String">LABEL</Name>
  <Value className="java.lang.String">ResearchTechnique</Value>
</Feature>
<Feature>
  <Name className="java.lang.String">lemma</Name>
  <Value className="java.lang.String">spectroscopy</Value>
</Feature>
<Feature>
  <Name className="java.lang.String">text</Name>
  <Value className="java.lang.String">spectroscopy</Value>
</Feature>
<Feature>
  <Name className="java.lang.String">ID</Name>
  <Value className="java.lang.String">EDAM-bioimaging_alpha06.topic__RBfI2XgIsxcfKonPPluKAhK</Value>
</Feature>
<Feature>
  <Name className="java.lang.String">PrefSynonym</Name>
  <Value className="java.lang.String">spectroscopy</Value>
</Feature>
</Annotation>
<Annotation Id="360" Type="ResearchTechnique" StartNode="518" EndNode="546">
<Feature>
  <Name className="java.lang.String">original_lemma</Name>
  <Value className="java.lang.String">scanning electron microscopy</Value>
</Feature>
<Feature>
  <Name className="java.lang.String">SOURCE</Name>
  <Value className="java.lang.String">DEB_ONTOLOGY</Value>
</Feature>
<Feature>
  <Name className="java.lang.String">LABEL</Name>
  <Value className="java.lang.String">ResearchTechnique</Value>
</Feature>
<Feature>
  <Name className="java.lang.String">lemma</Name>
  <Value className="java.lang.String">scanning electron microscopy</Value>
</Feature>
<Feature>
  <Name className="java.lang.String">text</Name>
  <Value className="java.lang.String">scanning
electron microscopy</Value>
</Feature>
<Feature>
  <Name className="java.lang.String">ID</Name>
  <Value className="java.lang.String">DEB_ont.ScanningElectronMicroscopy</Value>
</Feature>
<Feature>
  <Name className="java.lang.String">PrefSynonym</Name>
  <Value className="java.lang.String">scanning electron microscopy</Value>
</Feature>
</Annotation>
<Annotation Id="361" Type="ResearchTechnique" StartNode="548" EndNode="551">
<Feature>
  <Name className="java.lang.String">original_lemma</Name>
  <Value className="java.lang.String">sem</Value>
</Feature>
<Feature>
  <Name className="java.lang.String">SOURCE</Name>
  <Value className="java.lang.String">DEB_ONTOLOGY</Value>
</Feature>
<Feature>
  <Name className="java.lang.String">LABEL</Name>
  <Value className="java.lang.String">ResearchTechnique</Value>
</Feature>
<Feature>
  <Name className="java.lang.String">lemma</Name>
  <Value className="java.lang.String">sem</Value>
</Feature>
<Feature>
  <Name className="java.lang.String">text</Name>
  <Value className="java.lang.String">SEM</Value>
</Feature>
<Feature>
  <Name className="java.lang.String">ID</Name>
  <Value className="java.lang.String">DEB_ont.ScanningElectronMicroscopy</Value>
</Feature>
<Feature>
  <Name className="java.lang.String">PrefSynonym</Name>
  <Value className="java.lang.String">scanning electron microscopy</Value>
</Feature>
</Annotation>
<Annotation Id="362" Type="Biomaterial" StartNode="696" EndNode="699">
<Feature>
  <Name className="java.lang.String">original_lemma</Name>
  <Value className="java.lang.String">PCL</Value>
</Feature>
<Feature>
  <Name className="java.lang.String">SOURCE</Name>
  <Value className="java.lang.String">DEB_ONTOLOGY</Value>
</Feature>
<Feature>
  <Name className="java.lang.String">LABEL</Name>
  <Value className="java.lang.String">Biomaterial</Value>
</Feature>
<Feature>
  <Name className="java.lang.String">lemma</Name>
  <Value className="java.lang.String">pcl</Value>
</Feature>
<Feature>
  <Name className="java.lang.String">text</Name>
  <Value className="java.lang.String">PCL</Value>
</Feature>
<Feature>
  <Name className="java.lang.String">ID</Name>
  <Value className="java.lang.String">DEB_ont.PCL</Value>
</Feature>
<Feature>
  <Name className="java.lang.String">PrefSynonym</Name>
  <Value className="java.lang.String">pcl</Value>
</Feature>
</Annotation>
<Annotation Id="363" Type="ManufacturedObjectFeatures" StartNode="794" EndNode="813">
<Feature>
  <Name className="java.lang.String">original_lemma</Name>
  <Value className="java.lang.String">compressive modulus</Value>
</Feature>
<Feature>
  <Name className="java.lang.String">SOURCE</Name>
  <Value className="java.lang.String">DEB_ONTOLOGY</Value>
</Feature>
<Feature>
  <Name className="java.lang.String">LABEL</Name>
  <Value className="java.lang.String">ManufacturedObjectFeatures</Value>
</Feature>
<Feature>
  <Name className="java.lang.String">lemma</Name>
  <Value className="java.lang.String">compressive modulus</Value>
</Feature>
<Feature>
  <Name className="java.lang.String">text</Name>
  <Value className="java.lang.String">compressive modulus</Value>
</Feature>
<Feature>
  <Name className="java.lang.String">ID</Name>
  <Value className="java.lang.String">DEB_ont.CompressiveModulus</Value>
</Feature>
<Feature>
  <Name className="java.lang.String">PrefSynonym</Name>
  <Value className="java.lang.String">compressive modulus</Value>
</Feature>
</Annotation>
<Annotation Id="364" Type="Biomaterial" StartNode="869" EndNode="879">
<Feature>
  <Name className="java.lang.String">original_lemma</Name>
  <Value className="java.lang.String">pcl/bg/dbm</Value>
</Feature>
<Feature>
  <Name className="java.lang.String">SOURCE</Name>
  <Value className="java.lang.String">DEB_ONTOLOGY</Value>
</Feature>
<Feature>
  <Name className="java.lang.String">LABEL</Name>
  <Value className="java.lang.String">Biomaterial</Value>
</Feature>
<Feature>
  <Name className="java.lang.String">lemma</Name>
  <Value className="java.lang.String">pcl/bg/dbm</Value>
</Feature>
<Feature>
  <Name className="java.lang.String">text</Name>
  <Value className="java.lang.String">PCL/BG/DBM</Value>
</Feature>
<Feature>
  <Name className="java.lang.String">ID</Name>
  <Value className="java.lang.String">DEB_ont.PCL</Value>
</Feature>
<Feature>
  <Name className="java.lang.String">PrefSynonym</Name>
  <Value className="java.lang.String">pcl/bg/dbm</Value>
</Feature>
</Annotation>
<Annotation Id="365" Type="Biomaterial" StartNode="1119" EndNode="1129">
<Feature>
  <Name className="java.lang.String">original_lemma</Name>
  <Value className="java.lang.String">pcl/bg/dbm</Value>
</Feature>
<Feature>
  <Name className="java.lang.String">SOURCE</Name>
  <Value className="java.lang.String">DEB_ONTOLOGY</Value>
</Feature>
<Feature>
  <Name className="java.lang.String">LABEL</Name>
  <Value className="java.lang.String">Biomaterial</Value>
</Feature>
<Feature>
  <Name className="java.lang.String">lemma</Name>
  <Value className="java.lang.String">pcl/bg/dbm</Value>
</Feature>
<Feature>
  <Name className="java.lang.String">text</Name>
  <Value className="java.lang.String">PCL/BG/DBM</Value>
</Feature>
<Feature>
  <Name className="java.lang.String">ID</Name>
  <Value className="java.lang.String">DEB_ont.PCL</Value>
</Feature>
<Feature>
  <Name className="java.lang.String">PrefSynonym</Name>
  <Value className="java.lang.String">pcl/bg/dbm</Value>
</Feature>
</Annotation>
<Annotation Id="366" Type="StudyType" StartNode="1137" EndNode="1145">
<Feature>
  <Name className="java.lang.String">original_lemma</Name>
  <Value className="java.lang.String">in vitro</Value>
</Feature>
<Feature>
  <Name className="java.lang.String">SOURCE</Name>
  <Value className="java.lang.String">DEB_ONTOLOGY</Value>
</Feature>
<Feature>
  <Name className="java.lang.String">LABEL</Name>
  <Value className="java.lang.String">StudyType</Value>
</Feature>
<Feature>
  <Name className="java.lang.String">lemma</Name>
  <Value className="java.lang.String">in vitro</Value>
</Feature>
<Feature>
  <Name className="java.lang.String">text</Name>
  <Value className="java.lang.String">In vitro</Value>
</Feature>
<Feature>
  <Name className="java.lang.String">ID</Name>
  <Value className="java.lang.String">DEB_ont.InVitro</Value>
</Feature>
<Feature>
  <Name className="java.lang.String">PrefSynonym</Name>
  <Value className="java.lang.String">in vitro</Value>
</Feature>
</Annotation>
<Annotation Id="367" Type="AdverseEffects" StartNode="1146" EndNode="1158">
<Feature>
  <Name className="java.lang.String">original_lemma</Name>
  <Value className="java.lang.String">cytotoxicity</Value>
</Feature>
<Feature>
  <Name className="java.lang.String">SOURCE</Name>
  <Value className="java.lang.String">DEB_ONTOLOGY</Value>
</Feature>
<Feature>
  <Name className="java.lang.String">LABEL</Name>
  <Value className="java.lang.String">AdverseEffects</Value>
</Feature>
<Feature>
  <Name className="java.lang.String">lemma</Name>
  <Value className="java.lang.String">cytotoxicity</Value>
</Feature>
<Feature>
  <Name className="java.lang.String">text</Name>
  <Value className="java.lang.String">cytotoxicity</Value>
</Feature>
<Feature>
  <Name className="java.lang.String">ID</Name>
  <Value className="java.lang.String">DEB_ont.Cytotoxicity</Value>
</Feature>
<Feature>
  <Name className="java.lang.String">PrefSynonym</Name>
  <Value className="java.lang.String">cytotoxicity</Value>
</Feature>
</Annotation>
<Annotation Id="368" Type="EffectOnBiologicalSystem" StartNode="1192" EndNode="1205">
<Feature>
  <Name className="java.lang.String">original_lemma</Name>
  <Value className="java.lang.String">biocompatible</Value>
</Feature>
<Feature>
  <Name className="java.lang.String">SOURCE</Name>
  <Value className="java.lang.String">DEB_ONTOLOGY</Value>
</Feature>
<Feature>
  <Name className="java.lang.String">LABEL</Name>
  <Value className="java.lang.String">EffectOnBiologicalSystem</Value>
</Feature>
<Feature>
  <Name className="java.lang.String">lemma</Name>
  <Value className="java.lang.String">biocompatible</Value>
</Feature>
<Feature>
  <Name className="java.lang.String">text</Name>
  <Value className="java.lang.String">biocompatible</Value>
</Feature>
<Feature>
  <Name className="java.lang.String">ID</Name>
  <Value className="java.lang.String">deb_ont.biocompatible</Value>
</Feature>
<Feature>
  <Name className="java.lang.String">PrefSynonym</Name>
  <Value className="java.lang.String">biocompatibility</Value>
</Feature>
</Annotation>
<Annotation Id="369" Type="BiologicallyActiveSubstance" StartNode="324" EndNode="326">
<Feature>
  <Name className="java.lang.String">Abbreviation_from</Name>
  <Value className="java.lang.String">calcium sulfate</Value>
</Feature>
<Feature>
  <Name className="java.lang.String">abbreviation_processed</Name>
  <Value className="java.lang.String">true</Value>
</Feature>
</Annotation>
<Annotation Id="370" Type="BiologicallyActiveSubstance" StartNode="390" EndNode="392">
<Feature>
  <Name className="java.lang.String">Abbreviation_from</Name>
  <Value className="java.lang.String">calcium sulfate</Value>
</Feature>
<Feature>
  <Name className="java.lang.String">abbreviation_processed</Name>
  <Value className="java.lang.String">true</Value>
</Feature>
</Annotation>
</AnnotationSet>

<!-- Named annotation set -->

<AnnotationSet Name="VALIDATOR">
<Annotation Id="384" Type="ResearchTechnique" StartNode="494" EndNode="506">
<Feature>
  <Name className="java.lang.String">original_lemma</Name>
  <Value className="java.lang.String">spectroscopy</Value>
</Feature>
<Feature>
  <Name className="java.lang.String">SOURCE</Name>
  <Value className="java.lang.String">EDAM</Value>
</Feature>
<Feature>
  <Name className="java.lang.String">LABEL</Name>
  <Value className="java.lang.String">ResearchTechnique</Value>
</Feature>
<Feature>
  <Name className="java.lang.String">lemma</Name>
  <Value className="java.lang.String">spectroscopy</Value>
</Feature>
<Feature>
  <Name className="java.lang.String">text</Name>
  <Value className="java.lang.String">spectroscopy</Value>
</Feature>
<Feature>
  <Name className="java.lang.String">ID</Name>
  <Value className="java.lang.String">EDAM-bioimaging_alpha06.topic__RBfI2XgIsxcfKonPPluKAhK</Value>
</Feature>
<Feature>
  <Name className="java.lang.String">PrefSynonym</Name>
  <Value className="java.lang.String">spectroscopy</Value>
</Feature>
</Annotation>
<Annotation Id="385" Type="ResearchTechnique" StartNode="518" EndNode="546">
<Feature>
  <Name className="java.lang.String">original_lemma</Name>
  <Value className="java.lang.String">scanning electron microscopy</Value>
</Feature>
<Feature>
  <Name className="java.lang.String">SOURCE</Name>
  <Value className="java.lang.String">DEB_ONTOLOGY</Value>
</Feature>
<Feature>
  <Name className="java.lang.String">LABEL</Name>
  <Value className="java.lang.String">ResearchTechnique</Value>
</Feature>
<Feature>
  <Name className="java.lang.String">lemma</Name>
  <Value className="java.lang.String">scanning electron microscopy</Value>
</Feature>
<Feature>
  <Name className="java.lang.String">text</Name>
  <Value className="java.lang.String">scanning
electron microscopy</Value>
</Feature>
<Feature>
  <Name className="java.lang.String">ID</Name>
  <Value className="java.lang.String">DEB_ont.ScanningElectronMicroscopy</Value>
</Feature>
<Feature>
  <Name className="java.lang.String">PrefSynonym</Name>
  <Value className="java.lang.String">scanning electron microscopy</Value>
</Feature>
</Annotation>
<Annotation Id="386" Type="ResearchTechnique" StartNode="548" EndNode="551">
<Feature>
  <Name className="java.lang.String">original_lemma</Name>
  <Value className="java.lang.String">sem</Value>
</Feature>
<Feature>
  <Name className="java.lang.String">SOURCE</Name>
  <Value className="java.lang.String">DEB_ONTOLOGY</Value>
</Feature>
<Feature>
  <Name className="java.lang.String">LABEL</Name>
  <Value className="java.lang.String">ResearchTechnique</Value>
</Feature>
<Feature>
  <Name className="java.lang.String">lemma</Name>
  <Value className="java.lang.String">sem</Value>
</Feature>
<Feature>
  <Name className="java.lang.String">text</Name>
  <Value className="java.lang.String">SEM</Value>
</Feature>
<Feature>
  <Name className="java.lang.String">ID</Name>
  <Value className="java.lang.String">DEB_ont.ScanningElectronMicroscopy</Value>
</Feature>
<Feature>
  <Name className="java.lang.String">PrefSynonym</Name>
  <Value className="java.lang.String">scanning electron microscopy</Value>
</Feature>
</Annotation>
<Annotation Id="387" Type="ManufacturedObjectFeatures" StartNode="794" EndNode="813">
<Feature>
  <Name className="java.lang.String">original_lemma</Name>
  <Value className="java.lang.String">compressive modulus</Value>
</Feature>
<Feature>
  <Name className="java.lang.String">SOURCE</Name>
  <Value className="java.lang.String">DEB_ONTOLOGY</Value>
</Feature>
<Feature>
  <Name className="java.lang.String">LABEL</Name>
  <Value className="java.lang.String">ManufacturedObjectFeatures</Value>
</Feature>
<Feature>
  <Name className="java.lang.String">lemma</Name>
  <Value className="java.lang.String">compressive modulus</Value>
</Feature>
<Feature>
  <Name className="java.lang.String">text</Name>
  <Value className="java.lang.String">compressive modulus</Value>
</Feature>
<Feature>
  <Name className="java.lang.String">ID</Name>
  <Value className="java.lang.String">DEB_ont.CompressiveModulus</Value>
</Feature>
<Feature>
  <Name className="java.lang.String">PrefSynonym</Name>
  <Value className="java.lang.String">compressive modulus</Value>
</Feature>
</Annotation>
<Annotation Id="388" Type="Biomaterial" StartNode="869" EndNode="879">
<Feature>
  <Name className="java.lang.String">original_lemma</Name>
  <Value className="java.lang.String">pcl/bg/dbm</Value>
</Feature>
<Feature>
  <Name className="java.lang.String">SOURCE</Name>
  <Value className="java.lang.String">DEB_ONTOLOGY</Value>
</Feature>
<Feature>
  <Name className="java.lang.String">LABEL</Name>
  <Value className="java.lang.String">Biomaterial</Value>
</Feature>
<Feature>
  <Name className="java.lang.String">lemma</Name>
  <Value className="java.lang.String">pcl/bg/dbm</Value>
</Feature>
<Feature>
  <Name className="java.lang.String">text</Name>
  <Value className="java.lang.String">PCL/BG/DBM</Value>
</Feature>
<Feature>
  <Name className="java.lang.String">ID</Name>
  <Value className="java.lang.String">DEB_ont.PCL</Value>
</Feature>
<Feature>
  <Name className="java.lang.String">PrefSynonym</Name>
  <Value className="java.lang.String">pcl/bg/dbm</Value>
</Feature>
</Annotation>
<Annotation Id="389" Type="Biomaterial" StartNode="1119" EndNode="1129">
<Feature>
  <Name className="java.lang.String">original_lemma</Name>
  <Value className="java.lang.String">pcl/bg/dbm</Value>
</Feature>
<Feature>
  <Name className="java.lang.String">SOURCE</Name>
  <Value className="java.lang.String">DEB_ONTOLOGY</Value>
</Feature>
<Feature>
  <Name className="java.lang.String">LABEL</Name>
  <Value className="java.lang.String">Biomaterial</Value>
</Feature>
<Feature>
  <Name className="java.lang.String">lemma</Name>
  <Value className="java.lang.String">pcl/bg/dbm</Value>
</Feature>
<Feature>
  <Name className="java.lang.String">text</Name>
  <Value className="java.lang.String">PCL/BG/DBM</Value>
</Feature>
<Feature>
  <Name className="java.lang.String">ID</Name>
  <Value className="java.lang.String">DEB_ont.PCL</Value>
</Feature>
<Feature>
  <Name className="java.lang.String">PrefSynonym</Name>
  <Value className="java.lang.String">pcl/bg/dbm</Value>
</Feature>
</Annotation>
<Annotation Id="390" Type="StudyType" StartNode="1137" EndNode="1145">
<Feature>
  <Name className="java.lang.String">original_lemma</Name>
  <Value className="java.lang.String">in vitro</Value>
</Feature>
<Feature>
  <Name className="java.lang.String">SOURCE</Name>
  <Value className="java.lang.String">DEB_ONTOLOGY</Value>
</Feature>
<Feature>
  <Name className="java.lang.String">LABEL</Name>
  <Value className="java.lang.String">StudyType</Value>
</Feature>
<Feature>
  <Name className="java.lang.String">lemma</Name>
  <Value className="java.lang.String">in vitro</Value>
</Feature>
<Feature>
  <Name className="java.lang.String">text</Name>
  <Value className="java.lang.String">In vitro</Value>
</Feature>
<Feature>
  <Name className="java.lang.String">ID</Name>
  <Value className="java.lang.String">DEB_ont.InVitro</Value>
</Feature>
<Feature>
  <Name className="java.lang.String">PrefSynonym</Name>
  <Value className="java.lang.String">in vitro</Value>
</Feature>
</Annotation>
<Annotation Id="391" Type="AdverseEffects" StartNode="1146" EndNode="1158">
<Feature>
  <Name className="java.lang.String">original_lemma</Name>
  <Value className="java.lang.String">cytotoxicity</Value>
</Feature>
<Feature>
  <Name className="java.lang.String">SOURCE</Name>
  <Value className="java.lang.String">DEB_ONTOLOGY</Value>
</Feature>
<Feature>
  <Name className="java.lang.String">LABEL</Name>
  <Value className="java.lang.String">AdverseEffects</Value>
</Feature>
<Feature>
  <Name className="java.lang.String">lemma</Name>
  <Value className="java.lang.String">cytotoxicity</Value>
</Feature>
<Feature>
  <Name className="java.lang.String">text</Name>
  <Value className="java.lang.String">cytotoxicity</Value>
</Feature>
<Feature>
  <Name className="java.lang.String">ID</Name>
  <Value className="java.lang.String">DEB_ont.Cytotoxicity</Value>
</Feature>
<Feature>
  <Name className="java.lang.String">PrefSynonym</Name>
  <Value className="java.lang.String">cytotoxicity</Value>
</Feature>
</Annotation>
<Annotation Id="392" Type="EffectOnBiologicalSystem" StartNode="1192" EndNode="1205">
<Feature>
  <Name className="java.lang.String">original_lemma</Name>
  <Value className="java.lang.String">biocompatible</Value>
</Feature>
<Feature>
  <Name className="java.lang.String">SOURCE</Name>
  <Value className="java.lang.String">DEB_ONTOLOGY</Value>
</Feature>
<Feature>
  <Name className="java.lang.String">LABEL</Name>
  <Value className="java.lang.String">EffectOnBiologicalSystem</Value>
</Feature>
<Feature>
  <Name className="java.lang.String">lemma</Name>
  <Value className="java.lang.String">biocompatible</Value>
</Feature>
<Feature>
  <Name className="java.lang.String">text</Name>
  <Value className="java.lang.String">biocompatible</Value>
</Feature>
<Feature>
  <Name className="java.lang.String">ID</Name>
  <Value className="java.lang.String">deb_ont.biocompatible</Value>
</Feature>
<Feature>
  <Name className="java.lang.String">PrefSynonym</Name>
  <Value className="java.lang.String">biocompatibility</Value>
</Feature>
</Annotation>
<Annotation Id="393" Type="Biomaterial" StartNode="133" EndNode="141">
</Annotation>
<Annotation Id="394" Type="Biomaterial" StartNode="215" EndNode="240">
</Annotation>
<Annotation Id="395" Type="Biomaterial" StartNode="116" EndNode="132">
</Annotation>
<Annotation Id="396" Type="BiologicallyActiveSubstance" StartNode="307" EndNode="322">
</Annotation>
<Annotation Id="397" Type="BiologicallyActiveSubstance" StartNode="383" EndNode="386">
</Annotation>
<Annotation Id="398" Type="BiologicallyActiveSubstance" StartNode="299" EndNode="302">
</Annotation>
<Annotation Id="399" Type="BiologicallyActiveSubstance" StartNode="324" EndNode="326">
</Annotation>
<Annotation Id="400" Type="BiologicallyActiveSubstance" StartNode="390" EndNode="392">
</Annotation>
<Annotation Id="401" Type="Biomaterial" StartNode="696" EndNode="707">
</Annotation>
<Annotation Id="402" Type="ManufacturedObjectComponent" StartNode="758" EndNode="765">
</Annotation>
<Annotation Id="403" Type="Shape" StartNode="360" EndNode="365">
</Annotation>
<Annotation Id="404" Type="Shape" StartNode="447" EndNode="452">
</Annotation>
<Annotation Id="405" Type="Shape" StartNode="1037" EndNode="1042">
</Annotation>
<Annotation Id="406" Type="DegradationFeatures" StartNode="1059" EndNode="1068">
</Annotation>
<Annotation Id="407" Type="ManufacturedObjectFeatures" StartNode="917" EndNode="924">
</Annotation>
<Annotation Id="408" Type="ManufacturedObjectFeatures" StartNode="776" EndNode="789">
</Annotation>
<Annotation Id="409" Type="DegradationFeatures" StartNode="1092" EndNode="1103">
</Annotation>
<Annotation Id="410" Type="StudyType" StartNode="852" EndNode="867">
</Annotation>
<Annotation Id="411" Type="Tissue" StartNode="73" EndNode="77">
</Annotation>
<Annotation Id="412" Type="Tissue" StartNode="286" EndNode="290">
</Annotation>
<Annotation Id="413" Type="ResearchTechnique" StartNode="508" EndNode="512">
</Annotation>
<Annotation Id="371" Type="BiologicallyActiveSubstance" StartNode="88" EndNode="103">
<Feature>
  <Name className="java.lang.String">UMLS_SOURCE_CODE</Name>
  <Value className="java.lang.String">D002133</Value>
</Feature>
<Feature>
  <Name className="java.lang.String">UMLS_SEM_TYPE_STR</Name>
  <Value className="java.lang.String">Pharmacologic Substance</Value>
</Feature>
<Feature>
  <Name className="java.lang.String">UMLS_CUI</Name>
  <Value className="java.lang.String">C0006720</Value>
</Feature>
<Feature>
  <Name className="java.lang.String">original_lemma</Name>
  <Value className="java.lang.String">calcium sulfate</Value>
</Feature>
<Feature>
  <Name className="java.lang.String">UMLS_SOURCE</Name>
  <Value className="java.lang.String">MSH</Value>
</Feature>
<Feature>
  <Name className="java.lang.String">SOURCE</Name>
  <Value className="java.lang.String">UMLS</Value>
</Feature>
<Feature>
  <Name className="java.lang.String">LABEL</Name>
  <Value className="java.lang.String">BiologicallyActiveSubstance</Value>
</Feature>
<Feature>
  <Name className="java.lang.String">lemma</Name>
  <Value className="java.lang.String">calcium sulfate</Value>
</Feature>
<Feature>
  <Name className="java.lang.String">text</Name>
  <Value className="java.lang.String">calcium sulfate</Value>
</Feature>
<Feature>
  <Name className="java.lang.String">PrefSynonym</Name>
  <Value className="java.lang.String">calcium sulfate</Value>
</Feature>
<Feature>
  <Name className="java.lang.String">UMLS_SEM_TYPE</Name>
  <Value className="java.lang.String">T121</Value>
</Feature>
</Annotation>
<Annotation Id="372" Type="Biomaterial" StartNode="250" EndNode="265">
<Feature>
  <Name className="java.lang.String">UMLS_SOURCE_CODE</Name>
  <Value className="java.lang.String">D018786</Value>
</Feature>
<Feature>
  <Name className="java.lang.String">UMLS_SEM_TYPE_STR</Name>
  <Value className="java.lang.String">Biomedical or Dental Material</Value>
</Feature>
<Feature>
  <Name className="java.lang.String">UMLS_CUI</Name>
  <Value className="java.lang.String">C0243003</Value>
</Feature>
<Feature>
  <Name className="java.lang.String">original_lemma</Name>
  <Value className="java.lang.String">bone substitute</Value>
</Feature>
<Feature>
  <Name className="java.lang.String">UMLS_SOURCE</Name>
  <Value className="java.lang.String">MSH</Value>
</Feature>
<Feature>
  <Name className="java.lang.String">SOURCE</Name>
  <Value className="java.lang.String">UMLS</Value>
</Feature>
<Feature>
  <Name className="java.lang.String">LABEL</Name>
  <Value className="java.lang.String">Biomaterial</Value>
</Feature>
<Feature>
  <Name className="java.lang.String">lemma</Name>
  <Value className="java.lang.String">bone substitute</Value>
</Feature>
<Feature>
  <Name className="java.lang.String">text</Name>
  <Value className="java.lang.String">bone substitute</Value>
</Feature>
<Feature>
  <Name className="java.lang.String">PrefSynonym</Name>
  <Value className="java.lang.String">bone substitute</Value>
</Feature>
<Feature>
  <Name className="java.lang.String">UMLS_SEM_TYPE</Name>
  <Value className="java.lang.String">T122</Value>
</Feature>
</Annotation>
<Annotation Id="373" Type="ResearchTechnique" StartNode="470" EndNode="506">
<Feature>
  <Name className="java.lang.String">UMLS_SOURCE_CODE</Name>
  <Value className="java.lang.String">D013052</Value>
</Feature>
<Feature>
  <Name className="java.lang.String">UMLS_SEM_TYPE_STR</Name>
  <Value className="java.lang.String">Laboratory Procedure</Value>
</Feature>
<Feature>
  <Name className="java.lang.String">UMLS_CUI</Name>
  <Value className="java.lang.String">C2699997</Value>
</Feature>
<Feature>
  <Name className="java.lang.String">original_lemma</Name>
  <Value className="java.lang.String">energy dispersive x ray spectroscopy</Value>
</Feature>
<Feature>
  <Name className="java.lang.String">UMLS_SOURCE</Name>
  <Value className="java.lang.String">MSH</Value>
</Feature>
<Feature>
  <Name className="java.lang.String">SOURCE</Name>
  <Value className="java.lang.String">UMLS</Value>
</Feature>
<Feature>
  <Name className="java.lang.String">LABEL</Name>
  <Value className="java.lang.String">ResearchTechnique</Value>
</Feature>
<Feature>
  <Name className="java.lang.String">lemma</Name>
  <Value className="java.lang.String">energy dispersive x ray spectroscopy</Value>
</Feature>
<Feature>
  <Name className="java.lang.String">text</Name>
  <Value className="java.lang.String">energy dispersive X ray spectroscopy</Value>
</Feature>
<Feature>
  <Name className="java.lang.String">PrefSynonym</Name>
  <Value className="java.lang.String">energy dispersive x ray spectroscopy</Value>
</Feature>
<Feature>
  <Name className="java.lang.String">UMLS_SEM_TYPE</Name>
  <Value className="java.lang.String">T059</Value>
</Feature>
</Annotation>
<Annotation Id="374" Type="BiologicallyActiveSubstance" StartNode="608" EndNode="625">
<Feature>
  <Name className="java.lang.String">UMLS_SOURCE_CODE</Name>
  <Value className="java.lang.String">D002118</Value>
</Feature>
<Feature>
  <Name className="java.lang.String">UMLS_SEM_TYPE_STR</Name>
  <Value className="java.lang.String">Pharmacologic Substance</Value>
</Feature>
<Feature>
  <Name className="java.lang.String">UMLS_CUI</Name>
  <Value className="java.lang.String">C0006675</Value>
</Feature>
<Feature>
  <Name className="java.lang.String">original_lemma</Name>
  <Value className="java.lang.String">calcium/phosphate</Value>
</Feature>
<Feature>
  <Name className="java.lang.String">UMLS_SOURCE</Name>
  <Value className="java.lang.String">MSH</Value>
</Feature>
<Feature>
  <Name className="java.lang.String">SOURCE</Name>
  <Value className="java.lang.String">UMLS</Value>
</Feature>
<Feature>
  <Name className="java.lang.String">LABEL</Name>
  <Value className="java.lang.String">BiologicallyActiveSubstance</Value>
</Feature>
<Feature>
  <Name className="java.lang.String">lemma</Name>
  <Value className="java.lang.String">calcium/phosphate</Value>
</Feature>
<Feature>
  <Name className="java.lang.String">text</Name>
  <Value className="java.lang.String">Calcium/Phosphate</Value>
</Feature>
<Feature>
  <Name className="java.lang.String">PrefSynonym</Name>
  <Value className="java.lang.String">calcium/phosphate</Value>
</Feature>
<Feature>
  <Name className="java.lang.String">UMLS_SEM_TYPE</Name>
  <Value className="java.lang.String">T121</Value>
</Feature>
</Annotation>
<Annotation Id="375" Type="StudyType" StartNode="9" EndNode="17">
<Feature>
  <Name className="java.lang.String">original_lemma</Name>
  <Value className="java.lang.String">in vitro</Value>
</Feature>
<Feature>
  <Name className="java.lang.String">SOURCE</Name>
  <Value className="java.lang.String">DEB_ONTOLOGY</Value>
</Feature>
<Feature>
  <Name className="java.lang.String">LABEL</Name>
  <Value className="java.lang.String">StudyType</Value>
</Feature>
<Feature>
  <Name className="java.lang.String">lemma</Name>
  <Value className="java.lang.String">in vitro</Value>
</Feature>
<Feature>
  <Name className="java.lang.String">text</Name>
  <Value className="java.lang.String">In vitro</Value>
</Feature>
<Feature>
  <Name className="java.lang.String">ID</Name>
  <Value className="java.lang.String">DEB_ont.InVitro</Value>
</Feature>
<Feature>
  <Name className="java.lang.String">PrefSynonym</Name>
  <Value className="java.lang.String">in vitro</Value>
</Feature>
</Annotation>
<Annotation Id="376" Type="StudyType" StartNode="22" EndNode="29">
<Feature>
  <Name className="java.lang.String">original_lemma</Name>
  <Value className="java.lang.String">in vivo</Value>
</Feature>
<Feature>
  <Name className="java.lang.String">SOURCE</Name>
  <Value className="java.lang.String">DEB_ONTOLOGY</Value>
</Feature>
<Feature>
  <Name className="java.lang.String">LABEL</Name>
  <Value className="java.lang.String">StudyType</Value>
</Feature>
<Feature>
  <Name className="java.lang.String">lemma</Name>
  <Value className="java.lang.String">in vivo</Value>
</Feature>
<Feature>
  <Name className="java.lang.String">text</Name>
  <Value className="java.lang.String">in vivo</Value>
</Feature>
<Feature>
  <Name className="java.lang.String">ID</Name>
  <Value className="java.lang.String">DEB_ont.InVivo</Value>
</Feature>
<Feature>
  <Name className="java.lang.String">PrefSynonym</Name>
  <Value className="java.lang.String">in vivo</Value>
</Feature>
</Annotation>
<Annotation Id="377" Type="BiologicallyActiveSubstance" StartNode="59" EndNode="84">
<Feature>
  <Name className="java.lang.String">original_lemma</Name>
  <Value className="java.lang.String">demineralize bone matrix</Value>
</Feature>
<Feature>
  <Name className="java.lang.String">SOURCE</Name>
  <Value className="java.lang.String">DEB_ONTOLOGY</Value>
</Feature>
<Feature>
  <Name className="java.lang.String">LABEL</Name>
  <Value className="java.lang.String">BiologicallyActiveSubstance</Value>
</Feature>
<Feature>
  <Name className="java.lang.String">lemma</Name>
  <Value className="java.lang.String">demineralize bone matrix</Value>
</Feature>
<Feature>
  <Name className="java.lang.String">text</Name>
  <Value className="java.lang.String">demineralized bone matrix</Value>
</Feature>
<Feature>
  <Name className="java.lang.String">ID</Name>
  <Value className="java.lang.String">DEB_ont.DemineralizedBoneMatrix</Value>
</Feature>
<Feature>
  <Name className="java.lang.String">PrefSynonym</Name>
  <Value className="java.lang.String">demineralize bone matrix</Value>
</Feature>
</Annotation>
<Annotation Id="378" Type="BiomaterialType" StartNode="142" EndNode="152">
<Feature>
  <Name className="java.lang.String">original_lemma</Name>
  <Value className="java.lang.String">composite</Value>
</Feature>
<Feature>
  <Name className="java.lang.String">SOURCE</Name>
  <Value className="java.lang.String">DEB_ONTOLOGY</Value>
</Feature>
<Feature>
  <Name className="java.lang.String">LABEL</Name>
  <Value className="java.lang.String">BiomaterialType</Value>
</Feature>
<Feature>
  <Name className="java.lang.String">lemma</Name>
  <Value className="java.lang.String">composite</Value>
</Feature>
<Feature>
  <Name className="java.lang.String">text</Name>
  <Value className="java.lang.String">composites</Value>
</Feature>
<Feature>
  <Name className="java.lang.String">ID</Name>
  <Value className="java.lang.String">DEB_ont.Composite</Value>
</Feature>
<Feature>
  <Name className="java.lang.String">PrefSynonym</Name>
  <Value className="java.lang.String">composite</Value>
</Feature>
</Annotation>
<Annotation Id="379" Type="Biomaterial" StartNode="242" EndNode="248">
<Feature>
  <Name className="java.lang.String">original_lemma</Name>
  <Value className="java.lang.String">pcl/bg</Value>
</Feature>
<Feature>
  <Name className="java.lang.String">SOURCE</Name>
  <Value className="java.lang.String">DEB_ONTOLOGY</Value>
</Feature>
<Feature>
  <Name className="java.lang.String">LABEL</Name>
  <Value className="java.lang.String">Biomaterial</Value>
</Feature>
<Feature>
  <Name className="java.lang.String">lemma</Name>
  <Value className="java.lang.String">pcl/bg</Value>
</Feature>
<Feature>
  <Name className="java.lang.String">text</Name>
  <Value className="java.lang.String">PCL/BG</Value>
</Feature>
<Feature>
  <Name className="java.lang.String">ID</Name>
  <Value className="java.lang.String">DEB_ont.PCL</Value>
</Feature>
<Feature>
  <Name className="java.lang.String">PrefSynonym</Name>
  <Value className="java.lang.String">pcl/bg</Value>
</Feature>
</Annotation>
<Annotation Id="380" Type="BiologicallyActiveSubstance" StartNode="272" EndNode="297">
<Feature>
  <Name className="java.lang.String">original_lemma</Name>
  <Value className="java.lang.String">demineralize bone matrix</Value>
</Feature>
<Feature>
  <Name className="java.lang.String">SOURCE</Name>
  <Value className="java.lang.String">DEB_ONTOLOGY</Value>
</Feature>
<Feature>
  <Name className="java.lang.String">LABEL</Name>
  <Value className="java.lang.String">BiologicallyActiveSubstance</Value>
</Feature>
<Feature>
  <Name className="java.lang.String">lemma</Name>
  <Value className="java.lang.String">demineralize bone matrix</Value>
</Feature>
<Feature>
  <Name className="java.lang.String">text</Name>
  <Value className="java.lang.String">demineralized bone
matrix</Value>
</Feature>
<Feature>
  <Name className="java.lang.String">ID</Name>
  <Value className="java.lang.String">DEB_ont.DemineralizedBoneMatrix</Value>
</Feature>
<Feature>
  <Name className="java.lang.String">PrefSynonym</Name>
  <Value className="java.lang.String">demineralize bone matrix</Value>
</Feature>
</Annotation>
<Annotation Id="381" Type="BiomaterialType" StartNode="350" EndNode="359">
<Feature>
  <Name className="java.lang.String">original_lemma</Name>
  <Value className="java.lang.String">Composite</Value>
</Feature>
<Feature>
  <Name className="java.lang.String">SOURCE</Name>
  <Value className="java.lang.String">DEB_ONTOLOGY</Value>
</Feature>
<Feature>
  <Name className="java.lang.String">LABEL</Name>
  <Value className="java.lang.String">BiomaterialType</Value>
</Feature>
<Feature>
  <Name className="java.lang.String">lemma</Name>
  <Value className="java.lang.String">composite</Value>
</Feature>
<Feature>
  <Name className="java.lang.String">text</Name>
  <Value className="java.lang.String">Composite</Value>
</Feature>
<Feature>
  <Name className="java.lang.String">ID</Name>
  <Value className="java.lang.String">DEB_ont.Composite</Value>
</Feature>
<Feature>
  <Name className="java.lang.String">PrefSynonym</Name>
  <Value className="java.lang.String">composite</Value>
</Feature>
</Annotation>
<Annotation Id="382" Type="MaterialProcessing" StartNode="410" EndNode="430">
<Feature>
  <Name className="java.lang.String">original_lemma</Name>
  <Value className="java.lang.String">compression moulding</Value>
</Feature>
<Feature>
  <Name className="java.lang.String">SOURCE</Name>
  <Value className="java.lang.String">CHMO</Value>
</Feature>
<Feature>
  <Name className="java.lang.String">LABEL</Name>
  <Value className="java.lang.String">MaterialProcessing</Value>
</Feature>
<Feature>
  <Name className="java.lang.String">lemma</Name>
  <Value className="java.lang.String">compression moulding</Value>
</Feature>
<Feature>
  <Name className="java.lang.String">text</Name>
  <Value className="java.lang.String">compression moulding</Value>
</Feature>
<Feature>
  <Name className="java.lang.String">ID</Name>
  <Value className="java.lang.String">obo.CHMO_0001429</Value>
</Feature>
<Feature>
  <Name className="java.lang.String">PrefSynonym</Name>
  <Value className="java.lang.String">compression moulding</Value>
</Feature>
</Annotation>
<Annotation Id="383" Type="EffectOnBiologicalSystem" StartNode="432" EndNode="443">
<Feature>
  <Name className="java.lang.String">original_lemma</Name>
  <Value className="java.lang.String">bioactivity</Value>
</Feature>
<Feature>
  <Name className="java.lang.String">SOURCE</Name>
  <Value className="java.lang.String">DEB_ONTOLOGY</Value>
</Feature>
<Feature>
  <Name className="java.lang.String">LABEL</Name>
  <Value className="java.lang.String">EffectOnBiologicalSystem</Value>
</Feature>
<Feature>
  <Name className="java.lang.String">lemma</Name>
  <Value className="java.lang.String">bioactivity</Value>
</Feature>
<Feature>
  <Name className="java.lang.String">text</Name>
  <Value className="java.lang.String">Bioactivity</Value>
</Feature>
<Feature>
  <Name className="java.lang.String">ID</Name>
  <Value className="java.lang.String">DEB_ont.Bioactivity</Value>
</Feature>
<Feature>
  <Name className="java.lang.String">PrefSynonym</Name>
  <Value className="java.lang.String">bioactivity</Value>
</Feature>
</Annotation>
</AnnotationSet>

<!-- Named annotation set -->

<AnnotationSet Name="Original markups">
<Annotation Id="0" Type="paragraph" StartNode="0" EndNode="1207">
</Annotation>
</AnnotationSet>

</GateDocument>
