<?xml version='1.0' encoding='UTF-8'?>
<GateDocument version="3">
<!-- The document's features-->

<GateDocumentFeatures>
<Feature>
  <Name className="java.lang.String">gate.SourceURL</Name>
  <Value className="java.lang.String">file:/home/jcorvi/projects/debbie/DEBBIE_pipeline/work/df/a8b715387fe9ca0cf0796364e67a01/test_set/21648061.txt</Value>
</Feature>
<Feature>
  <Name className="java.lang.String">MimeType</Name>
  <Value className="java.lang.String">text/plain</Value>
</Feature>
<Feature>
  <Name className="java.lang.String">docNewLineType</Name>
  <Value className="java.lang.String">LF</Value>
</Feature>
</GateDocumentFeatures>
<!-- The document content area with serialized nodes -->

<TextWithNodes><Node id="0"/>2011 Aug
<Node id="9"/>Cell adhesion<Node id="22"/> and <Node id="27"/>proliferation<Node id="40"/> studies on <Node id="52"/>semi interpenetrating <Node id="74"/>polymeric<Node id="83"/>
<Node id="84"/>networks<Node id="92"/>  <Node id="94"/>semi IPNs<Node id="103"/>  of <Node id="108"/>polyacrylamide<Node id="122"/> and <Node id="127"/>gelatin<Node id="134"/>.
P In this study, the effect of feed composition, degree of <Node id="195"/>hydrophilicity<Node id="209"/>, and
internal <Node id="224"/>morphology<Node id="234"/> has been investigated for <Node id="261"/>cell proliferation<Node id="279"/> potential of the
<Node id="297"/>polyacrylamide/gelatin<Node id="319"/>  <Node id="321"/>PAm/G<Node id="326"/>  <Node id="328"/>semi interpenetrating <Node id="350"/>polymeric<Node id="359"/> <Node id="360"/>network<Node id="367"/>
<Node id="368"/>semi IPNs<Node id="377"/> . Polycaprolactone diacrylate was used to cross link <Node id="431"/>polyacrylamide<Node id="445"/>
chains. <Node id="454"/>Scanning electron microscopy<Node id="482"/>  <Node id="484"/>SEM<Node id="487"/>  micrographs demonstrate uniformly
distributed <Node id="535"/>porous<Node id="541"/> structure with internal <Node id="566"/>diameter<Node id="574"/> in the range of 75 175 mum,
dependent on matrix compositions. <Node id="637"/>Water air contact angle<Node id="660"/> was found in the range
of 49 degrees +/  0.22 to 89 degrees +/  0.14  p &lt; 0.02  suggesting varying
degree of <Node id="770"/>hydrophilicity<Node id="784"/> of the <Node id="792"/>hydrogel<Node id="800"/> <Node id="801"/>surface<Node id="808"/>. In addition, protein <Node id="831"/>adsorption<Node id="841"/>
study showed 45 +/  0.14 mug to 64 +/  0.12 mug  p &lt; 0.01  of protein <Node id="912"/>adsorbed<Node id="920"/>
per cm 2  of <Node id="934"/>hydrogel<Node id="942"/>. Quantitative estimation of <Node id="971"/>cell adhesion<Node id="984"/> and <Node id="989"/>proliferation<Node id="1002"/>
was carried out by <Node id="1022"/>DNA<Node id="1025"/> quantification<Node id="1040"/> using <Node id="1047"/>fluorimetric assay<Node id="1065"/> method  p &lt; 0.02 .
Microscopic images of <Node id="1107"/>proliferative cells<Node id="1126"/> on <Node id="1130"/>semi IPNs<Node id="1139"/> by fluorescent and
inverted phase contrast supported the findings of <Node id="1209"/>DNA<Node id="1212"/> quantification. Contact
angle in the range of 63 69 degrees in association with 52 59 mug/cm 2  protein
<Node id="1317"/>absorption<Node id="1327"/> and 115 150 mum <Node id="1344"/>pore size<Node id="1353"/> was found optimum for <Node id="1376"/>fibroblast<Node id="1386"/>
<Node id="1387"/>proliferation<Node id="1400"/> on <Node id="1404"/>PAm/G<Node id="1409"/> <Node id="1410"/>semi IPN<Node id="1418"/> <Node id="1419"/>scaffolds<Node id="1428"/>. The newly developed
semi interpenetrating <Node id="1472"/>network<Node id="1479"/> may serve as a potential <Node id="1505"/>scaffold<Node id="1513"/> for <Node id="1518"/>soft
<Node id="1523"/>tissue<Node id="1529"/> engineering<Node id="1541"/> applications.
<Node id="1556"/></TextWithNodes>
<!-- The default annotation set -->

<AnnotationSet>
</AnnotationSet>

<!-- Named annotation set -->

<AnnotationSet Name="SYSTEM">
<Annotation Id="512" Type="MaterialProcessing" StartNode="912" EndNode="920">
<Feature>
  <Name className="java.lang.String">original_lemma</Name>
  <Value className="java.lang.String">adsorb</Value>
</Feature>
<Feature>
  <Name className="java.lang.String">SOURCE</Name>
  <Value className="java.lang.String">DEB_ONTOLOGY</Value>
</Feature>
<Feature>
  <Name className="java.lang.String">LABEL</Name>
  <Value className="java.lang.String">MaterialProcessing</Value>
</Feature>
<Feature>
  <Name className="java.lang.String">lemma</Name>
  <Value className="java.lang.String">adsorb</Value>
</Feature>
<Feature>
  <Name className="java.lang.String">text</Name>
  <Value className="java.lang.String">adsorbed</Value>
</Feature>
<Feature>
  <Name className="java.lang.String">ID</Name>
  <Value className="java.lang.String">deb_ont.adsorbed</Value>
</Feature>
<Feature>
  <Name className="java.lang.String">PrefSynonym</Name>
  <Value className="java.lang.String">adsorption</Value>
</Feature>
</Annotation>
<Annotation Id="513" Type="Structure" StartNode="934" EndNode="942">
<Feature>
  <Name className="java.lang.String">original_lemma</Name>
  <Value className="java.lang.String">hydrogel</Value>
</Feature>
<Feature>
  <Name className="java.lang.String">SOURCE</Name>
  <Value className="java.lang.String">DEB_ONTOLOGY</Value>
</Feature>
<Feature>
  <Name className="java.lang.String">LABEL</Name>
  <Value className="java.lang.String">Structure</Value>
</Feature>
<Feature>
  <Name className="java.lang.String">lemma</Name>
  <Value className="java.lang.String">hydrogel</Value>
</Feature>
<Feature>
  <Name className="java.lang.String">text</Name>
  <Value className="java.lang.String">hydrogel</Value>
</Feature>
<Feature>
  <Name className="java.lang.String">ID</Name>
  <Value className="java.lang.String">DEB_ont.Hydrogel</Value>
</Feature>
<Feature>
  <Name className="java.lang.String">PrefSynonym</Name>
  <Value className="java.lang.String">hydrogel</Value>
</Feature>
</Annotation>
<Annotation Id="514" Type="AssociatedBiologicalProcess" StartNode="971" EndNode="984">
<Feature>
  <Name className="java.lang.String">original_lemma</Name>
  <Value className="java.lang.String">cell adhesion</Value>
</Feature>
<Feature>
  <Name className="java.lang.String">SOURCE</Name>
  <Value className="java.lang.String">DEB_ONTOLOGY</Value>
</Feature>
<Feature>
  <Name className="java.lang.String">LABEL</Name>
  <Value className="java.lang.String">AssociatedBiologicalProcess</Value>
</Feature>
<Feature>
  <Name className="java.lang.String">lemma</Name>
  <Value className="java.lang.String">cell adhesion</Value>
</Feature>
<Feature>
  <Name className="java.lang.String">text</Name>
  <Value className="java.lang.String">cell adhesion</Value>
</Feature>
<Feature>
  <Name className="java.lang.String">ID</Name>
  <Value className="java.lang.String">DEB_ont.CellAdhesion</Value>
</Feature>
<Feature>
  <Name className="java.lang.String">PrefSynonym</Name>
  <Value className="java.lang.String">cell adhesion</Value>
</Feature>
</Annotation>
<Annotation Id="515" Type="AssociatedBiologicalProcess" StartNode="989" EndNode="1002">
<Feature>
  <Name className="java.lang.String">original_lemma</Name>
  <Value className="java.lang.String">proliferation</Value>
</Feature>
<Feature>
  <Name className="java.lang.String">SOURCE</Name>
  <Value className="java.lang.String">DEB_ONTOLOGY</Value>
</Feature>
<Feature>
  <Name className="java.lang.String">LABEL</Name>
  <Value className="java.lang.String">AssociatedBiologicalProcess</Value>
</Feature>
<Feature>
  <Name className="java.lang.String">lemma</Name>
  <Value className="java.lang.String">proliferation</Value>
</Feature>
<Feature>
  <Name className="java.lang.String">text</Name>
  <Value className="java.lang.String">proliferation</Value>
</Feature>
<Feature>
  <Name className="java.lang.String">ID</Name>
  <Value className="java.lang.String">DEB_ont.Proliferation</Value>
</Feature>
<Feature>
  <Name className="java.lang.String">PrefSynonym</Name>
  <Value className="java.lang.String">proliferation</Value>
</Feature>
</Annotation>
<Annotation Id="516" Type="Biomaterial" StartNode="1022" EndNode="1025">
<Feature>
  <Name className="java.lang.String">original_lemma</Name>
  <Value className="java.lang.String">dna</Value>
</Feature>
<Feature>
  <Name className="java.lang.String">SOURCE</Name>
  <Value className="java.lang.String">CHEBI</Value>
</Feature>
<Feature>
  <Name className="java.lang.String">LABEL</Name>
  <Value className="java.lang.String">Biomaterial</Value>
</Feature>
<Feature>
  <Name className="java.lang.String">lemma</Name>
  <Value className="java.lang.String">dna</Value>
</Feature>
<Feature>
  <Name className="java.lang.String">text</Name>
  <Value className="java.lang.String">DNA</Value>
</Feature>
<Feature>
  <Name className="java.lang.String">ID</Name>
  <Value className="java.lang.String">CHEBI:16991</Value>
</Feature>
<Feature>
  <Name className="java.lang.String">PrefSynonym</Name>
  <Value className="java.lang.String">deoxyribonucleic acid</Value>
</Feature>
</Annotation>
<Annotation Id="517" Type="Biomaterial" StartNode="1209" EndNode="1212">
<Feature>
  <Name className="java.lang.String">original_lemma</Name>
  <Value className="java.lang.String">dna</Value>
</Feature>
<Feature>
  <Name className="java.lang.String">SOURCE</Name>
  <Value className="java.lang.String">CHEBI</Value>
</Feature>
<Feature>
  <Name className="java.lang.String">LABEL</Name>
  <Value className="java.lang.String">Biomaterial</Value>
</Feature>
<Feature>
  <Name className="java.lang.String">lemma</Name>
  <Value className="java.lang.String">dna</Value>
</Feature>
<Feature>
  <Name className="java.lang.String">text</Name>
  <Value className="java.lang.String">DNA</Value>
</Feature>
<Feature>
  <Name className="java.lang.String">ID</Name>
  <Value className="java.lang.String">CHEBI:16991</Value>
</Feature>
<Feature>
  <Name className="java.lang.String">PrefSynonym</Name>
  <Value className="java.lang.String">deoxyribonucleic acid</Value>
</Feature>
</Annotation>
<Annotation Id="518" Type="ManufacturedObjectFeatures" StartNode="1317" EndNode="1327">
<Feature>
  <Name className="java.lang.String">original_lemma</Name>
  <Value className="java.lang.String">absorption</Value>
</Feature>
<Feature>
  <Name className="java.lang.String">SOURCE</Name>
  <Value className="java.lang.String">DEB_ONTOLOGY</Value>
</Feature>
<Feature>
  <Name className="java.lang.String">LABEL</Name>
  <Value className="java.lang.String">ManufacturedObjectFeatures</Value>
</Feature>
<Feature>
  <Name className="java.lang.String">lemma</Name>
  <Value className="java.lang.String">absorption</Value>
</Feature>
<Feature>
  <Name className="java.lang.String">text</Name>
  <Value className="java.lang.String">absorption</Value>
</Feature>
<Feature>
  <Name className="java.lang.String">ID</Name>
  <Value className="java.lang.String">DEB_ont.Absorption</Value>
</Feature>
<Feature>
  <Name className="java.lang.String">PrefSynonym</Name>
  <Value className="java.lang.String">absorption</Value>
</Feature>
</Annotation>
<Annotation Id="519" Type="ManufacturedObjectFeatures" StartNode="1344" EndNode="1353">
<Feature>
  <Name className="java.lang.String">original_lemma</Name>
  <Value className="java.lang.String">pore size</Value>
</Feature>
<Feature>
  <Name className="java.lang.String">SOURCE</Name>
  <Value className="java.lang.String">DEB_ONTOLOGY</Value>
</Feature>
<Feature>
  <Name className="java.lang.String">LABEL</Name>
  <Value className="java.lang.String">ManufacturedObjectFeatures</Value>
</Feature>
<Feature>
  <Name className="java.lang.String">lemma</Name>
  <Value className="java.lang.String">pore size</Value>
</Feature>
<Feature>
  <Name className="java.lang.String">text</Name>
  <Value className="java.lang.String">pore size</Value>
</Feature>
<Feature>
  <Name className="java.lang.String">ID</Name>
  <Value className="java.lang.String">DEB_ont.PoreSize</Value>
</Feature>
<Feature>
  <Name className="java.lang.String">PrefSynonym</Name>
  <Value className="java.lang.String">pore size</Value>
</Feature>
</Annotation>
<Annotation Id="520" Type="Cell" StartNode="1376" EndNode="1386">
<Feature>
  <Name className="java.lang.String">original_lemma</Name>
  <Value className="java.lang.String">fibroblast</Value>
</Feature>
<Feature>
  <Name className="java.lang.String">SOURCE</Name>
  <Value className="java.lang.String">NCIT</Value>
</Feature>
<Feature>
  <Name className="java.lang.String">LABEL</Name>
  <Value className="java.lang.String">Cell</Value>
</Feature>
<Feature>
  <Name className="java.lang.String">lemma</Name>
  <Value className="java.lang.String">fibroblast</Value>
</Feature>
<Feature>
  <Name className="java.lang.String">text</Name>
  <Value className="java.lang.String">fibroblast</Value>
</Feature>
<Feature>
  <Name className="java.lang.String">ID</Name>
  <Value className="java.lang.String">ncit.C12482</Value>
</Feature>
<Feature>
  <Name className="java.lang.String">PrefSynonym</Name>
  <Value className="java.lang.String">fibroblast</Value>
</Feature>
</Annotation>
<Annotation Id="521" Type="AssociatedBiologicalProcess" StartNode="1387" EndNode="1400">
<Feature>
  <Name className="java.lang.String">original_lemma</Name>
  <Value className="java.lang.String">proliferation</Value>
</Feature>
<Feature>
  <Name className="java.lang.String">SOURCE</Name>
  <Value className="java.lang.String">DEB_ONTOLOGY</Value>
</Feature>
<Feature>
  <Name className="java.lang.String">LABEL</Name>
  <Value className="java.lang.String">AssociatedBiologicalProcess</Value>
</Feature>
<Feature>
  <Name className="java.lang.String">lemma</Name>
  <Value className="java.lang.String">proliferation</Value>
</Feature>
<Feature>
  <Name className="java.lang.String">text</Name>
  <Value className="java.lang.String">proliferation</Value>
</Feature>
<Feature>
  <Name className="java.lang.String">ID</Name>
  <Value className="java.lang.String">DEB_ont.Proliferation</Value>
</Feature>
<Feature>
  <Name className="java.lang.String">PrefSynonym</Name>
  <Value className="java.lang.String">proliferation</Value>
</Feature>
</Annotation>
<Annotation Id="522" Type="Biomaterial" StartNode="1404" EndNode="1409">
<Feature>
  <Name className="java.lang.String">original_lemma</Name>
  <Value className="java.lang.String">pam/g</Value>
</Feature>
<Feature>
  <Name className="java.lang.String">SOURCE</Name>
  <Value className="java.lang.String">CHEBI</Value>
</Feature>
<Feature>
  <Name className="java.lang.String">LABEL</Name>
  <Value className="java.lang.String">Biomaterial</Value>
</Feature>
<Feature>
  <Name className="java.lang.String">lemma</Name>
  <Value className="java.lang.String">pam/g</Value>
</Feature>
<Feature>
  <Name className="java.lang.String">text</Name>
  <Value className="java.lang.String">PAm/G</Value>
</Feature>
<Feature>
  <Name className="java.lang.String">ID</Name>
  <Value className="java.lang.String">CHEBI:51135</Value>
</Feature>
<Feature>
  <Name className="java.lang.String">PrefSynonym</Name>
  <Value className="java.lang.String">poly(acrylamide) macromolecule</Value>
</Feature>
</Annotation>
<Annotation Id="523" Type="ManufacturedObject" StartNode="1419" EndNode="1428">
<Feature>
  <Name className="java.lang.String">original_lemma</Name>
  <Value className="java.lang.String">scaffold</Value>
</Feature>
<Feature>
  <Name className="java.lang.String">SOURCE</Name>
  <Value className="java.lang.String">DEB_ONTOLOGY</Value>
</Feature>
<Feature>
  <Name className="java.lang.String">LABEL</Name>
  <Value className="java.lang.String">ManufacturedObject</Value>
</Feature>
<Feature>
  <Name className="java.lang.String">lemma</Name>
  <Value className="java.lang.String">scaffold</Value>
</Feature>
<Feature>
  <Name className="java.lang.String">text</Name>
  <Value className="java.lang.String">scaffolds</Value>
</Feature>
<Feature>
  <Name className="java.lang.String">ID</Name>
  <Value className="java.lang.String">DEB_ont.ExperimentalScaffold</Value>
</Feature>
<Feature>
  <Name className="java.lang.String">PrefSynonym</Name>
  <Value className="java.lang.String">experimental scaffold</Value>
</Feature>
</Annotation>
<Annotation Id="524" Type="Structure" StartNode="1472" EndNode="1479">
<Feature>
  <Name className="java.lang.String">original_lemma</Name>
  <Value className="java.lang.String">network</Value>
</Feature>
<Feature>
  <Name className="java.lang.String">SOURCE</Name>
  <Value className="java.lang.String">DEB_ONTOLOGY</Value>
</Feature>
<Feature>
  <Name className="java.lang.String">LABEL</Name>
  <Value className="java.lang.String">Structure</Value>
</Feature>
<Feature>
  <Name className="java.lang.String">lemma</Name>
  <Value className="java.lang.String">network</Value>
</Feature>
<Feature>
  <Name className="java.lang.String">text</Name>
  <Value className="java.lang.String">network</Value>
</Feature>
<Feature>
  <Name className="java.lang.String">ID</Name>
  <Value className="java.lang.String">DEB_ont.Network</Value>
</Feature>
<Feature>
  <Name className="java.lang.String">PrefSynonym</Name>
  <Value className="java.lang.String">network</Value>
</Feature>
</Annotation>
<Annotation Id="525" Type="ManufacturedObject" StartNode="1505" EndNode="1513">
<Feature>
  <Name className="java.lang.String">original_lemma</Name>
  <Value className="java.lang.String">scaffold</Value>
</Feature>
<Feature>
  <Name className="java.lang.String">SOURCE</Name>
  <Value className="java.lang.String">DEB_ONTOLOGY</Value>
</Feature>
<Feature>
  <Name className="java.lang.String">LABEL</Name>
  <Value className="java.lang.String">ManufacturedObject</Value>
</Feature>
<Feature>
  <Name className="java.lang.String">lemma</Name>
  <Value className="java.lang.String">scaffold</Value>
</Feature>
<Feature>
  <Name className="java.lang.String">text</Name>
  <Value className="java.lang.String">scaffold</Value>
</Feature>
<Feature>
  <Name className="java.lang.String">ID</Name>
  <Value className="java.lang.String">DEB_ont.ExperimentalScaffold</Value>
</Feature>
<Feature>
  <Name className="java.lang.String">PrefSynonym</Name>
  <Value className="java.lang.String">experimental scaffold</Value>
</Feature>
</Annotation>
<Annotation Id="526" Type="Tissue" StartNode="1518" EndNode="1529">
<Feature>
  <Name className="java.lang.String">original_lemma</Name>
  <Value className="java.lang.String">soft tissue</Value>
</Feature>
<Feature>
  <Name className="java.lang.String">SOURCE</Name>
  <Value className="java.lang.String">NCIT</Value>
</Feature>
<Feature>
  <Name className="java.lang.String">LABEL</Name>
  <Value className="java.lang.String">Tissue</Value>
</Feature>
<Feature>
  <Name className="java.lang.String">lemma</Name>
  <Value className="java.lang.String">soft tissue</Value>
</Feature>
<Feature>
  <Name className="java.lang.String">text</Name>
  <Value className="java.lang.String">soft
tissue</Value>
</Feature>
<Feature>
  <Name className="java.lang.String">ID</Name>
  <Value className="java.lang.String">ncit.C12471</Value>
</Feature>
<Feature>
  <Name className="java.lang.String">PrefSynonym</Name>
  <Value className="java.lang.String">soft tissue</Value>
</Feature>
</Annotation>
<Annotation Id="527" Type="Cell" StartNode="1107" EndNode="1126">
<Feature>
  <Name className="java.lang.String">rule</Name>
  <Value className="java.lang.String">cell_rule</Value>
</Feature>
</Annotation>
<Annotation Id="489" Type="BiologicallyActiveSubstance" StartNode="127" EndNode="134">
<Feature>
  <Name className="java.lang.String">UMLS_SOURCE_CODE</Name>
  <Value className="java.lang.String">D005780</Value>
</Feature>
<Feature>
  <Name className="java.lang.String">UMLS_SEM_TYPE_STR</Name>
  <Value className="java.lang.String">Amino Acid, Peptide, or Protein</Value>
</Feature>
<Feature>
  <Name className="java.lang.String">UMLS_CUI</Name>
  <Value className="java.lang.String">C0017237</Value>
</Feature>
<Feature>
  <Name className="java.lang.String">original_lemma</Name>
  <Value className="java.lang.String">gelatin</Value>
</Feature>
<Feature>
  <Name className="java.lang.String">UMLS_SOURCE</Name>
  <Value className="java.lang.String">MSH</Value>
</Feature>
<Feature>
  <Name className="java.lang.String">SOURCE</Name>
  <Value className="java.lang.String">UMLS</Value>
</Feature>
<Feature>
  <Name className="java.lang.String">LABEL</Name>
  <Value className="java.lang.String">BiologicallyActiveSubstance</Value>
</Feature>
<Feature>
  <Name className="java.lang.String">lemma</Name>
  <Value className="java.lang.String">gelatin</Value>
</Feature>
<Feature>
  <Name className="java.lang.String">text</Name>
  <Value className="java.lang.String">gelatin</Value>
</Feature>
<Feature>
  <Name className="java.lang.String">PrefSynonym</Name>
  <Value className="java.lang.String">gelatin</Value>
</Feature>
<Feature>
  <Name className="java.lang.String">UMLS_SEM_TYPE</Name>
  <Value className="java.lang.String">T116</Value>
</Feature>
</Annotation>
<Annotation Id="490" Type="MedicalApplication" StartNode="1523" EndNode="1541">
<Feature>
  <Name className="java.lang.String">UMLS_SOURCE_CODE</Name>
  <Value className="java.lang.String">D023822</Value>
</Feature>
<Feature>
  <Name className="java.lang.String">UMLS_SEM_TYPE_STR</Name>
  <Value className="java.lang.String">Therapeutic or Preventive Procedure</Value>
</Feature>
<Feature>
  <Name className="java.lang.String">UMLS_CUI</Name>
  <Value className="java.lang.String">C0596171</Value>
</Feature>
<Feature>
  <Name className="java.lang.String">original_lemma</Name>
  <Value className="java.lang.String">tissue engineering</Value>
</Feature>
<Feature>
  <Name className="java.lang.String">UMLS_SOURCE</Name>
  <Value className="java.lang.String">MSH</Value>
</Feature>
<Feature>
  <Name className="java.lang.String">SOURCE</Name>
  <Value className="java.lang.String">UMLS</Value>
</Feature>
<Feature>
  <Name className="java.lang.String">LABEL</Name>
  <Value className="java.lang.String">MedicalApplication</Value>
</Feature>
<Feature>
  <Name className="java.lang.String">lemma</Name>
  <Value className="java.lang.String">tissue engineering</Value>
</Feature>
<Feature>
  <Name className="java.lang.String">text</Name>
  <Value className="java.lang.String">tissue engineering</Value>
</Feature>
<Feature>
  <Name className="java.lang.String">PrefSynonym</Name>
  <Value className="java.lang.String">tissue engineering</Value>
</Feature>
<Feature>
  <Name className="java.lang.String">UMLS_SEM_TYPE</Name>
  <Value className="java.lang.String">T061</Value>
</Feature>
</Annotation>
<Annotation Id="491" Type="AssociatedBiologicalProcess" StartNode="9" EndNode="22">
<Feature>
  <Name className="java.lang.String">original_lemma</Name>
  <Value className="java.lang.String">cell adhesion</Value>
</Feature>
<Feature>
  <Name className="java.lang.String">SOURCE</Name>
  <Value className="java.lang.String">DEB_ONTOLOGY</Value>
</Feature>
<Feature>
  <Name className="java.lang.String">LABEL</Name>
  <Value className="java.lang.String">AssociatedBiologicalProcess</Value>
</Feature>
<Feature>
  <Name className="java.lang.String">lemma</Name>
  <Value className="java.lang.String">cell adhesion</Value>
</Feature>
<Feature>
  <Name className="java.lang.String">text</Name>
  <Value className="java.lang.String">Cell adhesion</Value>
</Feature>
<Feature>
  <Name className="java.lang.String">ID</Name>
  <Value className="java.lang.String">DEB_ont.CellAdhesion</Value>
</Feature>
<Feature>
  <Name className="java.lang.String">PrefSynonym</Name>
  <Value className="java.lang.String">cell adhesion</Value>
</Feature>
</Annotation>
<Annotation Id="492" Type="AssociatedBiologicalProcess" StartNode="27" EndNode="40">
<Feature>
  <Name className="java.lang.String">original_lemma</Name>
  <Value className="java.lang.String">proliferation</Value>
</Feature>
<Feature>
  <Name className="java.lang.String">SOURCE</Name>
  <Value className="java.lang.String">DEB_ONTOLOGY</Value>
</Feature>
<Feature>
  <Name className="java.lang.String">LABEL</Name>
  <Value className="java.lang.String">AssociatedBiologicalProcess</Value>
</Feature>
<Feature>
  <Name className="java.lang.String">lemma</Name>
  <Value className="java.lang.String">proliferation</Value>
</Feature>
<Feature>
  <Name className="java.lang.String">text</Name>
  <Value className="java.lang.String">proliferation</Value>
</Feature>
<Feature>
  <Name className="java.lang.String">ID</Name>
  <Value className="java.lang.String">DEB_ont.Proliferation</Value>
</Feature>
<Feature>
  <Name className="java.lang.String">PrefSynonym</Name>
  <Value className="java.lang.String">proliferation</Value>
</Feature>
</Annotation>
<Annotation Id="493" Type="BiomaterialType" StartNode="74" EndNode="83">
<Feature>
  <Name className="java.lang.String">original_lemma</Name>
  <Value className="java.lang.String">polymeric</Value>
</Feature>
<Feature>
  <Name className="java.lang.String">SOURCE</Name>
  <Value className="java.lang.String">DEB_ONTOLOGY</Value>
</Feature>
<Feature>
  <Name className="java.lang.String">LABEL</Name>
  <Value className="java.lang.String">BiomaterialType</Value>
</Feature>
<Feature>
  <Name className="java.lang.String">lemma</Name>
  <Value className="java.lang.String">polymeric</Value>
</Feature>
<Feature>
  <Name className="java.lang.String">text</Name>
  <Value className="java.lang.String">polymeric</Value>
</Feature>
<Feature>
  <Name className="java.lang.String">ID</Name>
  <Value className="java.lang.String">deb_ont.polymeric</Value>
</Feature>
<Feature>
  <Name className="java.lang.String">PrefSynonym</Name>
  <Value className="java.lang.String">polymer</Value>
</Feature>
</Annotation>
<Annotation Id="494" Type="Structure" StartNode="84" EndNode="92">
<Feature>
  <Name className="java.lang.String">original_lemma</Name>
  <Value className="java.lang.String">network</Value>
</Feature>
<Feature>
  <Name className="java.lang.String">SOURCE</Name>
  <Value className="java.lang.String">DEB_ONTOLOGY</Value>
</Feature>
<Feature>
  <Name className="java.lang.String">LABEL</Name>
  <Value className="java.lang.String">Structure</Value>
</Feature>
<Feature>
  <Name className="java.lang.String">lemma</Name>
  <Value className="java.lang.String">network</Value>
</Feature>
<Feature>
  <Name className="java.lang.String">text</Name>
  <Value className="java.lang.String">networks</Value>
</Feature>
<Feature>
  <Name className="java.lang.String">ID</Name>
  <Value className="java.lang.String">DEB_ont.Network</Value>
</Feature>
<Feature>
  <Name className="java.lang.String">PrefSynonym</Name>
  <Value className="java.lang.String">network</Value>
</Feature>
</Annotation>
<Annotation Id="495" Type="Biomaterial" StartNode="108" EndNode="122">
<Feature>
  <Name className="java.lang.String">original_lemma</Name>
  <Value className="java.lang.String">polyacrylamide</Value>
</Feature>
<Feature>
  <Name className="java.lang.String">SOURCE</Name>
  <Value className="java.lang.String">CHEBI</Value>
</Feature>
<Feature>
  <Name className="java.lang.String">LABEL</Name>
  <Value className="java.lang.String">Biomaterial</Value>
</Feature>
<Feature>
  <Name className="java.lang.String">lemma</Name>
  <Value className="java.lang.String">polyacrylamide</Value>
</Feature>
<Feature>
  <Name className="java.lang.String">text</Name>
  <Value className="java.lang.String">polyacrylamide</Value>
</Feature>
<Feature>
  <Name className="java.lang.String">ID</Name>
  <Value className="java.lang.String">CHEBI:53656</Value>
</Feature>
<Feature>
  <Name className="java.lang.String">PrefSynonym</Name>
  <Value className="java.lang.String">polyacrylamide macromolecule</Value>
</Feature>
</Annotation>
<Annotation Id="496" Type="ManufacturedObjectFeatures" StartNode="195" EndNode="209">
<Feature>
  <Name className="java.lang.String">original_lemma</Name>
  <Value className="java.lang.String">hydrophilicity</Value>
</Feature>
<Feature>
  <Name className="java.lang.String">SOURCE</Name>
  <Value className="java.lang.String">DEB_ONTOLOGY</Value>
</Feature>
<Feature>
  <Name className="java.lang.String">LABEL</Name>
  <Value className="java.lang.String">ManufacturedObjectFeatures</Value>
</Feature>
<Feature>
  <Name className="java.lang.String">lemma</Name>
  <Value className="java.lang.String">hydrophilicity</Value>
</Feature>
<Feature>
  <Name className="java.lang.String">text</Name>
  <Value className="java.lang.String">hydrophilicity</Value>
</Feature>
<Feature>
  <Name className="java.lang.String">ID</Name>
  <Value className="java.lang.String">DEB_ont.Hydrophilicity</Value>
</Feature>
<Feature>
  <Name className="java.lang.String">PrefSynonym</Name>
  <Value className="java.lang.String">hydrophilicity</Value>
</Feature>
</Annotation>
<Annotation Id="497" Type="ManufacturedObjectFeatures" StartNode="224" EndNode="234">
<Feature>
  <Name className="java.lang.String">original_lemma</Name>
  <Value className="java.lang.String">morphology</Value>
</Feature>
<Feature>
  <Name className="java.lang.String">SOURCE</Name>
  <Value className="java.lang.String">DEB_ONTOLOGY</Value>
</Feature>
<Feature>
  <Name className="java.lang.String">LABEL</Name>
  <Value className="java.lang.String">ManufacturedObjectFeatures</Value>
</Feature>
<Feature>
  <Name className="java.lang.String">lemma</Name>
  <Value className="java.lang.String">morphology</Value>
</Feature>
<Feature>
  <Name className="java.lang.String">text</Name>
  <Value className="java.lang.String">morphology</Value>
</Feature>
<Feature>
  <Name className="java.lang.String">ID</Name>
  <Value className="java.lang.String">DEB_ont.Morphology</Value>
</Feature>
<Feature>
  <Name className="java.lang.String">PrefSynonym</Name>
  <Value className="java.lang.String">morphology</Value>
</Feature>
</Annotation>
<Annotation Id="498" Type="AssociatedBiologicalProcess" StartNode="261" EndNode="279">
<Feature>
  <Name className="java.lang.String">original_lemma</Name>
  <Value className="java.lang.String">cell proliferation</Value>
</Feature>
<Feature>
  <Name className="java.lang.String">SOURCE</Name>
  <Value className="java.lang.String">DEB_ONTOLOGY</Value>
</Feature>
<Feature>
  <Name className="java.lang.String">LABEL</Name>
  <Value className="java.lang.String">AssociatedBiologicalProcess</Value>
</Feature>
<Feature>
  <Name className="java.lang.String">lemma</Name>
  <Value className="java.lang.String">cell proliferation</Value>
</Feature>
<Feature>
  <Name className="java.lang.String">text</Name>
  <Value className="java.lang.String">cell proliferation</Value>
</Feature>
<Feature>
  <Name className="java.lang.String">ID</Name>
  <Value className="java.lang.String">DEB_ont.CellProliferation</Value>
</Feature>
<Feature>
  <Name className="java.lang.String">PrefSynonym</Name>
  <Value className="java.lang.String">cell proliferation</Value>
</Feature>
</Annotation>
<Annotation Id="499" Type="Biomaterial" StartNode="297" EndNode="319">
<Feature>
  <Name className="java.lang.String">original_lemma</Name>
  <Value className="java.lang.String">polyacrylamide/gelatin</Value>
</Feature>
<Feature>
  <Name className="java.lang.String">SOURCE</Name>
  <Value className="java.lang.String">CHEBI</Value>
</Feature>
<Feature>
  <Name className="java.lang.String">LABEL</Name>
  <Value className="java.lang.String">Biomaterial</Value>
</Feature>
<Feature>
  <Name className="java.lang.String">lemma</Name>
  <Value className="java.lang.String">polyacrylamide/gelatin</Value>
</Feature>
<Feature>
  <Name className="java.lang.String">text</Name>
  <Value className="java.lang.String">polyacrylamide/gelatin</Value>
</Feature>
<Feature>
  <Name className="java.lang.String">ID</Name>
  <Value className="java.lang.String">CHEBI:53656</Value>
</Feature>
<Feature>
  <Name className="java.lang.String">PrefSynonym</Name>
  <Value className="java.lang.String">polyacrylamide macromolecule</Value>
</Feature>
</Annotation>
<Annotation Id="500" Type="Biomaterial" StartNode="321" EndNode="326">
<Feature>
  <Name className="java.lang.String">original_lemma</Name>
  <Value className="java.lang.String">pam/g</Value>
</Feature>
<Feature>
  <Name className="java.lang.String">SOURCE</Name>
  <Value className="java.lang.String">CHEBI</Value>
</Feature>
<Feature>
  <Name className="java.lang.String">LABEL</Name>
  <Value className="java.lang.String">Biomaterial</Value>
</Feature>
<Feature>
  <Name className="java.lang.String">lemma</Name>
  <Value className="java.lang.String">pam/g</Value>
</Feature>
<Feature>
  <Name className="java.lang.String">text</Name>
  <Value className="java.lang.String">PAm/G</Value>
</Feature>
<Feature>
  <Name className="java.lang.String">ID</Name>
  <Value className="java.lang.String">CHEBI:51135</Value>
</Feature>
<Feature>
  <Name className="java.lang.String">PrefSynonym</Name>
  <Value className="java.lang.String">poly(acrylamide) macromolecule</Value>
</Feature>
</Annotation>
<Annotation Id="501" Type="BiomaterialType" StartNode="350" EndNode="359">
<Feature>
  <Name className="java.lang.String">original_lemma</Name>
  <Value className="java.lang.String">polymeric</Value>
</Feature>
<Feature>
  <Name className="java.lang.String">SOURCE</Name>
  <Value className="java.lang.String">DEB_ONTOLOGY</Value>
</Feature>
<Feature>
  <Name className="java.lang.String">LABEL</Name>
  <Value className="java.lang.String">BiomaterialType</Value>
</Feature>
<Feature>
  <Name className="java.lang.String">lemma</Name>
  <Value className="java.lang.String">polymeric</Value>
</Feature>
<Feature>
  <Name className="java.lang.String">text</Name>
  <Value className="java.lang.String">polymeric</Value>
</Feature>
<Feature>
  <Name className="java.lang.String">ID</Name>
  <Value className="java.lang.String">deb_ont.polymeric</Value>
</Feature>
<Feature>
  <Name className="java.lang.String">PrefSynonym</Name>
  <Value className="java.lang.String">polymer</Value>
</Feature>
</Annotation>
<Annotation Id="502" Type="Structure" StartNode="360" EndNode="367">
<Feature>
  <Name className="java.lang.String">original_lemma</Name>
  <Value className="java.lang.String">network</Value>
</Feature>
<Feature>
  <Name className="java.lang.String">SOURCE</Name>
  <Value className="java.lang.String">DEB_ONTOLOGY</Value>
</Feature>
<Feature>
  <Name className="java.lang.String">LABEL</Name>
  <Value className="java.lang.String">Structure</Value>
</Feature>
<Feature>
  <Name className="java.lang.String">lemma</Name>
  <Value className="java.lang.String">network</Value>
</Feature>
<Feature>
  <Name className="java.lang.String">text</Name>
  <Value className="java.lang.String">network</Value>
</Feature>
<Feature>
  <Name className="java.lang.String">ID</Name>
  <Value className="java.lang.String">DEB_ont.Network</Value>
</Feature>
<Feature>
  <Name className="java.lang.String">PrefSynonym</Name>
  <Value className="java.lang.String">network</Value>
</Feature>
</Annotation>
<Annotation Id="503" Type="Biomaterial" StartNode="431" EndNode="445">
<Feature>
  <Name className="java.lang.String">original_lemma</Name>
  <Value className="java.lang.String">polyacrylamide</Value>
</Feature>
<Feature>
  <Name className="java.lang.String">SOURCE</Name>
  <Value className="java.lang.String">CHEBI</Value>
</Feature>
<Feature>
  <Name className="java.lang.String">LABEL</Name>
  <Value className="java.lang.String">Biomaterial</Value>
</Feature>
<Feature>
  <Name className="java.lang.String">lemma</Name>
  <Value className="java.lang.String">polyacrylamide</Value>
</Feature>
<Feature>
  <Name className="java.lang.String">text</Name>
  <Value className="java.lang.String">polyacrylamide</Value>
</Feature>
<Feature>
  <Name className="java.lang.String">ID</Name>
  <Value className="java.lang.String">CHEBI:53656</Value>
</Feature>
<Feature>
  <Name className="java.lang.String">PrefSynonym</Name>
  <Value className="java.lang.String">polyacrylamide macromolecule</Value>
</Feature>
</Annotation>
<Annotation Id="504" Type="ResearchTechnique" StartNode="454" EndNode="482">
<Feature>
  <Name className="java.lang.String">original_lemma</Name>
  <Value className="java.lang.String">scan electron microscopy</Value>
</Feature>
<Feature>
  <Name className="java.lang.String">SOURCE</Name>
  <Value className="java.lang.String">DEB_ONTOLOGY</Value>
</Feature>
<Feature>
  <Name className="java.lang.String">LABEL</Name>
  <Value className="java.lang.String">ResearchTechnique</Value>
</Feature>
<Feature>
  <Name className="java.lang.String">lemma</Name>
  <Value className="java.lang.String">scan electron microscopy</Value>
</Feature>
<Feature>
  <Name className="java.lang.String">text</Name>
  <Value className="java.lang.String">Scanning electron microscopy</Value>
</Feature>
<Feature>
  <Name className="java.lang.String">ID</Name>
  <Value className="java.lang.String">DEB_ont.ScanningElectronMicroscopy</Value>
</Feature>
<Feature>
  <Name className="java.lang.String">PrefSynonym</Name>
  <Value className="java.lang.String">scan electron microscopy</Value>
</Feature>
</Annotation>
<Annotation Id="505" Type="ResearchTechnique" StartNode="484" EndNode="487">
<Feature>
  <Name className="java.lang.String">original_lemma</Name>
  <Value className="java.lang.String">sem</Value>
</Feature>
<Feature>
  <Name className="java.lang.String">SOURCE</Name>
  <Value className="java.lang.String">DEB_ONTOLOGY</Value>
</Feature>
<Feature>
  <Name className="java.lang.String">LABEL</Name>
  <Value className="java.lang.String">ResearchTechnique</Value>
</Feature>
<Feature>
  <Name className="java.lang.String">lemma</Name>
  <Value className="java.lang.String">sem</Value>
</Feature>
<Feature>
  <Name className="java.lang.String">text</Name>
  <Value className="java.lang.String">SEM</Value>
</Feature>
<Feature>
  <Name className="java.lang.String">ID</Name>
  <Value className="java.lang.String">DEB_ont.ScanningElectronMicroscopy</Value>
</Feature>
<Feature>
  <Name className="java.lang.String">PrefSynonym</Name>
  <Value className="java.lang.String">scanning electron microscopy</Value>
</Feature>
</Annotation>
<Annotation Id="506" Type="ManufacturedObjectFeatures" StartNode="535" EndNode="541">
<Feature>
  <Name className="java.lang.String">original_lemma</Name>
  <Value className="java.lang.String">porous</Value>
</Feature>
<Feature>
  <Name className="java.lang.String">SOURCE</Name>
  <Value className="java.lang.String">DEB_ONTOLOGY</Value>
</Feature>
<Feature>
  <Name className="java.lang.String">LABEL</Name>
  <Value className="java.lang.String">ManufacturedObjectFeatures</Value>
</Feature>
<Feature>
  <Name className="java.lang.String">lemma</Name>
  <Value className="java.lang.String">porous</Value>
</Feature>
<Feature>
  <Name className="java.lang.String">text</Name>
  <Value className="java.lang.String">porous</Value>
</Feature>
<Feature>
  <Name className="java.lang.String">ID</Name>
  <Value className="java.lang.String">deb_ont.porous</Value>
</Feature>
<Feature>
  <Name className="java.lang.String">PrefSynonym</Name>
  <Value className="java.lang.String">porosity</Value>
</Feature>
</Annotation>
<Annotation Id="507" Type="ManufacturedObjectFeatures" StartNode="566" EndNode="574">
<Feature>
  <Name className="java.lang.String">original_lemma</Name>
  <Value className="java.lang.String">diameter</Value>
</Feature>
<Feature>
  <Name className="java.lang.String">SOURCE</Name>
  <Value className="java.lang.String">DEB_ONTOLOGY</Value>
</Feature>
<Feature>
  <Name className="java.lang.String">LABEL</Name>
  <Value className="java.lang.String">ManufacturedObjectFeatures</Value>
</Feature>
<Feature>
  <Name className="java.lang.String">lemma</Name>
  <Value className="java.lang.String">diameter</Value>
</Feature>
<Feature>
  <Name className="java.lang.String">text</Name>
  <Value className="java.lang.String">diameter</Value>
</Feature>
<Feature>
  <Name className="java.lang.String">ID</Name>
  <Value className="java.lang.String">DEB_ont.Diameter</Value>
</Feature>
<Feature>
  <Name className="java.lang.String">PrefSynonym</Name>
  <Value className="java.lang.String">diameter</Value>
</Feature>
</Annotation>
<Annotation Id="508" Type="ManufacturedObjectFeatures" StartNode="770" EndNode="784">
<Feature>
  <Name className="java.lang.String">original_lemma</Name>
  <Value className="java.lang.String">hydrophilicity</Value>
</Feature>
<Feature>
  <Name className="java.lang.String">SOURCE</Name>
  <Value className="java.lang.String">DEB_ONTOLOGY</Value>
</Feature>
<Feature>
  <Name className="java.lang.String">LABEL</Name>
  <Value className="java.lang.String">ManufacturedObjectFeatures</Value>
</Feature>
<Feature>
  <Name className="java.lang.String">lemma</Name>
  <Value className="java.lang.String">hydrophilicity</Value>
</Feature>
<Feature>
  <Name className="java.lang.String">text</Name>
  <Value className="java.lang.String">hydrophilicity</Value>
</Feature>
<Feature>
  <Name className="java.lang.String">ID</Name>
  <Value className="java.lang.String">DEB_ont.Hydrophilicity</Value>
</Feature>
<Feature>
  <Name className="java.lang.String">PrefSynonym</Name>
  <Value className="java.lang.String">hydrophilicity</Value>
</Feature>
</Annotation>
<Annotation Id="509" Type="Structure" StartNode="792" EndNode="800">
<Feature>
  <Name className="java.lang.String">original_lemma</Name>
  <Value className="java.lang.String">hydrogel</Value>
</Feature>
<Feature>
  <Name className="java.lang.String">SOURCE</Name>
  <Value className="java.lang.String">DEB_ONTOLOGY</Value>
</Feature>
<Feature>
  <Name className="java.lang.String">LABEL</Name>
  <Value className="java.lang.String">Structure</Value>
</Feature>
<Feature>
  <Name className="java.lang.String">lemma</Name>
  <Value className="java.lang.String">hydrogel</Value>
</Feature>
<Feature>
  <Name className="java.lang.String">text</Name>
  <Value className="java.lang.String">hydrogel</Value>
</Feature>
<Feature>
  <Name className="java.lang.String">ID</Name>
  <Value className="java.lang.String">DEB_ont.Hydrogel</Value>
</Feature>
<Feature>
  <Name className="java.lang.String">PrefSynonym</Name>
  <Value className="java.lang.String">hydrogel</Value>
</Feature>
</Annotation>
<Annotation Id="510" Type="ManufacturedObjectComponent" StartNode="801" EndNode="808">
<Feature>
  <Name className="java.lang.String">original_lemma</Name>
  <Value className="java.lang.String">surface</Value>
</Feature>
<Feature>
  <Name className="java.lang.String">SOURCE</Name>
  <Value className="java.lang.String">DEB_ONTOLOGY</Value>
</Feature>
<Feature>
  <Name className="java.lang.String">LABEL</Name>
  <Value className="java.lang.String">ManufacturedObjectComponent</Value>
</Feature>
<Feature>
  <Name className="java.lang.String">lemma</Name>
  <Value className="java.lang.String">surface</Value>
</Feature>
<Feature>
  <Name className="java.lang.String">text</Name>
  <Value className="java.lang.String">surface</Value>
</Feature>
<Feature>
  <Name className="java.lang.String">ID</Name>
  <Value className="java.lang.String">DEB_ont.Surface</Value>
</Feature>
<Feature>
  <Name className="java.lang.String">PrefSynonym</Name>
  <Value className="java.lang.String">surface</Value>
</Feature>
</Annotation>
<Annotation Id="511" Type="MaterialProcessing" StartNode="831" EndNode="841">
<Feature>
  <Name className="java.lang.String">original_lemma</Name>
  <Value className="java.lang.String">adsorption</Value>
</Feature>
<Feature>
  <Name className="java.lang.String">SOURCE</Name>
  <Value className="java.lang.String">DEB_ONTOLOGY</Value>
</Feature>
<Feature>
  <Name className="java.lang.String">LABEL</Name>
  <Value className="java.lang.String">MaterialProcessing</Value>
</Feature>
<Feature>
  <Name className="java.lang.String">lemma</Name>
  <Value className="java.lang.String">adsorption</Value>
</Feature>
<Feature>
  <Name className="java.lang.String">text</Name>
  <Value className="java.lang.String">adsorption</Value>
</Feature>
<Feature>
  <Name className="java.lang.String">ID</Name>
  <Value className="java.lang.String">DEB_ont.Adsorption</Value>
</Feature>
<Feature>
  <Name className="java.lang.String">PrefSynonym</Name>
  <Value className="java.lang.String">adsorption</Value>
</Feature>
</Annotation>
</AnnotationSet>

<!-- Named annotation set -->

<AnnotationSet Name="VALIDATOR">
<Annotation Id="528" Type="MedicalApplication" StartNode="1523" EndNode="1541">
<Feature>
  <Name className="java.lang.String">UMLS_SOURCE_CODE</Name>
  <Value className="java.lang.String">D023822</Value>
</Feature>
<Feature>
  <Name className="java.lang.String">UMLS_SEM_TYPE_STR</Name>
  <Value className="java.lang.String">Therapeutic or Preventive Procedure</Value>
</Feature>
<Feature>
  <Name className="java.lang.String">UMLS_CUI</Name>
  <Value className="java.lang.String">C0596171</Value>
</Feature>
<Feature>
  <Name className="java.lang.String">original_lemma</Name>
  <Value className="java.lang.String">tissue engineering</Value>
</Feature>
<Feature>
  <Name className="java.lang.String">UMLS_SOURCE</Name>
  <Value className="java.lang.String">MSH</Value>
</Feature>
<Feature>
  <Name className="java.lang.String">SOURCE</Name>
  <Value className="java.lang.String">UMLS</Value>
</Feature>
<Feature>
  <Name className="java.lang.String">LABEL</Name>
  <Value className="java.lang.String">MedicalApplication</Value>
</Feature>
<Feature>
  <Name className="java.lang.String">lemma</Name>
  <Value className="java.lang.String">tissue engineering</Value>
</Feature>
<Feature>
  <Name className="java.lang.String">text</Name>
  <Value className="java.lang.String">tissue engineering</Value>
</Feature>
<Feature>
  <Name className="java.lang.String">PrefSynonym</Name>
  <Value className="java.lang.String">tissue engineering</Value>
</Feature>
<Feature>
  <Name className="java.lang.String">UMLS_SEM_TYPE</Name>
  <Value className="java.lang.String">T061</Value>
</Feature>
</Annotation>
<Annotation Id="529" Type="AssociatedBiologicalProcess" StartNode="9" EndNode="22">
<Feature>
  <Name className="java.lang.String">original_lemma</Name>
  <Value className="java.lang.String">cell adhesion</Value>
</Feature>
<Feature>
  <Name className="java.lang.String">SOURCE</Name>
  <Value className="java.lang.String">DEB_ONTOLOGY</Value>
</Feature>
<Feature>
  <Name className="java.lang.String">LABEL</Name>
  <Value className="java.lang.String">AssociatedBiologicalProcess</Value>
</Feature>
<Feature>
  <Name className="java.lang.String">lemma</Name>
  <Value className="java.lang.String">cell adhesion</Value>
</Feature>
<Feature>
  <Name className="java.lang.String">text</Name>
  <Value className="java.lang.String">Cell adhesion</Value>
</Feature>
<Feature>
  <Name className="java.lang.String">ID</Name>
  <Value className="java.lang.String">DEB_ont.CellAdhesion</Value>
</Feature>
<Feature>
  <Name className="java.lang.String">PrefSynonym</Name>
  <Value className="java.lang.String">cell adhesion</Value>
</Feature>
</Annotation>
<Annotation Id="530" Type="AssociatedBiologicalProcess" StartNode="27" EndNode="40">
<Feature>
  <Name className="java.lang.String">original_lemma</Name>
  <Value className="java.lang.String">proliferation</Value>
</Feature>
<Feature>
  <Name className="java.lang.String">SOURCE</Name>
  <Value className="java.lang.String">DEB_ONTOLOGY</Value>
</Feature>
<Feature>
  <Name className="java.lang.String">LABEL</Name>
  <Value className="java.lang.String">AssociatedBiologicalProcess</Value>
</Feature>
<Feature>
  <Name className="java.lang.String">lemma</Name>
  <Value className="java.lang.String">proliferation</Value>
</Feature>
<Feature>
  <Name className="java.lang.String">text</Name>
  <Value className="java.lang.String">proliferation</Value>
</Feature>
<Feature>
  <Name className="java.lang.String">ID</Name>
  <Value className="java.lang.String">DEB_ont.Proliferation</Value>
</Feature>
<Feature>
  <Name className="java.lang.String">PrefSynonym</Name>
  <Value className="java.lang.String">proliferation</Value>
</Feature>
</Annotation>
<Annotation Id="531" Type="BiomaterialType" StartNode="74" EndNode="83">
<Feature>
  <Name className="java.lang.String">original_lemma</Name>
  <Value className="java.lang.String">polymeric</Value>
</Feature>
<Feature>
  <Name className="java.lang.String">SOURCE</Name>
  <Value className="java.lang.String">DEB_ONTOLOGY</Value>
</Feature>
<Feature>
  <Name className="java.lang.String">LABEL</Name>
  <Value className="java.lang.String">BiomaterialType</Value>
</Feature>
<Feature>
  <Name className="java.lang.String">lemma</Name>
  <Value className="java.lang.String">polymeric</Value>
</Feature>
<Feature>
  <Name className="java.lang.String">text</Name>
  <Value className="java.lang.String">polymeric</Value>
</Feature>
<Feature>
  <Name className="java.lang.String">ID</Name>
  <Value className="java.lang.String">deb_ont.polymeric</Value>
</Feature>
<Feature>
  <Name className="java.lang.String">PrefSynonym</Name>
  <Value className="java.lang.String">polymer</Value>
</Feature>
</Annotation>
<Annotation Id="532" Type="Structure" StartNode="84" EndNode="92">
<Feature>
  <Name className="java.lang.String">original_lemma</Name>
  <Value className="java.lang.String">network</Value>
</Feature>
<Feature>
  <Name className="java.lang.String">SOURCE</Name>
  <Value className="java.lang.String">DEB_ONTOLOGY</Value>
</Feature>
<Feature>
  <Name className="java.lang.String">LABEL</Name>
  <Value className="java.lang.String">Structure</Value>
</Feature>
<Feature>
  <Name className="java.lang.String">lemma</Name>
  <Value className="java.lang.String">network</Value>
</Feature>
<Feature>
  <Name className="java.lang.String">text</Name>
  <Value className="java.lang.String">networks</Value>
</Feature>
<Feature>
  <Name className="java.lang.String">ID</Name>
  <Value className="java.lang.String">DEB_ont.Network</Value>
</Feature>
<Feature>
  <Name className="java.lang.String">PrefSynonym</Name>
  <Value className="java.lang.String">network</Value>
</Feature>
</Annotation>
<Annotation Id="533" Type="Biomaterial" StartNode="108" EndNode="122">
<Feature>
  <Name className="java.lang.String">original_lemma</Name>
  <Value className="java.lang.String">polyacrylamide</Value>
</Feature>
<Feature>
  <Name className="java.lang.String">SOURCE</Name>
  <Value className="java.lang.String">CHEBI</Value>
</Feature>
<Feature>
  <Name className="java.lang.String">LABEL</Name>
  <Value className="java.lang.String">Biomaterial</Value>
</Feature>
<Feature>
  <Name className="java.lang.String">lemma</Name>
  <Value className="java.lang.String">polyacrylamide</Value>
</Feature>
<Feature>
  <Name className="java.lang.String">text</Name>
  <Value className="java.lang.String">polyacrylamide</Value>
</Feature>
<Feature>
  <Name className="java.lang.String">ID</Name>
  <Value className="java.lang.String">CHEBI:53656</Value>
</Feature>
<Feature>
  <Name className="java.lang.String">PrefSynonym</Name>
  <Value className="java.lang.String">polyacrylamide macromolecule</Value>
</Feature>
</Annotation>
<Annotation Id="534" Type="ManufacturedObjectFeatures" StartNode="195" EndNode="209">
<Feature>
  <Name className="java.lang.String">original_lemma</Name>
  <Value className="java.lang.String">hydrophilicity</Value>
</Feature>
<Feature>
  <Name className="java.lang.String">SOURCE</Name>
  <Value className="java.lang.String">DEB_ONTOLOGY</Value>
</Feature>
<Feature>
  <Name className="java.lang.String">LABEL</Name>
  <Value className="java.lang.String">ManufacturedObjectFeatures</Value>
</Feature>
<Feature>
  <Name className="java.lang.String">lemma</Name>
  <Value className="java.lang.String">hydrophilicity</Value>
</Feature>
<Feature>
  <Name className="java.lang.String">text</Name>
  <Value className="java.lang.String">hydrophilicity</Value>
</Feature>
<Feature>
  <Name className="java.lang.String">ID</Name>
  <Value className="java.lang.String">DEB_ont.Hydrophilicity</Value>
</Feature>
<Feature>
  <Name className="java.lang.String">PrefSynonym</Name>
  <Value className="java.lang.String">hydrophilicity</Value>
</Feature>
</Annotation>
<Annotation Id="535" Type="AssociatedBiologicalProcess" StartNode="261" EndNode="279">
<Feature>
  <Name className="java.lang.String">original_lemma</Name>
  <Value className="java.lang.String">cell proliferation</Value>
</Feature>
<Feature>
  <Name className="java.lang.String">SOURCE</Name>
  <Value className="java.lang.String">DEB_ONTOLOGY</Value>
</Feature>
<Feature>
  <Name className="java.lang.String">LABEL</Name>
  <Value className="java.lang.String">AssociatedBiologicalProcess</Value>
</Feature>
<Feature>
  <Name className="java.lang.String">lemma</Name>
  <Value className="java.lang.String">cell proliferation</Value>
</Feature>
<Feature>
  <Name className="java.lang.String">text</Name>
  <Value className="java.lang.String">cell proliferation</Value>
</Feature>
<Feature>
  <Name className="java.lang.String">ID</Name>
  <Value className="java.lang.String">DEB_ont.CellProliferation</Value>
</Feature>
<Feature>
  <Name className="java.lang.String">PrefSynonym</Name>
  <Value className="java.lang.String">cell proliferation</Value>
</Feature>
</Annotation>
<Annotation Id="536" Type="Biomaterial" StartNode="297" EndNode="319">
<Feature>
  <Name className="java.lang.String">original_lemma</Name>
  <Value className="java.lang.String">polyacrylamide/gelatin</Value>
</Feature>
<Feature>
  <Name className="java.lang.String">SOURCE</Name>
  <Value className="java.lang.String">CHEBI</Value>
</Feature>
<Feature>
  <Name className="java.lang.String">LABEL</Name>
  <Value className="java.lang.String">Biomaterial</Value>
</Feature>
<Feature>
  <Name className="java.lang.String">lemma</Name>
  <Value className="java.lang.String">polyacrylamide/gelatin</Value>
</Feature>
<Feature>
  <Name className="java.lang.String">text</Name>
  <Value className="java.lang.String">polyacrylamide/gelatin</Value>
</Feature>
<Feature>
  <Name className="java.lang.String">ID</Name>
  <Value className="java.lang.String">CHEBI:53656</Value>
</Feature>
<Feature>
  <Name className="java.lang.String">PrefSynonym</Name>
  <Value className="java.lang.String">polyacrylamide macromolecule</Value>
</Feature>
</Annotation>
<Annotation Id="537" Type="Biomaterial" StartNode="321" EndNode="326">
<Feature>
  <Name className="java.lang.String">original_lemma</Name>
  <Value className="java.lang.String">pam/g</Value>
</Feature>
<Feature>
  <Name className="java.lang.String">SOURCE</Name>
  <Value className="java.lang.String">CHEBI</Value>
</Feature>
<Feature>
  <Name className="java.lang.String">LABEL</Name>
  <Value className="java.lang.String">Biomaterial</Value>
</Feature>
<Feature>
  <Name className="java.lang.String">lemma</Name>
  <Value className="java.lang.String">pam/g</Value>
</Feature>
<Feature>
  <Name className="java.lang.String">text</Name>
  <Value className="java.lang.String">PAm/G</Value>
</Feature>
<Feature>
  <Name className="java.lang.String">ID</Name>
  <Value className="java.lang.String">CHEBI:51135</Value>
</Feature>
<Feature>
  <Name className="java.lang.String">PrefSynonym</Name>
  <Value className="java.lang.String">poly(acrylamide) macromolecule</Value>
</Feature>
</Annotation>
<Annotation Id="538" Type="BiomaterialType" StartNode="350" EndNode="359">
<Feature>
  <Name className="java.lang.String">original_lemma</Name>
  <Value className="java.lang.String">polymeric</Value>
</Feature>
<Feature>
  <Name className="java.lang.String">SOURCE</Name>
  <Value className="java.lang.String">DEB_ONTOLOGY</Value>
</Feature>
<Feature>
  <Name className="java.lang.String">LABEL</Name>
  <Value className="java.lang.String">BiomaterialType</Value>
</Feature>
<Feature>
  <Name className="java.lang.String">lemma</Name>
  <Value className="java.lang.String">polymeric</Value>
</Feature>
<Feature>
  <Name className="java.lang.String">text</Name>
  <Value className="java.lang.String">polymeric</Value>
</Feature>
<Feature>
  <Name className="java.lang.String">ID</Name>
  <Value className="java.lang.String">deb_ont.polymeric</Value>
</Feature>
<Feature>
  <Name className="java.lang.String">PrefSynonym</Name>
  <Value className="java.lang.String">polymer</Value>
</Feature>
</Annotation>
<Annotation Id="539" Type="Structure" StartNode="360" EndNode="367">
<Feature>
  <Name className="java.lang.String">original_lemma</Name>
  <Value className="java.lang.String">network</Value>
</Feature>
<Feature>
  <Name className="java.lang.String">SOURCE</Name>
  <Value className="java.lang.String">DEB_ONTOLOGY</Value>
</Feature>
<Feature>
  <Name className="java.lang.String">LABEL</Name>
  <Value className="java.lang.String">Structure</Value>
</Feature>
<Feature>
  <Name className="java.lang.String">lemma</Name>
  <Value className="java.lang.String">network</Value>
</Feature>
<Feature>
  <Name className="java.lang.String">text</Name>
  <Value className="java.lang.String">network</Value>
</Feature>
<Feature>
  <Name className="java.lang.String">ID</Name>
  <Value className="java.lang.String">DEB_ont.Network</Value>
</Feature>
<Feature>
  <Name className="java.lang.String">PrefSynonym</Name>
  <Value className="java.lang.String">network</Value>
</Feature>
</Annotation>
<Annotation Id="540" Type="Biomaterial" StartNode="431" EndNode="445">
<Feature>
  <Name className="java.lang.String">original_lemma</Name>
  <Value className="java.lang.String">polyacrylamide</Value>
</Feature>
<Feature>
  <Name className="java.lang.String">SOURCE</Name>
  <Value className="java.lang.String">CHEBI</Value>
</Feature>
<Feature>
  <Name className="java.lang.String">LABEL</Name>
  <Value className="java.lang.String">Biomaterial</Value>
</Feature>
<Feature>
  <Name className="java.lang.String">lemma</Name>
  <Value className="java.lang.String">polyacrylamide</Value>
</Feature>
<Feature>
  <Name className="java.lang.String">text</Name>
  <Value className="java.lang.String">polyacrylamide</Value>
</Feature>
<Feature>
  <Name className="java.lang.String">ID</Name>
  <Value className="java.lang.String">CHEBI:53656</Value>
</Feature>
<Feature>
  <Name className="java.lang.String">PrefSynonym</Name>
  <Value className="java.lang.String">polyacrylamide macromolecule</Value>
</Feature>
</Annotation>
<Annotation Id="541" Type="ResearchTechnique" StartNode="454" EndNode="482">
<Feature>
  <Name className="java.lang.String">original_lemma</Name>
  <Value className="java.lang.String">scan electron microscopy</Value>
</Feature>
<Feature>
  <Name className="java.lang.String">SOURCE</Name>
  <Value className="java.lang.String">DEB_ONTOLOGY</Value>
</Feature>
<Feature>
  <Name className="java.lang.String">LABEL</Name>
  <Value className="java.lang.String">ResearchTechnique</Value>
</Feature>
<Feature>
  <Name className="java.lang.String">lemma</Name>
  <Value className="java.lang.String">scan electron microscopy</Value>
</Feature>
<Feature>
  <Name className="java.lang.String">text</Name>
  <Value className="java.lang.String">Scanning electron microscopy</Value>
</Feature>
<Feature>
  <Name className="java.lang.String">ID</Name>
  <Value className="java.lang.String">DEB_ont.ScanningElectronMicroscopy</Value>
</Feature>
<Feature>
  <Name className="java.lang.String">PrefSynonym</Name>
  <Value className="java.lang.String">scan electron microscopy</Value>
</Feature>
</Annotation>
<Annotation Id="542" Type="ResearchTechnique" StartNode="484" EndNode="487">
<Feature>
  <Name className="java.lang.String">original_lemma</Name>
  <Value className="java.lang.String">sem</Value>
</Feature>
<Feature>
  <Name className="java.lang.String">SOURCE</Name>
  <Value className="java.lang.String">DEB_ONTOLOGY</Value>
</Feature>
<Feature>
  <Name className="java.lang.String">LABEL</Name>
  <Value className="java.lang.String">ResearchTechnique</Value>
</Feature>
<Feature>
  <Name className="java.lang.String">lemma</Name>
  <Value className="java.lang.String">sem</Value>
</Feature>
<Feature>
  <Name className="java.lang.String">text</Name>
  <Value className="java.lang.String">SEM</Value>
</Feature>
<Feature>
  <Name className="java.lang.String">ID</Name>
  <Value className="java.lang.String">DEB_ont.ScanningElectronMicroscopy</Value>
</Feature>
<Feature>
  <Name className="java.lang.String">PrefSynonym</Name>
  <Value className="java.lang.String">scanning electron microscopy</Value>
</Feature>
</Annotation>
<Annotation Id="543" Type="ManufacturedObjectFeatures" StartNode="535" EndNode="541">
<Feature>
  <Name className="java.lang.String">original_lemma</Name>
  <Value className="java.lang.String">porous</Value>
</Feature>
<Feature>
  <Name className="java.lang.String">SOURCE</Name>
  <Value className="java.lang.String">DEB_ONTOLOGY</Value>
</Feature>
<Feature>
  <Name className="java.lang.String">LABEL</Name>
  <Value className="java.lang.String">ManufacturedObjectFeatures</Value>
</Feature>
<Feature>
  <Name className="java.lang.String">lemma</Name>
  <Value className="java.lang.String">porous</Value>
</Feature>
<Feature>
  <Name className="java.lang.String">text</Name>
  <Value className="java.lang.String">porous</Value>
</Feature>
<Feature>
  <Name className="java.lang.String">ID</Name>
  <Value className="java.lang.String">deb_ont.porous</Value>
</Feature>
<Feature>
  <Name className="java.lang.String">PrefSynonym</Name>
  <Value className="java.lang.String">porosity</Value>
</Feature>
</Annotation>
<Annotation Id="544" Type="ManufacturedObjectFeatures" StartNode="566" EndNode="574">
<Feature>
  <Name className="java.lang.String">original_lemma</Name>
  <Value className="java.lang.String">diameter</Value>
</Feature>
<Feature>
  <Name className="java.lang.String">SOURCE</Name>
  <Value className="java.lang.String">DEB_ONTOLOGY</Value>
</Feature>
<Feature>
  <Name className="java.lang.String">LABEL</Name>
  <Value className="java.lang.String">ManufacturedObjectFeatures</Value>
</Feature>
<Feature>
  <Name className="java.lang.String">lemma</Name>
  <Value className="java.lang.String">diameter</Value>
</Feature>
<Feature>
  <Name className="java.lang.String">text</Name>
  <Value className="java.lang.String">diameter</Value>
</Feature>
<Feature>
  <Name className="java.lang.String">ID</Name>
  <Value className="java.lang.String">DEB_ont.Diameter</Value>
</Feature>
<Feature>
  <Name className="java.lang.String">PrefSynonym</Name>
  <Value className="java.lang.String">diameter</Value>
</Feature>
</Annotation>
<Annotation Id="545" Type="ManufacturedObjectFeatures" StartNode="770" EndNode="784">
<Feature>
  <Name className="java.lang.String">original_lemma</Name>
  <Value className="java.lang.String">hydrophilicity</Value>
</Feature>
<Feature>
  <Name className="java.lang.String">SOURCE</Name>
  <Value className="java.lang.String">DEB_ONTOLOGY</Value>
</Feature>
<Feature>
  <Name className="java.lang.String">LABEL</Name>
  <Value className="java.lang.String">ManufacturedObjectFeatures</Value>
</Feature>
<Feature>
  <Name className="java.lang.String">lemma</Name>
  <Value className="java.lang.String">hydrophilicity</Value>
</Feature>
<Feature>
  <Name className="java.lang.String">text</Name>
  <Value className="java.lang.String">hydrophilicity</Value>
</Feature>
<Feature>
  <Name className="java.lang.String">ID</Name>
  <Value className="java.lang.String">DEB_ont.Hydrophilicity</Value>
</Feature>
<Feature>
  <Name className="java.lang.String">PrefSynonym</Name>
  <Value className="java.lang.String">hydrophilicity</Value>
</Feature>
</Annotation>
<Annotation Id="546" Type="Structure" StartNode="792" EndNode="800">
<Feature>
  <Name className="java.lang.String">original_lemma</Name>
  <Value className="java.lang.String">hydrogel</Value>
</Feature>
<Feature>
  <Name className="java.lang.String">SOURCE</Name>
  <Value className="java.lang.String">DEB_ONTOLOGY</Value>
</Feature>
<Feature>
  <Name className="java.lang.String">LABEL</Name>
  <Value className="java.lang.String">Structure</Value>
</Feature>
<Feature>
  <Name className="java.lang.String">lemma</Name>
  <Value className="java.lang.String">hydrogel</Value>
</Feature>
<Feature>
  <Name className="java.lang.String">text</Name>
  <Value className="java.lang.String">hydrogel</Value>
</Feature>
<Feature>
  <Name className="java.lang.String">ID</Name>
  <Value className="java.lang.String">DEB_ont.Hydrogel</Value>
</Feature>
<Feature>
  <Name className="java.lang.String">PrefSynonym</Name>
  <Value className="java.lang.String">hydrogel</Value>
</Feature>
</Annotation>
<Annotation Id="547" Type="ManufacturedObjectComponent" StartNode="801" EndNode="808">
<Feature>
  <Name className="java.lang.String">original_lemma</Name>
  <Value className="java.lang.String">surface</Value>
</Feature>
<Feature>
  <Name className="java.lang.String">SOURCE</Name>
  <Value className="java.lang.String">DEB_ONTOLOGY</Value>
</Feature>
<Feature>
  <Name className="java.lang.String">LABEL</Name>
  <Value className="java.lang.String">ManufacturedObjectComponent</Value>
</Feature>
<Feature>
  <Name className="java.lang.String">lemma</Name>
  <Value className="java.lang.String">surface</Value>
</Feature>
<Feature>
  <Name className="java.lang.String">text</Name>
  <Value className="java.lang.String">surface</Value>
</Feature>
<Feature>
  <Name className="java.lang.String">ID</Name>
  <Value className="java.lang.String">DEB_ont.Surface</Value>
</Feature>
<Feature>
  <Name className="java.lang.String">PrefSynonym</Name>
  <Value className="java.lang.String">surface</Value>
</Feature>
</Annotation>
<Annotation Id="548" Type="Structure" StartNode="934" EndNode="942">
<Feature>
  <Name className="java.lang.String">original_lemma</Name>
  <Value className="java.lang.String">hydrogel</Value>
</Feature>
<Feature>
  <Name className="java.lang.String">SOURCE</Name>
  <Value className="java.lang.String">DEB_ONTOLOGY</Value>
</Feature>
<Feature>
  <Name className="java.lang.String">LABEL</Name>
  <Value className="java.lang.String">Structure</Value>
</Feature>
<Feature>
  <Name className="java.lang.String">lemma</Name>
  <Value className="java.lang.String">hydrogel</Value>
</Feature>
<Feature>
  <Name className="java.lang.String">text</Name>
  <Value className="java.lang.String">hydrogel</Value>
</Feature>
<Feature>
  <Name className="java.lang.String">ID</Name>
  <Value className="java.lang.String">DEB_ont.Hydrogel</Value>
</Feature>
<Feature>
  <Name className="java.lang.String">PrefSynonym</Name>
  <Value className="java.lang.String">hydrogel</Value>
</Feature>
</Annotation>
<Annotation Id="549" Type="AssociatedBiologicalProcess" StartNode="971" EndNode="984">
<Feature>
  <Name className="java.lang.String">original_lemma</Name>
  <Value className="java.lang.String">cell adhesion</Value>
</Feature>
<Feature>
  <Name className="java.lang.String">SOURCE</Name>
  <Value className="java.lang.String">DEB_ONTOLOGY</Value>
</Feature>
<Feature>
  <Name className="java.lang.String">LABEL</Name>
  <Value className="java.lang.String">AssociatedBiologicalProcess</Value>
</Feature>
<Feature>
  <Name className="java.lang.String">lemma</Name>
  <Value className="java.lang.String">cell adhesion</Value>
</Feature>
<Feature>
  <Name className="java.lang.String">text</Name>
  <Value className="java.lang.String">cell adhesion</Value>
</Feature>
<Feature>
  <Name className="java.lang.String">ID</Name>
  <Value className="java.lang.String">DEB_ont.CellAdhesion</Value>
</Feature>
<Feature>
  <Name className="java.lang.String">PrefSynonym</Name>
  <Value className="java.lang.String">cell adhesion</Value>
</Feature>
</Annotation>
<Annotation Id="550" Type="AssociatedBiologicalProcess" StartNode="989" EndNode="1002">
<Feature>
  <Name className="java.lang.String">original_lemma</Name>
  <Value className="java.lang.String">proliferation</Value>
</Feature>
<Feature>
  <Name className="java.lang.String">SOURCE</Name>
  <Value className="java.lang.String">DEB_ONTOLOGY</Value>
</Feature>
<Feature>
  <Name className="java.lang.String">LABEL</Name>
  <Value className="java.lang.String">AssociatedBiologicalProcess</Value>
</Feature>
<Feature>
  <Name className="java.lang.String">lemma</Name>
  <Value className="java.lang.String">proliferation</Value>
</Feature>
<Feature>
  <Name className="java.lang.String">text</Name>
  <Value className="java.lang.String">proliferation</Value>
</Feature>
<Feature>
  <Name className="java.lang.String">ID</Name>
  <Value className="java.lang.String">DEB_ont.Proliferation</Value>
</Feature>
<Feature>
  <Name className="java.lang.String">PrefSynonym</Name>
  <Value className="java.lang.String">proliferation</Value>
</Feature>
</Annotation>
<Annotation Id="551" Type="ManufacturedObjectFeatures" StartNode="1317" EndNode="1327">
<Feature>
  <Name className="java.lang.String">original_lemma</Name>
  <Value className="java.lang.String">absorption</Value>
</Feature>
<Feature>
  <Name className="java.lang.String">SOURCE</Name>
  <Value className="java.lang.String">DEB_ONTOLOGY</Value>
</Feature>
<Feature>
  <Name className="java.lang.String">LABEL</Name>
  <Value className="java.lang.String">ManufacturedObjectFeatures</Value>
</Feature>
<Feature>
  <Name className="java.lang.String">lemma</Name>
  <Value className="java.lang.String">absorption</Value>
</Feature>
<Feature>
  <Name className="java.lang.String">text</Name>
  <Value className="java.lang.String">absorption</Value>
</Feature>
<Feature>
  <Name className="java.lang.String">ID</Name>
  <Value className="java.lang.String">DEB_ont.Absorption</Value>
</Feature>
<Feature>
  <Name className="java.lang.String">PrefSynonym</Name>
  <Value className="java.lang.String">absorption</Value>
</Feature>
</Annotation>
<Annotation Id="552" Type="ManufacturedObjectFeatures" StartNode="1344" EndNode="1353">
<Feature>
  <Name className="java.lang.String">original_lemma</Name>
  <Value className="java.lang.String">pore size</Value>
</Feature>
<Feature>
  <Name className="java.lang.String">SOURCE</Name>
  <Value className="java.lang.String">DEB_ONTOLOGY</Value>
</Feature>
<Feature>
  <Name className="java.lang.String">LABEL</Name>
  <Value className="java.lang.String">ManufacturedObjectFeatures</Value>
</Feature>
<Feature>
  <Name className="java.lang.String">lemma</Name>
  <Value className="java.lang.String">pore size</Value>
</Feature>
<Feature>
  <Name className="java.lang.String">text</Name>
  <Value className="java.lang.String">pore size</Value>
</Feature>
<Feature>
  <Name className="java.lang.String">ID</Name>
  <Value className="java.lang.String">DEB_ont.PoreSize</Value>
</Feature>
<Feature>
  <Name className="java.lang.String">PrefSynonym</Name>
  <Value className="java.lang.String">pore size</Value>
</Feature>
</Annotation>
<Annotation Id="553" Type="Cell" StartNode="1376" EndNode="1386">
<Feature>
  <Name className="java.lang.String">original_lemma</Name>
  <Value className="java.lang.String">fibroblast</Value>
</Feature>
<Feature>
  <Name className="java.lang.String">SOURCE</Name>
  <Value className="java.lang.String">NCIT</Value>
</Feature>
<Feature>
  <Name className="java.lang.String">LABEL</Name>
  <Value className="java.lang.String">Cell</Value>
</Feature>
<Feature>
  <Name className="java.lang.String">lemma</Name>
  <Value className="java.lang.String">fibroblast</Value>
</Feature>
<Feature>
  <Name className="java.lang.String">text</Name>
  <Value className="java.lang.String">fibroblast</Value>
</Feature>
<Feature>
  <Name className="java.lang.String">ID</Name>
  <Value className="java.lang.String">ncit.C12482</Value>
</Feature>
<Feature>
  <Name className="java.lang.String">PrefSynonym</Name>
  <Value className="java.lang.String">fibroblast</Value>
</Feature>
</Annotation>
<Annotation Id="554" Type="AssociatedBiologicalProcess" StartNode="1387" EndNode="1400">
<Feature>
  <Name className="java.lang.String">original_lemma</Name>
  <Value className="java.lang.String">proliferation</Value>
</Feature>
<Feature>
  <Name className="java.lang.String">SOURCE</Name>
  <Value className="java.lang.String">DEB_ONTOLOGY</Value>
</Feature>
<Feature>
  <Name className="java.lang.String">LABEL</Name>
  <Value className="java.lang.String">AssociatedBiologicalProcess</Value>
</Feature>
<Feature>
  <Name className="java.lang.String">lemma</Name>
  <Value className="java.lang.String">proliferation</Value>
</Feature>
<Feature>
  <Name className="java.lang.String">text</Name>
  <Value className="java.lang.String">proliferation</Value>
</Feature>
<Feature>
  <Name className="java.lang.String">ID</Name>
  <Value className="java.lang.String">DEB_ont.Proliferation</Value>
</Feature>
<Feature>
  <Name className="java.lang.String">PrefSynonym</Name>
  <Value className="java.lang.String">proliferation</Value>
</Feature>
</Annotation>
<Annotation Id="555" Type="Biomaterial" StartNode="1404" EndNode="1409">
<Feature>
  <Name className="java.lang.String">original_lemma</Name>
  <Value className="java.lang.String">pam/g</Value>
</Feature>
<Feature>
  <Name className="java.lang.String">SOURCE</Name>
  <Value className="java.lang.String">CHEBI</Value>
</Feature>
<Feature>
  <Name className="java.lang.String">LABEL</Name>
  <Value className="java.lang.String">Biomaterial</Value>
</Feature>
<Feature>
  <Name className="java.lang.String">lemma</Name>
  <Value className="java.lang.String">pam/g</Value>
</Feature>
<Feature>
  <Name className="java.lang.String">text</Name>
  <Value className="java.lang.String">PAm/G</Value>
</Feature>
<Feature>
  <Name className="java.lang.String">ID</Name>
  <Value className="java.lang.String">CHEBI:51135</Value>
</Feature>
<Feature>
  <Name className="java.lang.String">PrefSynonym</Name>
  <Value className="java.lang.String">poly(acrylamide) macromolecule</Value>
</Feature>
</Annotation>
<Annotation Id="556" Type="ManufacturedObject" StartNode="1419" EndNode="1428">
<Feature>
  <Name className="java.lang.String">original_lemma</Name>
  <Value className="java.lang.String">scaffold</Value>
</Feature>
<Feature>
  <Name className="java.lang.String">SOURCE</Name>
  <Value className="java.lang.String">DEB_ONTOLOGY</Value>
</Feature>
<Feature>
  <Name className="java.lang.String">LABEL</Name>
  <Value className="java.lang.String">ManufacturedObject</Value>
</Feature>
<Feature>
  <Name className="java.lang.String">lemma</Name>
  <Value className="java.lang.String">scaffold</Value>
</Feature>
<Feature>
  <Name className="java.lang.String">text</Name>
  <Value className="java.lang.String">scaffolds</Value>
</Feature>
<Feature>
  <Name className="java.lang.String">ID</Name>
  <Value className="java.lang.String">DEB_ont.ExperimentalScaffold</Value>
</Feature>
<Feature>
  <Name className="java.lang.String">PrefSynonym</Name>
  <Value className="java.lang.String">experimental scaffold</Value>
</Feature>
</Annotation>
<Annotation Id="557" Type="Structure" StartNode="1472" EndNode="1479">
<Feature>
  <Name className="java.lang.String">original_lemma</Name>
  <Value className="java.lang.String">network</Value>
</Feature>
<Feature>
  <Name className="java.lang.String">SOURCE</Name>
  <Value className="java.lang.String">DEB_ONTOLOGY</Value>
</Feature>
<Feature>
  <Name className="java.lang.String">LABEL</Name>
  <Value className="java.lang.String">Structure</Value>
</Feature>
<Feature>
  <Name className="java.lang.String">lemma</Name>
  <Value className="java.lang.String">network</Value>
</Feature>
<Feature>
  <Name className="java.lang.String">text</Name>
  <Value className="java.lang.String">network</Value>
</Feature>
<Feature>
  <Name className="java.lang.String">ID</Name>
  <Value className="java.lang.String">DEB_ont.Network</Value>
</Feature>
<Feature>
  <Name className="java.lang.String">PrefSynonym</Name>
  <Value className="java.lang.String">network</Value>
</Feature>
</Annotation>
<Annotation Id="558" Type="ManufacturedObject" StartNode="1505" EndNode="1513">
<Feature>
  <Name className="java.lang.String">original_lemma</Name>
  <Value className="java.lang.String">scaffold</Value>
</Feature>
<Feature>
  <Name className="java.lang.String">SOURCE</Name>
  <Value className="java.lang.String">DEB_ONTOLOGY</Value>
</Feature>
<Feature>
  <Name className="java.lang.String">LABEL</Name>
  <Value className="java.lang.String">ManufacturedObject</Value>
</Feature>
<Feature>
  <Name className="java.lang.String">lemma</Name>
  <Value className="java.lang.String">scaffold</Value>
</Feature>
<Feature>
  <Name className="java.lang.String">text</Name>
  <Value className="java.lang.String">scaffold</Value>
</Feature>
<Feature>
  <Name className="java.lang.String">ID</Name>
  <Value className="java.lang.String">DEB_ont.ExperimentalScaffold</Value>
</Feature>
<Feature>
  <Name className="java.lang.String">PrefSynonym</Name>
  <Value className="java.lang.String">experimental scaffold</Value>
</Feature>
</Annotation>
<Annotation Id="559" Type="Tissue" StartNode="1518" EndNode="1529">
<Feature>
  <Name className="java.lang.String">original_lemma</Name>
  <Value className="java.lang.String">soft tissue</Value>
</Feature>
<Feature>
  <Name className="java.lang.String">SOURCE</Name>
  <Value className="java.lang.String">NCIT</Value>
</Feature>
<Feature>
  <Name className="java.lang.String">LABEL</Name>
  <Value className="java.lang.String">Tissue</Value>
</Feature>
<Feature>
  <Name className="java.lang.String">lemma</Name>
  <Value className="java.lang.String">soft tissue</Value>
</Feature>
<Feature>
  <Name className="java.lang.String">text</Name>
  <Value className="java.lang.String">soft
tissue</Value>
</Feature>
<Feature>
  <Name className="java.lang.String">ID</Name>
  <Value className="java.lang.String">ncit.C12471</Value>
</Feature>
<Feature>
  <Name className="java.lang.String">PrefSynonym</Name>
  <Value className="java.lang.String">soft tissue</Value>
</Feature>
</Annotation>
<Annotation Id="560" Type="Biomaterial" StartNode="127" EndNode="134">
</Annotation>
<Annotation Id="561" Type="ResearchTechnique" StartNode="637" EndNode="660">
</Annotation>
<Annotation Id="562" Type="ResearchTechnique" StartNode="1022" EndNode="1040">
</Annotation>
<Annotation Id="563" Type="ResearchTechnique" StartNode="1047" EndNode="1065">
</Annotation>
<Annotation Id="564" Type="ManufacturedObject" StartNode="52" EndNode="92">
</Annotation>
<Annotation Id="565" Type="ManufacturedObject" StartNode="94" EndNode="103">
</Annotation>
<Annotation Id="566" Type="ManufacturedObject" StartNode="328" EndNode="367">
</Annotation>
<Annotation Id="567" Type="ManufacturedObject" StartNode="368" EndNode="377">
</Annotation>
<Annotation Id="568" Type="ManufacturedObject" StartNode="1130" EndNode="1139">
</Annotation>
<Annotation Id="569" Type="ManufacturedObject" StartNode="1410" EndNode="1418">
</Annotation>
</AnnotationSet>

<!-- Named annotation set -->

<AnnotationSet Name="Original markups">
<Annotation Id="0" Type="paragraph" StartNode="0" EndNode="1556">
</Annotation>
</AnnotationSet>

</GateDocument>
