<?xml version='1.0' encoding='UTF-8'?>
<GateDocument version="3">
<!-- The document's features-->

<GateDocumentFeatures>
<Feature>
  <Name className="java.lang.String">gate.SourceURL</Name>
  <Value className="java.lang.String">file:/home/jcorvi/projects/debbie/DEBBIE_pipeline/work/df/a8b715387fe9ca0cf0796364e67a01/test_set/22983409.txt</Value>
</Feature>
<Feature>
  <Name className="java.lang.String">MimeType</Name>
  <Value className="java.lang.String">text/plain</Value>
</Feature>
<Feature>
  <Name className="java.lang.String">docNewLineType</Name>
  <Value className="java.lang.String">LF</Value>
</Feature>
</GateDocumentFeatures>
<!-- The document content area with serialized nodes -->

<TextWithNodes><Node id="0"/>2012 Dec
Effect of a <Node id="21"/>calcium silicate<Node id="37"/> based <Node id="44"/>restorative<Node id="55"/> <Node id="56"/>cement<Node id="62"/> on <Node id="66"/>pulp<Node id="70"/> <Node id="71"/>repair<Node id="77"/>.
P In cases of <Node id="93"/>pulp<Node id="97"/> <Node id="98"/>injury<Node id="104"/>, capping materials are used to enhance tertiary <Node id="153"/>dentin<Node id="159"/>
formation; <Node id="171"/>Ca OH  2<Node id="179"/>  and <Node id="185"/>MTA<Node id="188"/> are the current <Node id="205"/>gold<Node id="209"/> standards. The aim of this
study was to evaluate the capacity of a new <Node id="281"/>calcium silicate<Node id="297"/> based <Node id="304"/>restorative<Node id="315"/>
<Node id="316"/>cement<Node id="322"/> to induce <Node id="333"/>pulp<Node id="337"/> healing in a <Node id="351"/>rat<Node id="354"/> <Node id="355"/>pulp<Node id="359"/> <Node id="360"/>injury<Node id="366"/> model. For that purpose,
cavities with mechanical <Node id="417"/>pulp<Node id="421"/> exposure were prepared on maxillary first <Node id="464"/>molars<Node id="470"/> of
27 six week old male <Node id="495"/>rats<Node id="499"/>, and damaged <Node id="513"/>pulps<Node id="518"/> were capped with either the new
<Node id="551"/>calcium silicate<Node id="567"/> based <Node id="574"/>restorative<Node id="585"/> <Node id="586"/>cement<Node id="592"/>  <Node id="594"/>Biodentine<Node id="604"/> , <Node id="607"/>MTA<Node id="610"/>, or <Node id="615"/>Ca OH  2<Node id="623"/> .
Cavities were sealed with <Node id="652"/>glass<Node id="657"/> <Node id="658"/>ionomer<Node id="665"/> <Node id="666"/>cement<Node id="672"/>, and the repair process was
assessed at several time points. At day 7, our results showed that both the
evaluated <Node id="787"/>cement<Node id="793"/> and <Node id="798"/>MTA<Node id="801"/> induced <Node id="810"/>cell proliferation<Node id="828"/> and <Node id="833"/>formation of
mineralization foci<Node id="865"/>, which were strongly positive for <Node id="900"/>osteopontin<Node id="911"/>. At longer
time points, we observed the <Node id="952"/>formation of a homogeneous <Node id="979"/>dentin<Node id="985"/> bridge<Node id="992"/> at the
<Node id="1000"/>injury<Node id="1006"/> site, secreted by cells displaying an <Node id="1045"/>odontoblastic<Node id="1058"/> phenotype. In
contrast, the reparative tissue induced by <Node id="1116"/>Ca OH  2<Node id="1124"/>  showed <Node id="1133"/>porous<Node id="1139"/> organization,
suggesting a reparative process different from those induced by <Node id="1218"/>calcium silicate<Node id="1234"/>
<Node id="1235"/>cements<Node id="1242"/>. Analysis of these data suggests that the evaluated <Node id="1295"/>cement<Node id="1301"/> can be used
for direct <Node id="1325"/>pulp capping<Node id="1337"/>.
<Node id="1339"/></TextWithNodes>
<!-- The default annotation set -->

<AnnotationSet>
</AnnotationSet>

<!-- Named annotation set -->

<AnnotationSet Name="SYSTEM">
<Annotation Id="448" Type="ManufacturedObject" StartNode="316" EndNode="322">
<Feature>
  <Name className="java.lang.String">original_lemma</Name>
  <Value className="java.lang.String">cement</Value>
</Feature>
<Feature>
  <Name className="java.lang.String">SOURCE</Name>
  <Value className="java.lang.String">DEB_ONTOLOGY</Value>
</Feature>
<Feature>
  <Name className="java.lang.String">LABEL</Name>
  <Value className="java.lang.String">ManufacturedObject</Value>
</Feature>
<Feature>
  <Name className="java.lang.String">lemma</Name>
  <Value className="java.lang.String">cement</Value>
</Feature>
<Feature>
  <Name className="java.lang.String">text</Name>
  <Value className="java.lang.String">cement</Value>
</Feature>
<Feature>
  <Name className="java.lang.String">ID</Name>
  <Value className="java.lang.String">DEB_ont.Cement</Value>
</Feature>
<Feature>
  <Name className="java.lang.String">PrefSynonym</Name>
  <Value className="java.lang.String">cement</Value>
</Feature>
</Annotation>
<Annotation Id="449" Type="Species" StartNode="351" EndNode="354">
<Feature>
  <Name className="java.lang.String">original_lemma</Name>
  <Value className="java.lang.String">rat</Value>
</Feature>
<Feature>
  <Name className="java.lang.String">SOURCE</Name>
  <Value className="java.lang.String">NCIT</Value>
</Feature>
<Feature>
  <Name className="java.lang.String">LABEL</Name>
  <Value className="java.lang.String">Species</Value>
</Feature>
<Feature>
  <Name className="java.lang.String">lemma</Name>
  <Value className="java.lang.String">rat</Value>
</Feature>
<Feature>
  <Name className="java.lang.String">text</Name>
  <Value className="java.lang.String">rat</Value>
</Feature>
<Feature>
  <Name className="java.lang.String">ID</Name>
  <Value className="java.lang.String">ncit.C160998</Value>
</Feature>
<Feature>
  <Name className="java.lang.String">PrefSynonym</Name>
  <Value className="java.lang.String">rat</Value>
</Feature>
</Annotation>
<Annotation Id="450" Type="MedicalApplication" StartNode="360" EndNode="366">
<Feature>
  <Name className="java.lang.String">original_lemma</Name>
  <Value className="java.lang.String">injury</Value>
</Feature>
<Feature>
  <Name className="java.lang.String">SOURCE</Name>
  <Value className="java.lang.String">DEB_ONTOLOGY</Value>
</Feature>
<Feature>
  <Name className="java.lang.String">LABEL</Name>
  <Value className="java.lang.String">MedicalApplication</Value>
</Feature>
<Feature>
  <Name className="java.lang.String">lemma</Name>
  <Value className="java.lang.String">injury</Value>
</Feature>
<Feature>
  <Name className="java.lang.String">text</Name>
  <Value className="java.lang.String">injury</Value>
</Feature>
<Feature>
  <Name className="java.lang.String">ID</Name>
  <Value className="java.lang.String">DEB_ont.Injury</Value>
</Feature>
<Feature>
  <Name className="java.lang.String">PrefSynonym</Name>
  <Value className="java.lang.String">injury</Value>
</Feature>
</Annotation>
<Annotation Id="451" Type="Species" StartNode="495" EndNode="499">
<Feature>
  <Name className="java.lang.String">original_lemma</Name>
  <Value className="java.lang.String">rat</Value>
</Feature>
<Feature>
  <Name className="java.lang.String">SOURCE</Name>
  <Value className="java.lang.String">NCIT</Value>
</Feature>
<Feature>
  <Name className="java.lang.String">LABEL</Name>
  <Value className="java.lang.String">Species</Value>
</Feature>
<Feature>
  <Name className="java.lang.String">lemma</Name>
  <Value className="java.lang.String">rat</Value>
</Feature>
<Feature>
  <Name className="java.lang.String">text</Name>
  <Value className="java.lang.String">rats</Value>
</Feature>
<Feature>
  <Name className="java.lang.String">ID</Name>
  <Value className="java.lang.String">ncit.C160998</Value>
</Feature>
<Feature>
  <Name className="java.lang.String">PrefSynonym</Name>
  <Value className="java.lang.String">rat</Value>
</Feature>
</Annotation>
<Annotation Id="452" Type="ManufacturedObject" StartNode="586" EndNode="592">
<Feature>
  <Name className="java.lang.String">original_lemma</Name>
  <Value className="java.lang.String">cement</Value>
</Feature>
<Feature>
  <Name className="java.lang.String">SOURCE</Name>
  <Value className="java.lang.String">DEB_ONTOLOGY</Value>
</Feature>
<Feature>
  <Name className="java.lang.String">LABEL</Name>
  <Value className="java.lang.String">ManufacturedObject</Value>
</Feature>
<Feature>
  <Name className="java.lang.String">lemma</Name>
  <Value className="java.lang.String">cement</Value>
</Feature>
<Feature>
  <Name className="java.lang.String">text</Name>
  <Value className="java.lang.String">cement</Value>
</Feature>
<Feature>
  <Name className="java.lang.String">ID</Name>
  <Value className="java.lang.String">DEB_ont.Cement</Value>
</Feature>
<Feature>
  <Name className="java.lang.String">PrefSynonym</Name>
  <Value className="java.lang.String">cement</Value>
</Feature>
</Annotation>
<Annotation Id="453" Type="BiomaterialType" StartNode="652" EndNode="657">
<Feature>
  <Name className="java.lang.String">original_lemma</Name>
  <Value className="java.lang.String">glass</Value>
</Feature>
<Feature>
  <Name className="java.lang.String">SOURCE</Name>
  <Value className="java.lang.String">DEB_ONTOLOGY</Value>
</Feature>
<Feature>
  <Name className="java.lang.String">LABEL</Name>
  <Value className="java.lang.String">BiomaterialType</Value>
</Feature>
<Feature>
  <Name className="java.lang.String">lemma</Name>
  <Value className="java.lang.String">glass</Value>
</Feature>
<Feature>
  <Name className="java.lang.String">text</Name>
  <Value className="java.lang.String">glass</Value>
</Feature>
<Feature>
  <Name className="java.lang.String">ID</Name>
  <Value className="java.lang.String">DEB_ont.Glass</Value>
</Feature>
<Feature>
  <Name className="java.lang.String">PrefSynonym</Name>
  <Value className="java.lang.String">glass</Value>
</Feature>
</Annotation>
<Annotation Id="454" Type="Biomaterial" StartNode="658" EndNode="665">
<Feature>
  <Name className="java.lang.String">original_lemma</Name>
  <Value className="java.lang.String">ionomer</Value>
</Feature>
<Feature>
  <Name className="java.lang.String">SOURCE</Name>
  <Value className="java.lang.String">CHEBI</Value>
</Feature>
<Feature>
  <Name className="java.lang.String">LABEL</Name>
  <Value className="java.lang.String">Biomaterial</Value>
</Feature>
<Feature>
  <Name className="java.lang.String">lemma</Name>
  <Value className="java.lang.String">ionomer</Value>
</Feature>
<Feature>
  <Name className="java.lang.String">text</Name>
  <Value className="java.lang.String">ionomer</Value>
</Feature>
<Feature>
  <Name className="java.lang.String">ID</Name>
  <Value className="java.lang.String">CHEBI:53681</Value>
</Feature>
<Feature>
  <Name className="java.lang.String">PrefSynonym</Name>
  <Value className="java.lang.String">ionomer macromolecule</Value>
</Feature>
</Annotation>
<Annotation Id="455" Type="ManufacturedObject" StartNode="666" EndNode="672">
<Feature>
  <Name className="java.lang.String">original_lemma</Name>
  <Value className="java.lang.String">cement</Value>
</Feature>
<Feature>
  <Name className="java.lang.String">SOURCE</Name>
  <Value className="java.lang.String">DEB_ONTOLOGY</Value>
</Feature>
<Feature>
  <Name className="java.lang.String">LABEL</Name>
  <Value className="java.lang.String">ManufacturedObject</Value>
</Feature>
<Feature>
  <Name className="java.lang.String">lemma</Name>
  <Value className="java.lang.String">cement</Value>
</Feature>
<Feature>
  <Name className="java.lang.String">text</Name>
  <Value className="java.lang.String">cement</Value>
</Feature>
<Feature>
  <Name className="java.lang.String">ID</Name>
  <Value className="java.lang.String">DEB_ont.Cement</Value>
</Feature>
<Feature>
  <Name className="java.lang.String">PrefSynonym</Name>
  <Value className="java.lang.String">cement</Value>
</Feature>
</Annotation>
<Annotation Id="456" Type="ManufacturedObject" StartNode="787" EndNode="793">
<Feature>
  <Name className="java.lang.String">original_lemma</Name>
  <Value className="java.lang.String">cement</Value>
</Feature>
<Feature>
  <Name className="java.lang.String">SOURCE</Name>
  <Value className="java.lang.String">DEB_ONTOLOGY</Value>
</Feature>
<Feature>
  <Name className="java.lang.String">LABEL</Name>
  <Value className="java.lang.String">ManufacturedObject</Value>
</Feature>
<Feature>
  <Name className="java.lang.String">lemma</Name>
  <Value className="java.lang.String">cement</Value>
</Feature>
<Feature>
  <Name className="java.lang.String">text</Name>
  <Value className="java.lang.String">cement</Value>
</Feature>
<Feature>
  <Name className="java.lang.String">ID</Name>
  <Value className="java.lang.String">DEB_ont.Cement</Value>
</Feature>
<Feature>
  <Name className="java.lang.String">PrefSynonym</Name>
  <Value className="java.lang.String">cement</Value>
</Feature>
</Annotation>
<Annotation Id="457" Type="AssociatedBiologicalProcess" StartNode="810" EndNode="828">
<Feature>
  <Name className="java.lang.String">original_lemma</Name>
  <Value className="java.lang.String">cell proliferation</Value>
</Feature>
<Feature>
  <Name className="java.lang.String">SOURCE</Name>
  <Value className="java.lang.String">DEB_ONTOLOGY</Value>
</Feature>
<Feature>
  <Name className="java.lang.String">LABEL</Name>
  <Value className="java.lang.String">AssociatedBiologicalProcess</Value>
</Feature>
<Feature>
  <Name className="java.lang.String">lemma</Name>
  <Value className="java.lang.String">cell proliferation</Value>
</Feature>
<Feature>
  <Name className="java.lang.String">text</Name>
  <Value className="java.lang.String">cell proliferation</Value>
</Feature>
<Feature>
  <Name className="java.lang.String">ID</Name>
  <Value className="java.lang.String">DEB_ont.CellProliferation</Value>
</Feature>
<Feature>
  <Name className="java.lang.String">PrefSynonym</Name>
  <Value className="java.lang.String">cell proliferation</Value>
</Feature>
</Annotation>
<Annotation Id="458" Type="Cell" StartNode="900" EndNode="911">
<Feature>
  <Name className="java.lang.String">original_lemma</Name>
  <Value className="java.lang.String">osteopontin</Value>
</Feature>
<Feature>
  <Name className="java.lang.String">SOURCE</Name>
  <Value className="java.lang.String">IOBC</Value>
</Feature>
<Feature>
  <Name className="java.lang.String">LABEL</Name>
  <Value className="java.lang.String">Cell</Value>
</Feature>
<Feature>
  <Name className="java.lang.String">lemma</Name>
  <Value className="java.lang.String">osteopontin</Value>
</Feature>
<Feature>
  <Name className="java.lang.String">text</Name>
  <Value className="java.lang.String">osteopontin</Value>
</Feature>
<Feature>
  <Name className="java.lang.String">ID</Name>
  <Value className="java.lang.String">id.200906094166266549</Value>
</Feature>
<Feature>
  <Name className="java.lang.String">PrefSynonym</Name>
  <Value className="java.lang.String">osteopontin</Value>
</Feature>
</Annotation>
<Annotation Id="459" Type="Tissue" StartNode="979" EndNode="985">
<Feature>
  <Name className="java.lang.String">original_lemma</Name>
  <Value className="java.lang.String">dentin</Value>
</Feature>
<Feature>
  <Name className="java.lang.String">SOURCE</Name>
  <Value className="java.lang.String">UBERON</Value>
</Feature>
<Feature>
  <Name className="java.lang.String">LABEL</Name>
  <Value className="java.lang.String">Tissue</Value>
</Feature>
<Feature>
  <Name className="java.lang.String">lemma</Name>
  <Value className="java.lang.String">dentin</Value>
</Feature>
<Feature>
  <Name className="java.lang.String">text</Name>
  <Value className="java.lang.String">dentin</Value>
</Feature>
<Feature>
  <Name className="java.lang.String">ID</Name>
  <Value className="java.lang.String">obo.UBERON_0001751</Value>
</Feature>
<Feature>
  <Name className="java.lang.String">PrefSynonym</Name>
  <Value className="java.lang.String">dentine</Value>
</Feature>
</Annotation>
<Annotation Id="460" Type="MedicalApplication" StartNode="1000" EndNode="1006">
<Feature>
  <Name className="java.lang.String">original_lemma</Name>
  <Value className="java.lang.String">injury</Value>
</Feature>
<Feature>
  <Name className="java.lang.String">SOURCE</Name>
  <Value className="java.lang.String">DEB_ONTOLOGY</Value>
</Feature>
<Feature>
  <Name className="java.lang.String">LABEL</Name>
  <Value className="java.lang.String">MedicalApplication</Value>
</Feature>
<Feature>
  <Name className="java.lang.String">lemma</Name>
  <Value className="java.lang.String">injury</Value>
</Feature>
<Feature>
  <Name className="java.lang.String">text</Name>
  <Value className="java.lang.String">injury</Value>
</Feature>
<Feature>
  <Name className="java.lang.String">ID</Name>
  <Value className="java.lang.String">DEB_ont.Injury</Value>
</Feature>
<Feature>
  <Name className="java.lang.String">PrefSynonym</Name>
  <Value className="java.lang.String">injury</Value>
</Feature>
</Annotation>
<Annotation Id="461" Type="ManufacturedObjectFeatures" StartNode="1133" EndNode="1139">
<Feature>
  <Name className="java.lang.String">original_lemma</Name>
  <Value className="java.lang.String">porous</Value>
</Feature>
<Feature>
  <Name className="java.lang.String">SOURCE</Name>
  <Value className="java.lang.String">DEB_ONTOLOGY</Value>
</Feature>
<Feature>
  <Name className="java.lang.String">LABEL</Name>
  <Value className="java.lang.String">ManufacturedObjectFeatures</Value>
</Feature>
<Feature>
  <Name className="java.lang.String">lemma</Name>
  <Value className="java.lang.String">porous</Value>
</Feature>
<Feature>
  <Name className="java.lang.String">text</Name>
  <Value className="java.lang.String">porous</Value>
</Feature>
<Feature>
  <Name className="java.lang.String">ID</Name>
  <Value className="java.lang.String">deb_ont.porous</Value>
</Feature>
<Feature>
  <Name className="java.lang.String">PrefSynonym</Name>
  <Value className="java.lang.String">porosity</Value>
</Feature>
</Annotation>
<Annotation Id="462" Type="ManufacturedObject" StartNode="1235" EndNode="1242">
<Feature>
  <Name className="java.lang.String">original_lemma</Name>
  <Value className="java.lang.String">cement</Value>
</Feature>
<Feature>
  <Name className="java.lang.String">SOURCE</Name>
  <Value className="java.lang.String">DEB_ONTOLOGY</Value>
</Feature>
<Feature>
  <Name className="java.lang.String">LABEL</Name>
  <Value className="java.lang.String">ManufacturedObject</Value>
</Feature>
<Feature>
  <Name className="java.lang.String">lemma</Name>
  <Value className="java.lang.String">cement</Value>
</Feature>
<Feature>
  <Name className="java.lang.String">text</Name>
  <Value className="java.lang.String">cements</Value>
</Feature>
<Feature>
  <Name className="java.lang.String">ID</Name>
  <Value className="java.lang.String">DEB_ont.Cement</Value>
</Feature>
<Feature>
  <Name className="java.lang.String">PrefSynonym</Name>
  <Value className="java.lang.String">cement</Value>
</Feature>
</Annotation>
<Annotation Id="463" Type="ManufacturedObject" StartNode="1295" EndNode="1301">
<Feature>
  <Name className="java.lang.String">original_lemma</Name>
  <Value className="java.lang.String">cement</Value>
</Feature>
<Feature>
  <Name className="java.lang.String">SOURCE</Name>
  <Value className="java.lang.String">DEB_ONTOLOGY</Value>
</Feature>
<Feature>
  <Name className="java.lang.String">LABEL</Name>
  <Value className="java.lang.String">ManufacturedObject</Value>
</Feature>
<Feature>
  <Name className="java.lang.String">lemma</Name>
  <Value className="java.lang.String">cement</Value>
</Feature>
<Feature>
  <Name className="java.lang.String">text</Name>
  <Value className="java.lang.String">cement</Value>
</Feature>
<Feature>
  <Name className="java.lang.String">ID</Name>
  <Value className="java.lang.String">DEB_ont.Cement</Value>
</Feature>
<Feature>
  <Name className="java.lang.String">PrefSynonym</Name>
  <Value className="java.lang.String">cement</Value>
</Feature>
</Annotation>
<Annotation Id="436" Type="BiologicallyActiveSubstance" StartNode="21" EndNode="37">
<Feature>
  <Name className="java.lang.String">UMLS_SOURCE_CODE</Name>
  <Value className="java.lang.String">C031293</Value>
</Feature>
<Feature>
  <Name className="java.lang.String">UMLS_SEM_TYPE_STR</Name>
  <Value className="java.lang.String">Pharmacologic Substance</Value>
</Feature>
<Feature>
  <Name className="java.lang.String">UMLS_CUI</Name>
  <Value className="java.lang.String">C0054483</Value>
</Feature>
<Feature>
  <Name className="java.lang.String">original_lemma</Name>
  <Value className="java.lang.String">calcium silicate</Value>
</Feature>
<Feature>
  <Name className="java.lang.String">UMLS_SOURCE</Name>
  <Value className="java.lang.String">MSH</Value>
</Feature>
<Feature>
  <Name className="java.lang.String">SOURCE</Name>
  <Value className="java.lang.String">UMLS</Value>
</Feature>
<Feature>
  <Name className="java.lang.String">LABEL</Name>
  <Value className="java.lang.String">BiologicallyActiveSubstance</Value>
</Feature>
<Feature>
  <Name className="java.lang.String">lemma</Name>
  <Value className="java.lang.String">calcium silicate</Value>
</Feature>
<Feature>
  <Name className="java.lang.String">text</Name>
  <Value className="java.lang.String">calcium silicate</Value>
</Feature>
<Feature>
  <Name className="java.lang.String">PrefSynonym</Name>
  <Value className="java.lang.String">calcium silicate</Value>
</Feature>
<Feature>
  <Name className="java.lang.String">UMLS_SEM_TYPE</Name>
  <Value className="java.lang.String">T121</Value>
</Feature>
</Annotation>
<Annotation Id="437" Type="BiologicallyActiveSubstance" StartNode="205" EndNode="209">
<Feature>
  <Name className="java.lang.String">UMLS_SOURCE_CODE</Name>
  <Value className="java.lang.String">D006046</Value>
</Feature>
<Feature>
  <Name className="java.lang.String">UMLS_SEM_TYPE_STR</Name>
  <Value className="java.lang.String">Pharmacologic Substance</Value>
</Feature>
<Feature>
  <Name className="java.lang.String">UMLS_CUI</Name>
  <Value className="java.lang.String">C0018026</Value>
</Feature>
<Feature>
  <Name className="java.lang.String">original_lemma</Name>
  <Value className="java.lang.String">gold</Value>
</Feature>
<Feature>
  <Name className="java.lang.String">UMLS_SOURCE</Name>
  <Value className="java.lang.String">MSH</Value>
</Feature>
<Feature>
  <Name className="java.lang.String">SOURCE</Name>
  <Value className="java.lang.String">UMLS</Value>
</Feature>
<Feature>
  <Name className="java.lang.String">LABEL</Name>
  <Value className="java.lang.String">BiologicallyActiveSubstance</Value>
</Feature>
<Feature>
  <Name className="java.lang.String">lemma</Name>
  <Value className="java.lang.String">gold</Value>
</Feature>
<Feature>
  <Name className="java.lang.String">text</Name>
  <Value className="java.lang.String">gold</Value>
</Feature>
<Feature>
  <Name className="java.lang.String">PrefSynonym</Name>
  <Value className="java.lang.String">gold</Value>
</Feature>
<Feature>
  <Name className="java.lang.String">UMLS_SEM_TYPE</Name>
  <Value className="java.lang.String">T121</Value>
</Feature>
</Annotation>
<Annotation Id="438" Type="BiologicallyActiveSubstance" StartNode="281" EndNode="297">
<Feature>
  <Name className="java.lang.String">UMLS_SOURCE_CODE</Name>
  <Value className="java.lang.String">C031293</Value>
</Feature>
<Feature>
  <Name className="java.lang.String">UMLS_SEM_TYPE_STR</Name>
  <Value className="java.lang.String">Pharmacologic Substance</Value>
</Feature>
<Feature>
  <Name className="java.lang.String">UMLS_CUI</Name>
  <Value className="java.lang.String">C0054483</Value>
</Feature>
<Feature>
  <Name className="java.lang.String">original_lemma</Name>
  <Value className="java.lang.String">calcium silicate</Value>
</Feature>
<Feature>
  <Name className="java.lang.String">UMLS_SOURCE</Name>
  <Value className="java.lang.String">MSH</Value>
</Feature>
<Feature>
  <Name className="java.lang.String">SOURCE</Name>
  <Value className="java.lang.String">UMLS</Value>
</Feature>
<Feature>
  <Name className="java.lang.String">LABEL</Name>
  <Value className="java.lang.String">BiologicallyActiveSubstance</Value>
</Feature>
<Feature>
  <Name className="java.lang.String">lemma</Name>
  <Value className="java.lang.String">calcium silicate</Value>
</Feature>
<Feature>
  <Name className="java.lang.String">text</Name>
  <Value className="java.lang.String">calcium silicate</Value>
</Feature>
<Feature>
  <Name className="java.lang.String">PrefSynonym</Name>
  <Value className="java.lang.String">calcium silicate</Value>
</Feature>
<Feature>
  <Name className="java.lang.String">UMLS_SEM_TYPE</Name>
  <Value className="java.lang.String">T121</Value>
</Feature>
</Annotation>
<Annotation Id="439" Type="Tissue" StartNode="464" EndNode="470">
<Feature>
  <Name className="java.lang.String">UMLS_SOURCE_CODE</Name>
  <Value className="java.lang.String">D008963</Value>
</Feature>
<Feature>
  <Name className="java.lang.String">UMLS_SEM_TYPE_STR</Name>
  <Value className="java.lang.String">Body Part, Organ, or Organ Component</Value>
</Feature>
<Feature>
  <Name className="java.lang.String">UMLS_CUI</Name>
  <Value className="java.lang.String">C0026367</Value>
</Feature>
<Feature>
  <Name className="java.lang.String">original_lemma</Name>
  <Value className="java.lang.String">molar</Value>
</Feature>
<Feature>
  <Name className="java.lang.String">UMLS_SOURCE</Name>
  <Value className="java.lang.String">MSH</Value>
</Feature>
<Feature>
  <Name className="java.lang.String">SOURCE</Name>
  <Value className="java.lang.String">UMLS</Value>
</Feature>
<Feature>
  <Name className="java.lang.String">LABEL</Name>
  <Value className="java.lang.String">Tissue</Value>
</Feature>
<Feature>
  <Name className="java.lang.String">lemma</Name>
  <Value className="java.lang.String">molar</Value>
</Feature>
<Feature>
  <Name className="java.lang.String">text</Name>
  <Value className="java.lang.String">molars</Value>
</Feature>
<Feature>
  <Name className="java.lang.String">PrefSynonym</Name>
  <Value className="java.lang.String">molar</Value>
</Feature>
<Feature>
  <Name className="java.lang.String">UMLS_SEM_TYPE</Name>
  <Value className="java.lang.String">T023</Value>
</Feature>
</Annotation>
<Annotation Id="440" Type="BiologicallyActiveSubstance" StartNode="551" EndNode="567">
<Feature>
  <Name className="java.lang.String">UMLS_SOURCE_CODE</Name>
  <Value className="java.lang.String">C031293</Value>
</Feature>
<Feature>
  <Name className="java.lang.String">UMLS_SEM_TYPE_STR</Name>
  <Value className="java.lang.String">Pharmacologic Substance</Value>
</Feature>
<Feature>
  <Name className="java.lang.String">UMLS_CUI</Name>
  <Value className="java.lang.String">C0054483</Value>
</Feature>
<Feature>
  <Name className="java.lang.String">original_lemma</Name>
  <Value className="java.lang.String">calcium silicate</Value>
</Feature>
<Feature>
  <Name className="java.lang.String">UMLS_SOURCE</Name>
  <Value className="java.lang.String">MSH</Value>
</Feature>
<Feature>
  <Name className="java.lang.String">SOURCE</Name>
  <Value className="java.lang.String">UMLS</Value>
</Feature>
<Feature>
  <Name className="java.lang.String">LABEL</Name>
  <Value className="java.lang.String">BiologicallyActiveSubstance</Value>
</Feature>
<Feature>
  <Name className="java.lang.String">lemma</Name>
  <Value className="java.lang.String">calcium silicate</Value>
</Feature>
<Feature>
  <Name className="java.lang.String">text</Name>
  <Value className="java.lang.String">calcium silicate</Value>
</Feature>
<Feature>
  <Name className="java.lang.String">PrefSynonym</Name>
  <Value className="java.lang.String">calcium silicate</Value>
</Feature>
<Feature>
  <Name className="java.lang.String">UMLS_SEM_TYPE</Name>
  <Value className="java.lang.String">T121</Value>
</Feature>
</Annotation>
<Annotation Id="441" Type="Biomaterial" StartNode="594" EndNode="604">
<Feature>
  <Name className="java.lang.String">UMLS_SOURCE_CODE</Name>
  <Value className="java.lang.String">C506393</Value>
</Feature>
<Feature>
  <Name className="java.lang.String">UMLS_SEM_TYPE_STR</Name>
  <Value className="java.lang.String">Biomedical or Dental Material</Value>
</Feature>
<Feature>
  <Name className="java.lang.String">UMLS_CUI</Name>
  <Value className="java.lang.String">C3502756</Value>
</Feature>
<Feature>
  <Name className="java.lang.String">original_lemma</Name>
  <Value className="java.lang.String">Biodentine</Value>
</Feature>
<Feature>
  <Name className="java.lang.String">UMLS_SOURCE</Name>
  <Value className="java.lang.String">MSH</Value>
</Feature>
<Feature>
  <Name className="java.lang.String">SOURCE</Name>
  <Value className="java.lang.String">UMLS</Value>
</Feature>
<Feature>
  <Name className="java.lang.String">LABEL</Name>
  <Value className="java.lang.String">Biomaterial</Value>
</Feature>
<Feature>
  <Name className="java.lang.String">lemma</Name>
  <Value className="java.lang.String">biodentine</Value>
</Feature>
<Feature>
  <Name className="java.lang.String">text</Name>
  <Value className="java.lang.String">Biodentine</Value>
</Feature>
<Feature>
  <Name className="java.lang.String">PrefSynonym</Name>
  <Value className="java.lang.String">biodentine</Value>
</Feature>
<Feature>
  <Name className="java.lang.String">UMLS_SEM_TYPE</Name>
  <Value className="java.lang.String">T122</Value>
</Feature>
</Annotation>
<Annotation Id="442" Type="Biomaterial" StartNode="652" EndNode="672">
<Feature>
  <Name className="java.lang.String">UMLS_SOURCE_CODE</Name>
  <Value className="java.lang.String">D005899</Value>
</Feature>
<Feature>
  <Name className="java.lang.String">UMLS_SEM_TYPE_STR</Name>
  <Value className="java.lang.String">Biomedical or Dental Material</Value>
</Feature>
<Feature>
  <Name className="java.lang.String">UMLS_CUI</Name>
  <Value className="java.lang.String">C0017597</Value>
</Feature>
<Feature>
  <Name className="java.lang.String">original_lemma</Name>
  <Value className="java.lang.String">glass ionomer cement</Value>
</Feature>
<Feature>
  <Name className="java.lang.String">UMLS_SOURCE</Name>
  <Value className="java.lang.String">MSH</Value>
</Feature>
<Feature>
  <Name className="java.lang.String">SOURCE</Name>
  <Value className="java.lang.String">UMLS</Value>
</Feature>
<Feature>
  <Name className="java.lang.String">LABEL</Name>
  <Value className="java.lang.String">Biomaterial</Value>
</Feature>
<Feature>
  <Name className="java.lang.String">lemma</Name>
  <Value className="java.lang.String">glass ionomer cement</Value>
</Feature>
<Feature>
  <Name className="java.lang.String">text</Name>
  <Value className="java.lang.String">glass ionomer cement</Value>
</Feature>
<Feature>
  <Name className="java.lang.String">PrefSynonym</Name>
  <Value className="java.lang.String">glass ionomer cement</Value>
</Feature>
<Feature>
  <Name className="java.lang.String">UMLS_SEM_TYPE</Name>
  <Value className="java.lang.String">T122</Value>
</Feature>
</Annotation>
<Annotation Id="443" Type="BiologicallyActiveSubstance" StartNode="1218" EndNode="1234">
<Feature>
  <Name className="java.lang.String">UMLS_SOURCE_CODE</Name>
  <Value className="java.lang.String">C031293</Value>
</Feature>
<Feature>
  <Name className="java.lang.String">UMLS_SEM_TYPE_STR</Name>
  <Value className="java.lang.String">Pharmacologic Substance</Value>
</Feature>
<Feature>
  <Name className="java.lang.String">UMLS_CUI</Name>
  <Value className="java.lang.String">C0054483</Value>
</Feature>
<Feature>
  <Name className="java.lang.String">original_lemma</Name>
  <Value className="java.lang.String">calcium silicate</Value>
</Feature>
<Feature>
  <Name className="java.lang.String">UMLS_SOURCE</Name>
  <Value className="java.lang.String">MSH</Value>
</Feature>
<Feature>
  <Name className="java.lang.String">SOURCE</Name>
  <Value className="java.lang.String">UMLS</Value>
</Feature>
<Feature>
  <Name className="java.lang.String">LABEL</Name>
  <Value className="java.lang.String">BiologicallyActiveSubstance</Value>
</Feature>
<Feature>
  <Name className="java.lang.String">lemma</Name>
  <Value className="java.lang.String">calcium silicate</Value>
</Feature>
<Feature>
  <Name className="java.lang.String">text</Name>
  <Value className="java.lang.String">calcium silicate</Value>
</Feature>
<Feature>
  <Name className="java.lang.String">PrefSynonym</Name>
  <Value className="java.lang.String">calcium silicate</Value>
</Feature>
<Feature>
  <Name className="java.lang.String">UMLS_SEM_TYPE</Name>
  <Value className="java.lang.String">T121</Value>
</Feature>
</Annotation>
<Annotation Id="444" Type="MedicalApplication" StartNode="1325" EndNode="1337">
<Feature>
  <Name className="java.lang.String">UMLS_SOURCE_CODE</Name>
  <Value className="java.lang.String">D003785</Value>
</Feature>
<Feature>
  <Name className="java.lang.String">UMLS_SEM_TYPE_STR</Name>
  <Value className="java.lang.String">Therapeutic or Preventive Procedure</Value>
</Feature>
<Feature>
  <Name className="java.lang.String">UMLS_CUI</Name>
  <Value className="java.lang.String">C0011402</Value>
</Feature>
<Feature>
  <Name className="java.lang.String">original_lemma</Name>
  <Value className="java.lang.String">pulp cap</Value>
</Feature>
<Feature>
  <Name className="java.lang.String">UMLS_SOURCE</Name>
  <Value className="java.lang.String">MSH</Value>
</Feature>
<Feature>
  <Name className="java.lang.String">SOURCE</Name>
  <Value className="java.lang.String">UMLS</Value>
</Feature>
<Feature>
  <Name className="java.lang.String">LABEL</Name>
  <Value className="java.lang.String">MedicalApplication</Value>
</Feature>
<Feature>
  <Name className="java.lang.String">lemma</Name>
  <Value className="java.lang.String">pulp cap</Value>
</Feature>
<Feature>
  <Name className="java.lang.String">text</Name>
  <Value className="java.lang.String">pulp capping</Value>
</Feature>
<Feature>
  <Name className="java.lang.String">PrefSynonym</Name>
  <Value className="java.lang.String">pulp cap</Value>
</Feature>
<Feature>
  <Name className="java.lang.String">UMLS_SEM_TYPE</Name>
  <Value className="java.lang.String">T061</Value>
</Feature>
</Annotation>
<Annotation Id="445" Type="ManufacturedObject" StartNode="56" EndNode="62">
<Feature>
  <Name className="java.lang.String">original_lemma</Name>
  <Value className="java.lang.String">cement</Value>
</Feature>
<Feature>
  <Name className="java.lang.String">SOURCE</Name>
  <Value className="java.lang.String">DEB_ONTOLOGY</Value>
</Feature>
<Feature>
  <Name className="java.lang.String">LABEL</Name>
  <Value className="java.lang.String">ManufacturedObject</Value>
</Feature>
<Feature>
  <Name className="java.lang.String">lemma</Name>
  <Value className="java.lang.String">cement</Value>
</Feature>
<Feature>
  <Name className="java.lang.String">text</Name>
  <Value className="java.lang.String">cement</Value>
</Feature>
<Feature>
  <Name className="java.lang.String">ID</Name>
  <Value className="java.lang.String">DEB_ont.Cement</Value>
</Feature>
<Feature>
  <Name className="java.lang.String">PrefSynonym</Name>
  <Value className="java.lang.String">cement</Value>
</Feature>
</Annotation>
<Annotation Id="446" Type="MedicalApplication" StartNode="98" EndNode="104">
<Feature>
  <Name className="java.lang.String">original_lemma</Name>
  <Value className="java.lang.String">injury</Value>
</Feature>
<Feature>
  <Name className="java.lang.String">SOURCE</Name>
  <Value className="java.lang.String">DEB_ONTOLOGY</Value>
</Feature>
<Feature>
  <Name className="java.lang.String">LABEL</Name>
  <Value className="java.lang.String">MedicalApplication</Value>
</Feature>
<Feature>
  <Name className="java.lang.String">lemma</Name>
  <Value className="java.lang.String">injury</Value>
</Feature>
<Feature>
  <Name className="java.lang.String">text</Name>
  <Value className="java.lang.String">injury</Value>
</Feature>
<Feature>
  <Name className="java.lang.String">ID</Name>
  <Value className="java.lang.String">DEB_ont.Injury</Value>
</Feature>
<Feature>
  <Name className="java.lang.String">PrefSynonym</Name>
  <Value className="java.lang.String">injury</Value>
</Feature>
</Annotation>
<Annotation Id="447" Type="Tissue" StartNode="153" EndNode="159">
<Feature>
  <Name className="java.lang.String">original_lemma</Name>
  <Value className="java.lang.String">dentin</Value>
</Feature>
<Feature>
  <Name className="java.lang.String">SOURCE</Name>
  <Value className="java.lang.String">UBERON</Value>
</Feature>
<Feature>
  <Name className="java.lang.String">LABEL</Name>
  <Value className="java.lang.String">Tissue</Value>
</Feature>
<Feature>
  <Name className="java.lang.String">lemma</Name>
  <Value className="java.lang.String">dentin</Value>
</Feature>
<Feature>
  <Name className="java.lang.String">text</Name>
  <Value className="java.lang.String">dentin</Value>
</Feature>
<Feature>
  <Name className="java.lang.String">ID</Name>
  <Value className="java.lang.String">obo.UBERON_0001751</Value>
</Feature>
<Feature>
  <Name className="java.lang.String">PrefSynonym</Name>
  <Value className="java.lang.String">dentine</Value>
</Feature>
</Annotation>
</AnnotationSet>

<!-- Named annotation set -->

<AnnotationSet Name="VALIDATOR">
<Annotation Id="464" Type="Biomaterial" StartNode="21" EndNode="37">
<Feature>
  <Name className="java.lang.String">UMLS_SOURCE_CODE</Name>
  <Value className="java.lang.String">C031293</Value>
</Feature>
<Feature>
  <Name className="java.lang.String">UMLS_SEM_TYPE_STR</Name>
  <Value className="java.lang.String">Pharmacologic Substance</Value>
</Feature>
<Feature>
  <Name className="java.lang.String">UMLS_CUI</Name>
  <Value className="java.lang.String">C0054483</Value>
</Feature>
<Feature>
  <Name className="java.lang.String">original_lemma</Name>
  <Value className="java.lang.String">calcium silicate</Value>
</Feature>
<Feature>
  <Name className="java.lang.String">UMLS_SOURCE</Name>
  <Value className="java.lang.String">MSH</Value>
</Feature>
<Feature>
  <Name className="java.lang.String">SOURCE</Name>
  <Value className="java.lang.String">UMLS</Value>
</Feature>
<Feature>
  <Name className="java.lang.String">LABEL</Name>
  <Value className="java.lang.String">BiologicallyActiveSubstance</Value>
</Feature>
<Feature>
  <Name className="java.lang.String">lemma</Name>
  <Value className="java.lang.String">calcium silicate</Value>
</Feature>
<Feature>
  <Name className="java.lang.String">text</Name>
  <Value className="java.lang.String">calcium silicate</Value>
</Feature>
<Feature>
  <Name className="java.lang.String">PrefSynonym</Name>
  <Value className="java.lang.String">calcium silicate</Value>
</Feature>
<Feature>
  <Name className="java.lang.String">UMLS_SEM_TYPE</Name>
  <Value className="java.lang.String">T121</Value>
</Feature>
</Annotation>
<Annotation Id="465" Type="Biomaterial" StartNode="185" EndNode="188">
<Feature>
  <Name className="java.lang.String">UMLS_SOURCE_CODE</Name>
  <Value className="java.lang.String">D000068437</Value>
</Feature>
<Feature>
  <Name className="java.lang.String">UMLS_SEM_TYPE_STR</Name>
  <Value className="java.lang.String">Organic Chemical</Value>
</Feature>
<Feature>
  <Name className="java.lang.String">UMLS_CUI</Name>
  <Value className="java.lang.String">C0210657</Value>
</Feature>
<Feature>
  <Name className="java.lang.String">original_lemma</Name>
  <Value className="java.lang.String">MTA</Value>
</Feature>
<Feature>
  <Name className="java.lang.String">UMLS_SOURCE</Name>
  <Value className="java.lang.String">MSH</Value>
</Feature>
<Feature>
  <Name className="java.lang.String">SOURCE</Name>
  <Value className="java.lang.String">UMLS</Value>
</Feature>
<Feature>
  <Name className="java.lang.String">LABEL</Name>
  <Value className="java.lang.String">Chemical</Value>
</Feature>
<Feature>
  <Name className="java.lang.String">lemma</Name>
  <Value className="java.lang.String">mta</Value>
</Feature>
<Feature>
  <Name className="java.lang.String">text</Name>
  <Value className="java.lang.String">MTA</Value>
</Feature>
<Feature>
  <Name className="java.lang.String">PrefSynonym</Name>
  <Value className="java.lang.String">mta</Value>
</Feature>
<Feature>
  <Name className="java.lang.String">UMLS_SEM_TYPE</Name>
  <Value className="java.lang.String">T109</Value>
</Feature>
</Annotation>
<Annotation Id="466" Type="Biomaterial" StartNode="281" EndNode="297">
<Feature>
  <Name className="java.lang.String">UMLS_SOURCE_CODE</Name>
  <Value className="java.lang.String">C031293</Value>
</Feature>
<Feature>
  <Name className="java.lang.String">UMLS_SEM_TYPE_STR</Name>
  <Value className="java.lang.String">Pharmacologic Substance</Value>
</Feature>
<Feature>
  <Name className="java.lang.String">UMLS_CUI</Name>
  <Value className="java.lang.String">C0054483</Value>
</Feature>
<Feature>
  <Name className="java.lang.String">original_lemma</Name>
  <Value className="java.lang.String">calcium silicate</Value>
</Feature>
<Feature>
  <Name className="java.lang.String">UMLS_SOURCE</Name>
  <Value className="java.lang.String">MSH</Value>
</Feature>
<Feature>
  <Name className="java.lang.String">SOURCE</Name>
  <Value className="java.lang.String">UMLS</Value>
</Feature>
<Feature>
  <Name className="java.lang.String">LABEL</Name>
  <Value className="java.lang.String">BiologicallyActiveSubstance</Value>
</Feature>
<Feature>
  <Name className="java.lang.String">lemma</Name>
  <Value className="java.lang.String">calcium silicate</Value>
</Feature>
<Feature>
  <Name className="java.lang.String">text</Name>
  <Value className="java.lang.String">calcium silicate</Value>
</Feature>
<Feature>
  <Name className="java.lang.String">PrefSynonym</Name>
  <Value className="java.lang.String">calcium silicate</Value>
</Feature>
<Feature>
  <Name className="java.lang.String">UMLS_SEM_TYPE</Name>
  <Value className="java.lang.String">T121</Value>
</Feature>
</Annotation>
<Annotation Id="467" Type="Tissue" StartNode="464" EndNode="470">
<Feature>
  <Name className="java.lang.String">UMLS_SOURCE_CODE</Name>
  <Value className="java.lang.String">D008963</Value>
</Feature>
<Feature>
  <Name className="java.lang.String">UMLS_SEM_TYPE_STR</Name>
  <Value className="java.lang.String">Body Part, Organ, or Organ Component</Value>
</Feature>
<Feature>
  <Name className="java.lang.String">UMLS_CUI</Name>
  <Value className="java.lang.String">C0026367</Value>
</Feature>
<Feature>
  <Name className="java.lang.String">original_lemma</Name>
  <Value className="java.lang.String">molar</Value>
</Feature>
<Feature>
  <Name className="java.lang.String">UMLS_SOURCE</Name>
  <Value className="java.lang.String">MSH</Value>
</Feature>
<Feature>
  <Name className="java.lang.String">SOURCE</Name>
  <Value className="java.lang.String">UMLS</Value>
</Feature>
<Feature>
  <Name className="java.lang.String">LABEL</Name>
  <Value className="java.lang.String">Tissue</Value>
</Feature>
<Feature>
  <Name className="java.lang.String">lemma</Name>
  <Value className="java.lang.String">molar</Value>
</Feature>
<Feature>
  <Name className="java.lang.String">text</Name>
  <Value className="java.lang.String">molars</Value>
</Feature>
<Feature>
  <Name className="java.lang.String">PrefSynonym</Name>
  <Value className="java.lang.String">molar</Value>
</Feature>
<Feature>
  <Name className="java.lang.String">UMLS_SEM_TYPE</Name>
  <Value className="java.lang.String">T023</Value>
</Feature>
</Annotation>
<Annotation Id="468" Type="Biomaterial" StartNode="551" EndNode="567">
<Feature>
  <Name className="java.lang.String">UMLS_SOURCE_CODE</Name>
  <Value className="java.lang.String">C031293</Value>
</Feature>
<Feature>
  <Name className="java.lang.String">UMLS_SEM_TYPE_STR</Name>
  <Value className="java.lang.String">Pharmacologic Substance</Value>
</Feature>
<Feature>
  <Name className="java.lang.String">UMLS_CUI</Name>
  <Value className="java.lang.String">C0054483</Value>
</Feature>
<Feature>
  <Name className="java.lang.String">original_lemma</Name>
  <Value className="java.lang.String">calcium silicate</Value>
</Feature>
<Feature>
  <Name className="java.lang.String">UMLS_SOURCE</Name>
  <Value className="java.lang.String">MSH</Value>
</Feature>
<Feature>
  <Name className="java.lang.String">SOURCE</Name>
  <Value className="java.lang.String">UMLS</Value>
</Feature>
<Feature>
  <Name className="java.lang.String">LABEL</Name>
  <Value className="java.lang.String">BiologicallyActiveSubstance</Value>
</Feature>
<Feature>
  <Name className="java.lang.String">lemma</Name>
  <Value className="java.lang.String">calcium silicate</Value>
</Feature>
<Feature>
  <Name className="java.lang.String">text</Name>
  <Value className="java.lang.String">calcium silicate</Value>
</Feature>
<Feature>
  <Name className="java.lang.String">PrefSynonym</Name>
  <Value className="java.lang.String">calcium silicate</Value>
</Feature>
<Feature>
  <Name className="java.lang.String">UMLS_SEM_TYPE</Name>
  <Value className="java.lang.String">T121</Value>
</Feature>
</Annotation>
<Annotation Id="469" Type="Biomaterial" StartNode="594" EndNode="604">
<Feature>
  <Name className="java.lang.String">UMLS_SOURCE_CODE</Name>
  <Value className="java.lang.String">C506393</Value>
</Feature>
<Feature>
  <Name className="java.lang.String">UMLS_SEM_TYPE_STR</Name>
  <Value className="java.lang.String">Biomedical or Dental Material</Value>
</Feature>
<Feature>
  <Name className="java.lang.String">UMLS_CUI</Name>
  <Value className="java.lang.String">C3502756</Value>
</Feature>
<Feature>
  <Name className="java.lang.String">original_lemma</Name>
  <Value className="java.lang.String">Biodentine</Value>
</Feature>
<Feature>
  <Name className="java.lang.String">UMLS_SOURCE</Name>
  <Value className="java.lang.String">MSH</Value>
</Feature>
<Feature>
  <Name className="java.lang.String">SOURCE</Name>
  <Value className="java.lang.String">UMLS</Value>
</Feature>
<Feature>
  <Name className="java.lang.String">LABEL</Name>
  <Value className="java.lang.String">Biomaterial</Value>
</Feature>
<Feature>
  <Name className="java.lang.String">lemma</Name>
  <Value className="java.lang.String">biodentine</Value>
</Feature>
<Feature>
  <Name className="java.lang.String">text</Name>
  <Value className="java.lang.String">Biodentine</Value>
</Feature>
<Feature>
  <Name className="java.lang.String">PrefSynonym</Name>
  <Value className="java.lang.String">biodentine</Value>
</Feature>
<Feature>
  <Name className="java.lang.String">UMLS_SEM_TYPE</Name>
  <Value className="java.lang.String">T122</Value>
</Feature>
</Annotation>
<Annotation Id="470" Type="Biomaterial" StartNode="607" EndNode="610">
<Feature>
  <Name className="java.lang.String">UMLS_SOURCE_CODE</Name>
  <Value className="java.lang.String">D000068437</Value>
</Feature>
<Feature>
  <Name className="java.lang.String">UMLS_SEM_TYPE_STR</Name>
  <Value className="java.lang.String">Organic Chemical</Value>
</Feature>
<Feature>
  <Name className="java.lang.String">UMLS_CUI</Name>
  <Value className="java.lang.String">C0210657</Value>
</Feature>
<Feature>
  <Name className="java.lang.String">original_lemma</Name>
  <Value className="java.lang.String">MTA</Value>
</Feature>
<Feature>
  <Name className="java.lang.String">UMLS_SOURCE</Name>
  <Value className="java.lang.String">MSH</Value>
</Feature>
<Feature>
  <Name className="java.lang.String">SOURCE</Name>
  <Value className="java.lang.String">UMLS</Value>
</Feature>
<Feature>
  <Name className="java.lang.String">LABEL</Name>
  <Value className="java.lang.String">Chemical</Value>
</Feature>
<Feature>
  <Name className="java.lang.String">lemma</Name>
  <Value className="java.lang.String">mta</Value>
</Feature>
<Feature>
  <Name className="java.lang.String">text</Name>
  <Value className="java.lang.String">MTA</Value>
</Feature>
<Feature>
  <Name className="java.lang.String">PrefSynonym</Name>
  <Value className="java.lang.String">mta</Value>
</Feature>
<Feature>
  <Name className="java.lang.String">UMLS_SEM_TYPE</Name>
  <Value className="java.lang.String">T109</Value>
</Feature>
</Annotation>
<Annotation Id="471" Type="Biomaterial" StartNode="652" EndNode="672">
<Feature>
  <Name className="java.lang.String">UMLS_SOURCE_CODE</Name>
  <Value className="java.lang.String">D005899</Value>
</Feature>
<Feature>
  <Name className="java.lang.String">UMLS_SEM_TYPE_STR</Name>
  <Value className="java.lang.String">Biomedical or Dental Material</Value>
</Feature>
<Feature>
  <Name className="java.lang.String">UMLS_CUI</Name>
  <Value className="java.lang.String">C0017597</Value>
</Feature>
<Feature>
  <Name className="java.lang.String">original_lemma</Name>
  <Value className="java.lang.String">glass ionomer cement</Value>
</Feature>
<Feature>
  <Name className="java.lang.String">UMLS_SOURCE</Name>
  <Value className="java.lang.String">MSH</Value>
</Feature>
<Feature>
  <Name className="java.lang.String">SOURCE</Name>
  <Value className="java.lang.String">UMLS</Value>
</Feature>
<Feature>
  <Name className="java.lang.String">LABEL</Name>
  <Value className="java.lang.String">Biomaterial</Value>
</Feature>
<Feature>
  <Name className="java.lang.String">lemma</Name>
  <Value className="java.lang.String">glass ionomer cement</Value>
</Feature>
<Feature>
  <Name className="java.lang.String">text</Name>
  <Value className="java.lang.String">glass ionomer cement</Value>
</Feature>
<Feature>
  <Name className="java.lang.String">PrefSynonym</Name>
  <Value className="java.lang.String">glass ionomer cement</Value>
</Feature>
<Feature>
  <Name className="java.lang.String">UMLS_SEM_TYPE</Name>
  <Value className="java.lang.String">T122</Value>
</Feature>
</Annotation>
<Annotation Id="472" Type="Biomaterial" StartNode="798" EndNode="801">
<Feature>
  <Name className="java.lang.String">UMLS_SOURCE_CODE</Name>
  <Value className="java.lang.String">D000068437</Value>
</Feature>
<Feature>
  <Name className="java.lang.String">UMLS_SEM_TYPE_STR</Name>
  <Value className="java.lang.String">Organic Chemical</Value>
</Feature>
<Feature>
  <Name className="java.lang.String">UMLS_CUI</Name>
  <Value className="java.lang.String">C0210657</Value>
</Feature>
<Feature>
  <Name className="java.lang.String">original_lemma</Name>
  <Value className="java.lang.String">mta</Value>
</Feature>
<Feature>
  <Name className="java.lang.String">UMLS_SOURCE</Name>
  <Value className="java.lang.String">MSH</Value>
</Feature>
<Feature>
  <Name className="java.lang.String">SOURCE</Name>
  <Value className="java.lang.String">UMLS</Value>
</Feature>
<Feature>
  <Name className="java.lang.String">LABEL</Name>
  <Value className="java.lang.String">Chemical</Value>
</Feature>
<Feature>
  <Name className="java.lang.String">lemma</Name>
  <Value className="java.lang.String">mta</Value>
</Feature>
<Feature>
  <Name className="java.lang.String">text</Name>
  <Value className="java.lang.String">MTA</Value>
</Feature>
<Feature>
  <Name className="java.lang.String">PrefSynonym</Name>
  <Value className="java.lang.String">mta</Value>
</Feature>
<Feature>
  <Name className="java.lang.String">UMLS_SEM_TYPE</Name>
  <Value className="java.lang.String">T109</Value>
</Feature>
</Annotation>
<Annotation Id="473" Type="Biomaterial" StartNode="1218" EndNode="1234">
<Feature>
  <Name className="java.lang.String">UMLS_SOURCE_CODE</Name>
  <Value className="java.lang.String">C031293</Value>
</Feature>
<Feature>
  <Name className="java.lang.String">UMLS_SEM_TYPE_STR</Name>
  <Value className="java.lang.String">Pharmacologic Substance</Value>
</Feature>
<Feature>
  <Name className="java.lang.String">UMLS_CUI</Name>
  <Value className="java.lang.String">C0054483</Value>
</Feature>
<Feature>
  <Name className="java.lang.String">original_lemma</Name>
  <Value className="java.lang.String">calcium silicate</Value>
</Feature>
<Feature>
  <Name className="java.lang.String">UMLS_SOURCE</Name>
  <Value className="java.lang.String">MSH</Value>
</Feature>
<Feature>
  <Name className="java.lang.String">SOURCE</Name>
  <Value className="java.lang.String">UMLS</Value>
</Feature>
<Feature>
  <Name className="java.lang.String">LABEL</Name>
  <Value className="java.lang.String">BiologicallyActiveSubstance</Value>
</Feature>
<Feature>
  <Name className="java.lang.String">lemma</Name>
  <Value className="java.lang.String">calcium silicate</Value>
</Feature>
<Feature>
  <Name className="java.lang.String">text</Name>
  <Value className="java.lang.String">calcium silicate</Value>
</Feature>
<Feature>
  <Name className="java.lang.String">PrefSynonym</Name>
  <Value className="java.lang.String">calcium silicate</Value>
</Feature>
<Feature>
  <Name className="java.lang.String">UMLS_SEM_TYPE</Name>
  <Value className="java.lang.String">T121</Value>
</Feature>
</Annotation>
<Annotation Id="474" Type="MedicalApplication" StartNode="1325" EndNode="1337">
<Feature>
  <Name className="java.lang.String">UMLS_SOURCE_CODE</Name>
  <Value className="java.lang.String">D003785</Value>
</Feature>
<Feature>
  <Name className="java.lang.String">UMLS_SEM_TYPE_STR</Name>
  <Value className="java.lang.String">Therapeutic or Preventive Procedure</Value>
</Feature>
<Feature>
  <Name className="java.lang.String">UMLS_CUI</Name>
  <Value className="java.lang.String">C0011402</Value>
</Feature>
<Feature>
  <Name className="java.lang.String">original_lemma</Name>
  <Value className="java.lang.String">pulp cap</Value>
</Feature>
<Feature>
  <Name className="java.lang.String">UMLS_SOURCE</Name>
  <Value className="java.lang.String">MSH</Value>
</Feature>
<Feature>
  <Name className="java.lang.String">SOURCE</Name>
  <Value className="java.lang.String">UMLS</Value>
</Feature>
<Feature>
  <Name className="java.lang.String">LABEL</Name>
  <Value className="java.lang.String">MedicalApplication</Value>
</Feature>
<Feature>
  <Name className="java.lang.String">lemma</Name>
  <Value className="java.lang.String">pulp cap</Value>
</Feature>
<Feature>
  <Name className="java.lang.String">text</Name>
  <Value className="java.lang.String">pulp capping</Value>
</Feature>
<Feature>
  <Name className="java.lang.String">PrefSynonym</Name>
  <Value className="java.lang.String">pulp cap</Value>
</Feature>
<Feature>
  <Name className="java.lang.String">UMLS_SEM_TYPE</Name>
  <Value className="java.lang.String">T061</Value>
</Feature>
</Annotation>
<Annotation Id="475" Type="ManufacturedObject" StartNode="56" EndNode="62">
<Feature>
  <Name className="java.lang.String">original_lemma</Name>
  <Value className="java.lang.String">cement</Value>
</Feature>
<Feature>
  <Name className="java.lang.String">SOURCE</Name>
  <Value className="java.lang.String">DEB_ONTOLOGY</Value>
</Feature>
<Feature>
  <Name className="java.lang.String">LABEL</Name>
  <Value className="java.lang.String">ManufacturedObject</Value>
</Feature>
<Feature>
  <Name className="java.lang.String">lemma</Name>
  <Value className="java.lang.String">cement</Value>
</Feature>
<Feature>
  <Name className="java.lang.String">text</Name>
  <Value className="java.lang.String">cement</Value>
</Feature>
<Feature>
  <Name className="java.lang.String">ID</Name>
  <Value className="java.lang.String">DEB_ont.Cement</Value>
</Feature>
<Feature>
  <Name className="java.lang.String">PrefSynonym</Name>
  <Value className="java.lang.String">cement</Value>
</Feature>
</Annotation>
<Annotation Id="476" Type="MedicalApplication" StartNode="98" EndNode="104">
<Feature>
  <Name className="java.lang.String">original_lemma</Name>
  <Value className="java.lang.String">injury</Value>
</Feature>
<Feature>
  <Name className="java.lang.String">SOURCE</Name>
  <Value className="java.lang.String">DEB_ONTOLOGY</Value>
</Feature>
<Feature>
  <Name className="java.lang.String">LABEL</Name>
  <Value className="java.lang.String">MedicalApplication</Value>
</Feature>
<Feature>
  <Name className="java.lang.String">lemma</Name>
  <Value className="java.lang.String">injury</Value>
</Feature>
<Feature>
  <Name className="java.lang.String">text</Name>
  <Value className="java.lang.String">injury</Value>
</Feature>
<Feature>
  <Name className="java.lang.String">ID</Name>
  <Value className="java.lang.String">DEB_ont.Injury</Value>
</Feature>
<Feature>
  <Name className="java.lang.String">PrefSynonym</Name>
  <Value className="java.lang.String">injury</Value>
</Feature>
</Annotation>
<Annotation Id="477" Type="Tissue" StartNode="153" EndNode="159">
<Feature>
  <Name className="java.lang.String">original_lemma</Name>
  <Value className="java.lang.String">dentin</Value>
</Feature>
<Feature>
  <Name className="java.lang.String">SOURCE</Name>
  <Value className="java.lang.String">UBERON</Value>
</Feature>
<Feature>
  <Name className="java.lang.String">LABEL</Name>
  <Value className="java.lang.String">Tissue</Value>
</Feature>
<Feature>
  <Name className="java.lang.String">lemma</Name>
  <Value className="java.lang.String">dentin</Value>
</Feature>
<Feature>
  <Name className="java.lang.String">text</Name>
  <Value className="java.lang.String">dentin</Value>
</Feature>
<Feature>
  <Name className="java.lang.String">ID</Name>
  <Value className="java.lang.String">obo.UBERON_0001751</Value>
</Feature>
<Feature>
  <Name className="java.lang.String">PrefSynonym</Name>
  <Value className="java.lang.String">dentine</Value>
</Feature>
</Annotation>
<Annotation Id="478" Type="ManufacturedObject" StartNode="316" EndNode="322">
<Feature>
  <Name className="java.lang.String">original_lemma</Name>
  <Value className="java.lang.String">cement</Value>
</Feature>
<Feature>
  <Name className="java.lang.String">SOURCE</Name>
  <Value className="java.lang.String">DEB_ONTOLOGY</Value>
</Feature>
<Feature>
  <Name className="java.lang.String">LABEL</Name>
  <Value className="java.lang.String">ManufacturedObject</Value>
</Feature>
<Feature>
  <Name className="java.lang.String">lemma</Name>
  <Value className="java.lang.String">cement</Value>
</Feature>
<Feature>
  <Name className="java.lang.String">text</Name>
  <Value className="java.lang.String">cement</Value>
</Feature>
<Feature>
  <Name className="java.lang.String">ID</Name>
  <Value className="java.lang.String">DEB_ont.Cement</Value>
</Feature>
<Feature>
  <Name className="java.lang.String">PrefSynonym</Name>
  <Value className="java.lang.String">cement</Value>
</Feature>
</Annotation>
<Annotation Id="479" Type="Species" StartNode="351" EndNode="354">
<Feature>
  <Name className="java.lang.String">original_lemma</Name>
  <Value className="java.lang.String">rat</Value>
</Feature>
<Feature>
  <Name className="java.lang.String">SOURCE</Name>
  <Value className="java.lang.String">NCIT</Value>
</Feature>
<Feature>
  <Name className="java.lang.String">LABEL</Name>
  <Value className="java.lang.String">Species</Value>
</Feature>
<Feature>
  <Name className="java.lang.String">lemma</Name>
  <Value className="java.lang.String">rat</Value>
</Feature>
<Feature>
  <Name className="java.lang.String">text</Name>
  <Value className="java.lang.String">rat</Value>
</Feature>
<Feature>
  <Name className="java.lang.String">ID</Name>
  <Value className="java.lang.String">ncit.C160998</Value>
</Feature>
<Feature>
  <Name className="java.lang.String">PrefSynonym</Name>
  <Value className="java.lang.String">rat</Value>
</Feature>
</Annotation>
<Annotation Id="480" Type="MedicalApplication" StartNode="360" EndNode="366">
<Feature>
  <Name className="java.lang.String">original_lemma</Name>
  <Value className="java.lang.String">injury</Value>
</Feature>
<Feature>
  <Name className="java.lang.String">SOURCE</Name>
  <Value className="java.lang.String">DEB_ONTOLOGY</Value>
</Feature>
<Feature>
  <Name className="java.lang.String">LABEL</Name>
  <Value className="java.lang.String">MedicalApplication</Value>
</Feature>
<Feature>
  <Name className="java.lang.String">lemma</Name>
  <Value className="java.lang.String">injury</Value>
</Feature>
<Feature>
  <Name className="java.lang.String">text</Name>
  <Value className="java.lang.String">injury</Value>
</Feature>
<Feature>
  <Name className="java.lang.String">ID</Name>
  <Value className="java.lang.String">DEB_ont.Injury</Value>
</Feature>
<Feature>
  <Name className="java.lang.String">PrefSynonym</Name>
  <Value className="java.lang.String">injury</Value>
</Feature>
</Annotation>
<Annotation Id="481" Type="Species" StartNode="495" EndNode="499">
<Feature>
  <Name className="java.lang.String">original_lemma</Name>
  <Value className="java.lang.String">rat</Value>
</Feature>
<Feature>
  <Name className="java.lang.String">SOURCE</Name>
  <Value className="java.lang.String">NCIT</Value>
</Feature>
<Feature>
  <Name className="java.lang.String">LABEL</Name>
  <Value className="java.lang.String">Species</Value>
</Feature>
<Feature>
  <Name className="java.lang.String">lemma</Name>
  <Value className="java.lang.String">rat</Value>
</Feature>
<Feature>
  <Name className="java.lang.String">text</Name>
  <Value className="java.lang.String">rats</Value>
</Feature>
<Feature>
  <Name className="java.lang.String">ID</Name>
  <Value className="java.lang.String">ncit.C160998</Value>
</Feature>
<Feature>
  <Name className="java.lang.String">PrefSynonym</Name>
  <Value className="java.lang.String">rat</Value>
</Feature>
</Annotation>
<Annotation Id="482" Type="ManufacturedObject" StartNode="586" EndNode="592">
<Feature>
  <Name className="java.lang.String">original_lemma</Name>
  <Value className="java.lang.String">cement</Value>
</Feature>
<Feature>
  <Name className="java.lang.String">SOURCE</Name>
  <Value className="java.lang.String">DEB_ONTOLOGY</Value>
</Feature>
<Feature>
  <Name className="java.lang.String">LABEL</Name>
  <Value className="java.lang.String">ManufacturedObject</Value>
</Feature>
<Feature>
  <Name className="java.lang.String">lemma</Name>
  <Value className="java.lang.String">cement</Value>
</Feature>
<Feature>
  <Name className="java.lang.String">text</Name>
  <Value className="java.lang.String">cement</Value>
</Feature>
<Feature>
  <Name className="java.lang.String">ID</Name>
  <Value className="java.lang.String">DEB_ont.Cement</Value>
</Feature>
<Feature>
  <Name className="java.lang.String">PrefSynonym</Name>
  <Value className="java.lang.String">cement</Value>
</Feature>
</Annotation>
<Annotation Id="483" Type="BiomaterialType" StartNode="652" EndNode="657">
<Feature>
  <Name className="java.lang.String">original_lemma</Name>
  <Value className="java.lang.String">glass</Value>
</Feature>
<Feature>
  <Name className="java.lang.String">SOURCE</Name>
  <Value className="java.lang.String">DEB_ONTOLOGY</Value>
</Feature>
<Feature>
  <Name className="java.lang.String">LABEL</Name>
  <Value className="java.lang.String">BiomaterialType</Value>
</Feature>
<Feature>
  <Name className="java.lang.String">lemma</Name>
  <Value className="java.lang.String">glass</Value>
</Feature>
<Feature>
  <Name className="java.lang.String">text</Name>
  <Value className="java.lang.String">glass</Value>
</Feature>
<Feature>
  <Name className="java.lang.String">ID</Name>
  <Value className="java.lang.String">DEB_ont.Glass</Value>
</Feature>
<Feature>
  <Name className="java.lang.String">PrefSynonym</Name>
  <Value className="java.lang.String">glass</Value>
</Feature>
</Annotation>
<Annotation Id="484" Type="Biomaterial" StartNode="658" EndNode="665">
<Feature>
  <Name className="java.lang.String">original_lemma</Name>
  <Value className="java.lang.String">ionomer</Value>
</Feature>
<Feature>
  <Name className="java.lang.String">SOURCE</Name>
  <Value className="java.lang.String">CHEBI</Value>
</Feature>
<Feature>
  <Name className="java.lang.String">LABEL</Name>
  <Value className="java.lang.String">Biomaterial</Value>
</Feature>
<Feature>
  <Name className="java.lang.String">lemma</Name>
  <Value className="java.lang.String">ionomer</Value>
</Feature>
<Feature>
  <Name className="java.lang.String">text</Name>
  <Value className="java.lang.String">ionomer</Value>
</Feature>
<Feature>
  <Name className="java.lang.String">ID</Name>
  <Value className="java.lang.String">CHEBI:53681</Value>
</Feature>
<Feature>
  <Name className="java.lang.String">PrefSynonym</Name>
  <Value className="java.lang.String">ionomer macromolecule</Value>
</Feature>
</Annotation>
<Annotation Id="485" Type="ManufacturedObject" StartNode="666" EndNode="672">
<Feature>
  <Name className="java.lang.String">original_lemma</Name>
  <Value className="java.lang.String">cement</Value>
</Feature>
<Feature>
  <Name className="java.lang.String">SOURCE</Name>
  <Value className="java.lang.String">DEB_ONTOLOGY</Value>
</Feature>
<Feature>
  <Name className="java.lang.String">LABEL</Name>
  <Value className="java.lang.String">ManufacturedObject</Value>
</Feature>
<Feature>
  <Name className="java.lang.String">lemma</Name>
  <Value className="java.lang.String">cement</Value>
</Feature>
<Feature>
  <Name className="java.lang.String">text</Name>
  <Value className="java.lang.String">cement</Value>
</Feature>
<Feature>
  <Name className="java.lang.String">ID</Name>
  <Value className="java.lang.String">DEB_ont.Cement</Value>
</Feature>
<Feature>
  <Name className="java.lang.String">PrefSynonym</Name>
  <Value className="java.lang.String">cement</Value>
</Feature>
</Annotation>
<Annotation Id="486" Type="ManufacturedObject" StartNode="787" EndNode="793">
<Feature>
  <Name className="java.lang.String">original_lemma</Name>
  <Value className="java.lang.String">cement</Value>
</Feature>
<Feature>
  <Name className="java.lang.String">SOURCE</Name>
  <Value className="java.lang.String">DEB_ONTOLOGY</Value>
</Feature>
<Feature>
  <Name className="java.lang.String">LABEL</Name>
  <Value className="java.lang.String">ManufacturedObject</Value>
</Feature>
<Feature>
  <Name className="java.lang.String">lemma</Name>
  <Value className="java.lang.String">cement</Value>
</Feature>
<Feature>
  <Name className="java.lang.String">text</Name>
  <Value className="java.lang.String">cement</Value>
</Feature>
<Feature>
  <Name className="java.lang.String">ID</Name>
  <Value className="java.lang.String">DEB_ont.Cement</Value>
</Feature>
<Feature>
  <Name className="java.lang.String">PrefSynonym</Name>
  <Value className="java.lang.String">cement</Value>
</Feature>
</Annotation>
<Annotation Id="487" Type="AssociatedBiologicalProcess" StartNode="810" EndNode="828">
<Feature>
  <Name className="java.lang.String">original_lemma</Name>
  <Value className="java.lang.String">cell proliferation</Value>
</Feature>
<Feature>
  <Name className="java.lang.String">SOURCE</Name>
  <Value className="java.lang.String">DEB_ONTOLOGY</Value>
</Feature>
<Feature>
  <Name className="java.lang.String">LABEL</Name>
  <Value className="java.lang.String">AssociatedBiologicalProcess</Value>
</Feature>
<Feature>
  <Name className="java.lang.String">lemma</Name>
  <Value className="java.lang.String">cell proliferation</Value>
</Feature>
<Feature>
  <Name className="java.lang.String">text</Name>
  <Value className="java.lang.String">cell proliferation</Value>
</Feature>
<Feature>
  <Name className="java.lang.String">ID</Name>
  <Value className="java.lang.String">DEB_ont.CellProliferation</Value>
</Feature>
<Feature>
  <Name className="java.lang.String">PrefSynonym</Name>
  <Value className="java.lang.String">cell proliferation</Value>
</Feature>
</Annotation>
<Annotation Id="488" Type="Cell" StartNode="900" EndNode="911">
<Feature>
  <Name className="java.lang.String">original_lemma</Name>
  <Value className="java.lang.String">osteopontin</Value>
</Feature>
<Feature>
  <Name className="java.lang.String">SOURCE</Name>
  <Value className="java.lang.String">IOBC</Value>
</Feature>
<Feature>
  <Name className="java.lang.String">LABEL</Name>
  <Value className="java.lang.String">Cell</Value>
</Feature>
<Feature>
  <Name className="java.lang.String">lemma</Name>
  <Value className="java.lang.String">osteopontin</Value>
</Feature>
<Feature>
  <Name className="java.lang.String">text</Name>
  <Value className="java.lang.String">osteopontin</Value>
</Feature>
<Feature>
  <Name className="java.lang.String">ID</Name>
  <Value className="java.lang.String">id.200906094166266549</Value>
</Feature>
<Feature>
  <Name className="java.lang.String">PrefSynonym</Name>
  <Value className="java.lang.String">osteopontin</Value>
</Feature>
</Annotation>
<Annotation Id="489" Type="Tissue" StartNode="979" EndNode="985">
<Feature>
  <Name className="java.lang.String">original_lemma</Name>
  <Value className="java.lang.String">dentin</Value>
</Feature>
<Feature>
  <Name className="java.lang.String">SOURCE</Name>
  <Value className="java.lang.String">UBERON</Value>
</Feature>
<Feature>
  <Name className="java.lang.String">LABEL</Name>
  <Value className="java.lang.String">Tissue</Value>
</Feature>
<Feature>
  <Name className="java.lang.String">lemma</Name>
  <Value className="java.lang.String">dentin</Value>
</Feature>
<Feature>
  <Name className="java.lang.String">text</Name>
  <Value className="java.lang.String">dentin</Value>
</Feature>
<Feature>
  <Name className="java.lang.String">ID</Name>
  <Value className="java.lang.String">obo.UBERON_0001751</Value>
</Feature>
<Feature>
  <Name className="java.lang.String">PrefSynonym</Name>
  <Value className="java.lang.String">dentine</Value>
</Feature>
</Annotation>
<Annotation Id="490" Type="MedicalApplication" StartNode="1000" EndNode="1006">
<Feature>
  <Name className="java.lang.String">original_lemma</Name>
  <Value className="java.lang.String">injury</Value>
</Feature>
<Feature>
  <Name className="java.lang.String">SOURCE</Name>
  <Value className="java.lang.String">DEB_ONTOLOGY</Value>
</Feature>
<Feature>
  <Name className="java.lang.String">LABEL</Name>
  <Value className="java.lang.String">MedicalApplication</Value>
</Feature>
<Feature>
  <Name className="java.lang.String">lemma</Name>
  <Value className="java.lang.String">injury</Value>
</Feature>
<Feature>
  <Name className="java.lang.String">text</Name>
  <Value className="java.lang.String">injury</Value>
</Feature>
<Feature>
  <Name className="java.lang.String">ID</Name>
  <Value className="java.lang.String">DEB_ont.Injury</Value>
</Feature>
<Feature>
  <Name className="java.lang.String">PrefSynonym</Name>
  <Value className="java.lang.String">injury</Value>
</Feature>
</Annotation>
<Annotation Id="491" Type="ManufacturedObject" StartNode="1235" EndNode="1242">
<Feature>
  <Name className="java.lang.String">original_lemma</Name>
  <Value className="java.lang.String">cement</Value>
</Feature>
<Feature>
  <Name className="java.lang.String">SOURCE</Name>
  <Value className="java.lang.String">DEB_ONTOLOGY</Value>
</Feature>
<Feature>
  <Name className="java.lang.String">LABEL</Name>
  <Value className="java.lang.String">ManufacturedObject</Value>
</Feature>
<Feature>
  <Name className="java.lang.String">lemma</Name>
  <Value className="java.lang.String">cement</Value>
</Feature>
<Feature>
  <Name className="java.lang.String">text</Name>
  <Value className="java.lang.String">cements</Value>
</Feature>
<Feature>
  <Name className="java.lang.String">ID</Name>
  <Value className="java.lang.String">DEB_ont.Cement</Value>
</Feature>
<Feature>
  <Name className="java.lang.String">PrefSynonym</Name>
  <Value className="java.lang.String">cement</Value>
</Feature>
</Annotation>
<Annotation Id="492" Type="ManufacturedObject" StartNode="1295" EndNode="1301">
<Feature>
  <Name className="java.lang.String">original_lemma</Name>
  <Value className="java.lang.String">cement</Value>
</Feature>
<Feature>
  <Name className="java.lang.String">SOURCE</Name>
  <Value className="java.lang.String">DEB_ONTOLOGY</Value>
</Feature>
<Feature>
  <Name className="java.lang.String">LABEL</Name>
  <Value className="java.lang.String">ManufacturedObject</Value>
</Feature>
<Feature>
  <Name className="java.lang.String">lemma</Name>
  <Value className="java.lang.String">cement</Value>
</Feature>
<Feature>
  <Name className="java.lang.String">text</Name>
  <Value className="java.lang.String">cement</Value>
</Feature>
<Feature>
  <Name className="java.lang.String">ID</Name>
  <Value className="java.lang.String">DEB_ont.Cement</Value>
</Feature>
<Feature>
  <Name className="java.lang.String">PrefSynonym</Name>
  <Value className="java.lang.String">cement</Value>
</Feature>
</Annotation>
<Annotation Id="493" Type="Tissue" StartNode="66" EndNode="70">
</Annotation>
<Annotation Id="494" Type="Tissue" StartNode="93" EndNode="97">
</Annotation>
<Annotation Id="495" Type="MedicalApplication" StartNode="71" EndNode="77">
</Annotation>
<Annotation Id="496" Type="Biomaterial" StartNode="171" EndNode="179">
</Annotation>
<Annotation Id="497" Type="ManufacturedObjectFeatures" StartNode="44" EndNode="55">
</Annotation>
<Annotation Id="498" Type="ManufacturedObjectFeatures" StartNode="304" EndNode="315">
</Annotation>
<Annotation Id="499" Type="Tissue" StartNode="333" EndNode="337">
</Annotation>
<Annotation Id="500" Type="Tissue" StartNode="355" EndNode="359">
</Annotation>
<Annotation Id="501" Type="Tissue" StartNode="417" EndNode="421">
</Annotation>
<Annotation Id="502" Type="Tissue" StartNode="513" EndNode="518">
</Annotation>
<Annotation Id="503" Type="ManufacturedObjectFeatures" StartNode="574" EndNode="585">
</Annotation>
<Annotation Id="504" Type="Biomaterial" StartNode="615" EndNode="623">
</Annotation>
<Annotation Id="505" Type="AssociatedBiologicalProcess" StartNode="833" EndNode="865">
</Annotation>
<Annotation Id="506" Type="AssociatedBiologicalProcess" StartNode="952" EndNode="992">
</Annotation>
<Annotation Id="507" Type="Cell" StartNode="1045" EndNode="1058">
</Annotation>
<Annotation Id="508" Type="Biomaterial" StartNode="1116" EndNode="1124">
</Annotation>
</AnnotationSet>

<!-- Named annotation set -->

<AnnotationSet Name="Original markups">
<Annotation Id="0" Type="paragraph" StartNode="0" EndNode="1339">
</Annotation>
</AnnotationSet>

</GateDocument>
