<?xml version='1.0' encoding='UTF-8'?>
<GateDocument version="3">
<!-- The document's features-->

<GateDocumentFeatures>
<Feature>
  <Name className="java.lang.String">gate.SourceURL</Name>
  <Value className="java.lang.String">file:/home/jcorvi/projects/debbie/DEBBIE_pipeline/work/df/a8b715387fe9ca0cf0796364e67a01/test_set/23281143.txt</Value>
</Feature>
<Feature>
  <Name className="java.lang.String">MimeType</Name>
  <Value className="java.lang.String">text/plain</Value>
</Feature>
<Feature>
  <Name className="java.lang.String">docNewLineType</Name>
  <Value className="java.lang.String">LF</Value>
</Feature>
</GateDocumentFeatures>
<!-- The document content area with serialized nodes -->

<TextWithNodes><Node id="0"/>2013 Feb
Development of <Node id="24"/>nanomaterials<Node id="37"/> for <Node id="42"/>bone<Node id="46"/> repair<Node id="53"/> and <Node id="58"/>regeneration<Node id="70"/>.
P <Node id="74"/>Bone<Node id="78"/> is a <Node id="84"/>nanocomposite<Node id="97"/> composed of <Node id="110"/>organic<Node id="117"/>  mainly <Node id="126"/>collagen<Node id="134"/>  and <Node id="140"/>inorganic<Node id="149"/>
<Node id="150"/>nanocrystalline<Node id="165"/> <Node id="166"/>hydroxyapatite<Node id="180"/>  components, with a <Node id="201"/>hierarchical<Node id="213"/> structure
ranging from <Node id="237"/>nano<Node id="241"/>  to <Node id="246"/>macroscale<Node id="256"/>. Its functions include providing <Node id="290"/>mechanical
support<Node id="308"/> and transmitting physio chemical and mechano chemical cues. <Node id="369"/>Clinical
repair<Node id="384"/> and <Node id="389"/>reconstruction<Node id="403"/> of <Node id="407"/>bone<Node id="411"/> defects has been conducted using autologous and
allogeneic tissues and alloplastic materials, with functional limitations. The
design and development of biomaterial <Node id="577"/>scaffolds<Node id="586"/> that will replace the form and
function of native tissue while promoting <Node id="660"/>regeneration<Node id="672"/> without <Node id="681"/>necrosis<Node id="689"/> or <Node id="693"/>scar<Node id="697"/>
formation is a challenging area of research. <Node id="743"/>Nanomaterials<Node id="756"/> and <Node id="761"/>nanocomposites<Node id="775"/> are
promising platforms to recapitulate the organization of natural <Node id="844"/>extracellular
matrix<Node id="864"/> for the fabrication of functional <Node id="899"/>bone tissues<Node id="911"/> because <Node id="920"/>nanostructure<Node id="933"/>
provides a closer approximation to native <Node id="976"/>bone<Node id="980"/> architecture. <Node id="995"/>Nanostructured<Node id="1009"/>
<Node id="1010"/>scaffolds<Node id="1019"/> provide structural support for the cells and regulate <Node id="1074"/>cell
proliferation<Node id="1092"/>, <Node id="1094"/>differentiation<Node id="1109"/>, and <Node id="1115"/>migration<Node id="1124"/>, which results in the formation of
functional tissues. Unique properties of <Node id="1201"/>nanomaterials<Node id="1214"/>, such as increased
<Node id="1234"/>wettability<Node id="1245"/> and <Node id="1250"/>surface<Node id="1257"/> area<Node id="1262"/>, lead to increased protein <Node id="1290"/>adsorption<Node id="1300"/> when compared
with conventional biomaterials. Cell <Node id="1352"/>scaffold<Node id="1360"/> interactions at the cell material
<Node id="1395"/>nanointerface<Node id="1408"/> may be mediated by integrin triggered signaling pathways that
affect cell behavior. The materials selection and processing techniques can
affect the chemical, physical, mechanical, and cellular recognition properties of
biomaterials. In this article, we focused on reviewing current fabrication
techniques for <Node id="1719"/>nanomaterials<Node id="1732"/> and <Node id="1737"/>nanocomposites<Node id="1751"/>, their <Node id="1759"/>cell interaction<Node id="1775"/>
properties and their application in <Node id="1812"/>bone tissue<Node id="1823"/> engineering<Node id="1835"/> and <Node id="1840"/>regeneration<Node id="1852"/>.
<Node id="1854"/></TextWithNodes>
<!-- The default annotation set -->

<AnnotationSet>
</AnnotationSet>

<!-- Named annotation set -->

<AnnotationSet Name="SYSTEM">
<Annotation Id="542" Type="ManufacturedObject" StartNode="577" EndNode="586">
<Feature>
  <Name className="java.lang.String">original_lemma</Name>
  <Value className="java.lang.String">scaffold</Value>
</Feature>
<Feature>
  <Name className="java.lang.String">SOURCE</Name>
  <Value className="java.lang.String">DEB_ONTOLOGY</Value>
</Feature>
<Feature>
  <Name className="java.lang.String">LABEL</Name>
  <Value className="java.lang.String">ManufacturedObject</Value>
</Feature>
<Feature>
  <Name className="java.lang.String">lemma</Name>
  <Value className="java.lang.String">scaffold</Value>
</Feature>
<Feature>
  <Name className="java.lang.String">text</Name>
  <Value className="java.lang.String">scaffolds</Value>
</Feature>
<Feature>
  <Name className="java.lang.String">ID</Name>
  <Value className="java.lang.String">DEB_ont.ExperimentalScaffold</Value>
</Feature>
<Feature>
  <Name className="java.lang.String">PrefSynonym</Name>
  <Value className="java.lang.String">experimental scaffold</Value>
</Feature>
</Annotation>
<Annotation Id="543" Type="MedicalApplication" StartNode="660" EndNode="672">
<Feature>
  <Name className="java.lang.String">original_lemma</Name>
  <Value className="java.lang.String">regeneration</Value>
</Feature>
<Feature>
  <Name className="java.lang.String">SOURCE</Name>
  <Value className="java.lang.String">DEB_ONTOLOGY</Value>
</Feature>
<Feature>
  <Name className="java.lang.String">LABEL</Name>
  <Value className="java.lang.String">MedicalApplication</Value>
</Feature>
<Feature>
  <Name className="java.lang.String">lemma</Name>
  <Value className="java.lang.String">regeneration</Value>
</Feature>
<Feature>
  <Name className="java.lang.String">text</Name>
  <Value className="java.lang.String">regeneration</Value>
</Feature>
<Feature>
  <Name className="java.lang.String">ID</Name>
  <Value className="java.lang.String">DEB_ont.Regeneration</Value>
</Feature>
<Feature>
  <Name className="java.lang.String">PrefSynonym</Name>
  <Value className="java.lang.String">regeneration</Value>
</Feature>
</Annotation>
<Annotation Id="544" Type="AdverseEffects" StartNode="681" EndNode="689">
<Feature>
  <Name className="java.lang.String">original_lemma</Name>
  <Value className="java.lang.String">necrosis</Value>
</Feature>
<Feature>
  <Name className="java.lang.String">SOURCE</Name>
  <Value className="java.lang.String">DEB_ONTOLOGY</Value>
</Feature>
<Feature>
  <Name className="java.lang.String">LABEL</Name>
  <Value className="java.lang.String">AdverseEffects</Value>
</Feature>
<Feature>
  <Name className="java.lang.String">lemma</Name>
  <Value className="java.lang.String">necrosis</Value>
</Feature>
<Feature>
  <Name className="java.lang.String">text</Name>
  <Value className="java.lang.String">necrosis</Value>
</Feature>
<Feature>
  <Name className="java.lang.String">ID</Name>
  <Value className="java.lang.String">DEB_ont.Necrosis</Value>
</Feature>
<Feature>
  <Name className="java.lang.String">PrefSynonym</Name>
  <Value className="java.lang.String">necrosis</Value>
</Feature>
</Annotation>
<Annotation Id="545" Type="Structure" StartNode="761" EndNode="775">
<Feature>
  <Name className="java.lang.String">original_lemma</Name>
  <Value className="java.lang.String">nanocomposite</Value>
</Feature>
<Feature>
  <Name className="java.lang.String">SOURCE</Name>
  <Value className="java.lang.String">DEB_ONTOLOGY</Value>
</Feature>
<Feature>
  <Name className="java.lang.String">LABEL</Name>
  <Value className="java.lang.String">Structure</Value>
</Feature>
<Feature>
  <Name className="java.lang.String">lemma</Name>
  <Value className="java.lang.String">nanocomposite</Value>
</Feature>
<Feature>
  <Name className="java.lang.String">text</Name>
  <Value className="java.lang.String">nanocomposites</Value>
</Feature>
<Feature>
  <Name className="java.lang.String">ID</Name>
  <Value className="java.lang.String">DEB_ont.Nanocomposite</Value>
</Feature>
<Feature>
  <Name className="java.lang.String">PrefSynonym</Name>
  <Value className="java.lang.String">nanocomposite</Value>
</Feature>
</Annotation>
<Annotation Id="546" Type="Tissue" StartNode="844" EndNode="864">
<Feature>
  <Name className="java.lang.String">original_lemma</Name>
  <Value className="java.lang.String">extracellular matrix</Value>
</Feature>
<Feature>
  <Name className="java.lang.String">SOURCE</Name>
  <Value className="java.lang.String">NCIT</Value>
</Feature>
<Feature>
  <Name className="java.lang.String">LABEL</Name>
  <Value className="java.lang.String">Tissue</Value>
</Feature>
<Feature>
  <Name className="java.lang.String">lemma</Name>
  <Value className="java.lang.String">extracellular matrix</Value>
</Feature>
<Feature>
  <Name className="java.lang.String">text</Name>
  <Value className="java.lang.String">extracellular
matrix</Value>
</Feature>
<Feature>
  <Name className="java.lang.String">ID</Name>
  <Value className="java.lang.String">ncit.C13232</Value>
</Feature>
<Feature>
  <Name className="java.lang.String">PrefSynonym</Name>
  <Value className="java.lang.String">extracellular matrix</Value>
</Feature>
</Annotation>
<Annotation Id="547" Type="Tissue" StartNode="899" EndNode="911">
<Feature>
  <Name className="java.lang.String">original_lemma</Name>
  <Value className="java.lang.String">bone tissue</Value>
</Feature>
<Feature>
  <Name className="java.lang.String">SOURCE</Name>
  <Value className="java.lang.String">IOBC</Value>
</Feature>
<Feature>
  <Name className="java.lang.String">LABEL</Name>
  <Value className="java.lang.String">Tissue</Value>
</Feature>
<Feature>
  <Name className="java.lang.String">lemma</Name>
  <Value className="java.lang.String">bone tissue</Value>
</Feature>
<Feature>
  <Name className="java.lang.String">text</Name>
  <Value className="java.lang.String">bone tissues</Value>
</Feature>
<Feature>
  <Name className="java.lang.String">ID</Name>
  <Value className="java.lang.String">id.200906073584607525</Value>
</Feature>
<Feature>
  <Name className="java.lang.String">PrefSynonym</Name>
  <Value className="java.lang.String">bone tissue</Value>
</Feature>
</Annotation>
<Annotation Id="548" Type="Structure" StartNode="920" EndNode="933">
<Feature>
  <Name className="java.lang.String">original_lemma</Name>
  <Value className="java.lang.String">nanostructure</Value>
</Feature>
<Feature>
  <Name className="java.lang.String">SOURCE</Name>
  <Value className="java.lang.String">DEB_ONTOLOGY</Value>
</Feature>
<Feature>
  <Name className="java.lang.String">LABEL</Name>
  <Value className="java.lang.String">Structure</Value>
</Feature>
<Feature>
  <Name className="java.lang.String">lemma</Name>
  <Value className="java.lang.String">nanostructure</Value>
</Feature>
<Feature>
  <Name className="java.lang.String">text</Name>
  <Value className="java.lang.String">nanostructure</Value>
</Feature>
<Feature>
  <Name className="java.lang.String">ID</Name>
  <Value className="java.lang.String">DEB_ont.nanostructure</Value>
</Feature>
<Feature>
  <Name className="java.lang.String">PrefSynonym</Name>
  <Value className="java.lang.String">nanostructure</Value>
</Feature>
</Annotation>
<Annotation Id="549" Type="Structure" StartNode="995" EndNode="1009">
<Feature>
  <Name className="java.lang.String">original_lemma</Name>
  <Value className="java.lang.String">nanostructure</Value>
</Feature>
<Feature>
  <Name className="java.lang.String">SOURCE</Name>
  <Value className="java.lang.String">DEB_ONTOLOGY</Value>
</Feature>
<Feature>
  <Name className="java.lang.String">LABEL</Name>
  <Value className="java.lang.String">Structure</Value>
</Feature>
<Feature>
  <Name className="java.lang.String">lemma</Name>
  <Value className="java.lang.String">nanostructure</Value>
</Feature>
<Feature>
  <Name className="java.lang.String">text</Name>
  <Value className="java.lang.String">Nanostructured</Value>
</Feature>
<Feature>
  <Name className="java.lang.String">ID</Name>
  <Value className="java.lang.String">DEB_ont.nanostructure</Value>
</Feature>
<Feature>
  <Name className="java.lang.String">PrefSynonym</Name>
  <Value className="java.lang.String">nanostructure</Value>
</Feature>
</Annotation>
<Annotation Id="550" Type="ManufacturedObject" StartNode="1010" EndNode="1019">
<Feature>
  <Name className="java.lang.String">original_lemma</Name>
  <Value className="java.lang.String">scaffold</Value>
</Feature>
<Feature>
  <Name className="java.lang.String">SOURCE</Name>
  <Value className="java.lang.String">DEB_ONTOLOGY</Value>
</Feature>
<Feature>
  <Name className="java.lang.String">LABEL</Name>
  <Value className="java.lang.String">ManufacturedObject</Value>
</Feature>
<Feature>
  <Name className="java.lang.String">lemma</Name>
  <Value className="java.lang.String">scaffold</Value>
</Feature>
<Feature>
  <Name className="java.lang.String">text</Name>
  <Value className="java.lang.String">scaffolds</Value>
</Feature>
<Feature>
  <Name className="java.lang.String">ID</Name>
  <Value className="java.lang.String">DEB_ont.ExperimentalScaffold</Value>
</Feature>
<Feature>
  <Name className="java.lang.String">PrefSynonym</Name>
  <Value className="java.lang.String">experimental scaffold</Value>
</Feature>
</Annotation>
<Annotation Id="551" Type="AssociatedBiologicalProcess" StartNode="1074" EndNode="1092">
<Feature>
  <Name className="java.lang.String">original_lemma</Name>
  <Value className="java.lang.String">cell proliferation</Value>
</Feature>
<Feature>
  <Name className="java.lang.String">SOURCE</Name>
  <Value className="java.lang.String">DEB_ONTOLOGY</Value>
</Feature>
<Feature>
  <Name className="java.lang.String">LABEL</Name>
  <Value className="java.lang.String">AssociatedBiologicalProcess</Value>
</Feature>
<Feature>
  <Name className="java.lang.String">lemma</Name>
  <Value className="java.lang.String">cell proliferation</Value>
</Feature>
<Feature>
  <Name className="java.lang.String">text</Name>
  <Value className="java.lang.String">cell
proliferation</Value>
</Feature>
<Feature>
  <Name className="java.lang.String">ID</Name>
  <Value className="java.lang.String">DEB_ont.CellProliferation</Value>
</Feature>
<Feature>
  <Name className="java.lang.String">PrefSynonym</Name>
  <Value className="java.lang.String">cell proliferation</Value>
</Feature>
</Annotation>
<Annotation Id="552" Type="AssociatedBiologicalProcess" StartNode="1094" EndNode="1109">
<Feature>
  <Name className="java.lang.String">original_lemma</Name>
  <Value className="java.lang.String">differentiation</Value>
</Feature>
<Feature>
  <Name className="java.lang.String">SOURCE</Name>
  <Value className="java.lang.String">DEB_ONTOLOGY</Value>
</Feature>
<Feature>
  <Name className="java.lang.String">LABEL</Name>
  <Value className="java.lang.String">AssociatedBiologicalProcess</Value>
</Feature>
<Feature>
  <Name className="java.lang.String">lemma</Name>
  <Value className="java.lang.String">differentiation</Value>
</Feature>
<Feature>
  <Name className="java.lang.String">text</Name>
  <Value className="java.lang.String">differentiation</Value>
</Feature>
<Feature>
  <Name className="java.lang.String">ID</Name>
  <Value className="java.lang.String">DEB_ont.CellularDifferentiation</Value>
</Feature>
<Feature>
  <Name className="java.lang.String">PrefSynonym</Name>
  <Value className="java.lang.String">cellular differentiation</Value>
</Feature>
</Annotation>
<Annotation Id="553" Type="ManufacturedObjectFeatures" StartNode="1234" EndNode="1245">
<Feature>
  <Name className="java.lang.String">original_lemma</Name>
  <Value className="java.lang.String">wettability</Value>
</Feature>
<Feature>
  <Name className="java.lang.String">SOURCE</Name>
  <Value className="java.lang.String">DEB_ONTOLOGY</Value>
</Feature>
<Feature>
  <Name className="java.lang.String">LABEL</Name>
  <Value className="java.lang.String">ManufacturedObjectFeatures</Value>
</Feature>
<Feature>
  <Name className="java.lang.String">lemma</Name>
  <Value className="java.lang.String">wettability</Value>
</Feature>
<Feature>
  <Name className="java.lang.String">text</Name>
  <Value className="java.lang.String">wettability</Value>
</Feature>
<Feature>
  <Name className="java.lang.String">ID</Name>
  <Value className="java.lang.String">DEB_ont.Wettability</Value>
</Feature>
<Feature>
  <Name className="java.lang.String">PrefSynonym</Name>
  <Value className="java.lang.String">wettability</Value>
</Feature>
</Annotation>
<Annotation Id="554" Type="ManufacturedObjectComponent" StartNode="1250" EndNode="1257">
<Feature>
  <Name className="java.lang.String">original_lemma</Name>
  <Value className="java.lang.String">surface</Value>
</Feature>
<Feature>
  <Name className="java.lang.String">SOURCE</Name>
  <Value className="java.lang.String">DEB_ONTOLOGY</Value>
</Feature>
<Feature>
  <Name className="java.lang.String">LABEL</Name>
  <Value className="java.lang.String">ManufacturedObjectComponent</Value>
</Feature>
<Feature>
  <Name className="java.lang.String">lemma</Name>
  <Value className="java.lang.String">surface</Value>
</Feature>
<Feature>
  <Name className="java.lang.String">text</Name>
  <Value className="java.lang.String">surface</Value>
</Feature>
<Feature>
  <Name className="java.lang.String">ID</Name>
  <Value className="java.lang.String">DEB_ont.Surface</Value>
</Feature>
<Feature>
  <Name className="java.lang.String">PrefSynonym</Name>
  <Value className="java.lang.String">surface</Value>
</Feature>
</Annotation>
<Annotation Id="555" Type="MaterialProcessing" StartNode="1290" EndNode="1300">
<Feature>
  <Name className="java.lang.String">original_lemma</Name>
  <Value className="java.lang.String">adsorption</Value>
</Feature>
<Feature>
  <Name className="java.lang.String">SOURCE</Name>
  <Value className="java.lang.String">DEB_ONTOLOGY</Value>
</Feature>
<Feature>
  <Name className="java.lang.String">LABEL</Name>
  <Value className="java.lang.String">MaterialProcessing</Value>
</Feature>
<Feature>
  <Name className="java.lang.String">lemma</Name>
  <Value className="java.lang.String">adsorption</Value>
</Feature>
<Feature>
  <Name className="java.lang.String">text</Name>
  <Value className="java.lang.String">adsorption</Value>
</Feature>
<Feature>
  <Name className="java.lang.String">ID</Name>
  <Value className="java.lang.String">DEB_ont.Adsorption</Value>
</Feature>
<Feature>
  <Name className="java.lang.String">PrefSynonym</Name>
  <Value className="java.lang.String">adsorption</Value>
</Feature>
</Annotation>
<Annotation Id="556" Type="ManufacturedObject" StartNode="1352" EndNode="1360">
<Feature>
  <Name className="java.lang.String">original_lemma</Name>
  <Value className="java.lang.String">scaffold</Value>
</Feature>
<Feature>
  <Name className="java.lang.String">SOURCE</Name>
  <Value className="java.lang.String">DEB_ONTOLOGY</Value>
</Feature>
<Feature>
  <Name className="java.lang.String">LABEL</Name>
  <Value className="java.lang.String">ManufacturedObject</Value>
</Feature>
<Feature>
  <Name className="java.lang.String">lemma</Name>
  <Value className="java.lang.String">scaffold</Value>
</Feature>
<Feature>
  <Name className="java.lang.String">text</Name>
  <Value className="java.lang.String">scaffold</Value>
</Feature>
<Feature>
  <Name className="java.lang.String">ID</Name>
  <Value className="java.lang.String">DEB_ont.ExperimentalScaffold</Value>
</Feature>
<Feature>
  <Name className="java.lang.String">PrefSynonym</Name>
  <Value className="java.lang.String">experimental scaffold</Value>
</Feature>
</Annotation>
<Annotation Id="557" Type="Structure" StartNode="1737" EndNode="1751">
<Feature>
  <Name className="java.lang.String">original_lemma</Name>
  <Value className="java.lang.String">nanocomposite</Value>
</Feature>
<Feature>
  <Name className="java.lang.String">SOURCE</Name>
  <Value className="java.lang.String">DEB_ONTOLOGY</Value>
</Feature>
<Feature>
  <Name className="java.lang.String">LABEL</Name>
  <Value className="java.lang.String">Structure</Value>
</Feature>
<Feature>
  <Name className="java.lang.String">lemma</Name>
  <Value className="java.lang.String">nanocomposite</Value>
</Feature>
<Feature>
  <Name className="java.lang.String">text</Name>
  <Value className="java.lang.String">nanocomposites</Value>
</Feature>
<Feature>
  <Name className="java.lang.String">ID</Name>
  <Value className="java.lang.String">DEB_ont.Nanocomposite</Value>
</Feature>
<Feature>
  <Name className="java.lang.String">PrefSynonym</Name>
  <Value className="java.lang.String">nanocomposite</Value>
</Feature>
</Annotation>
<Annotation Id="558" Type="Tissue" StartNode="1812" EndNode="1823">
<Feature>
  <Name className="java.lang.String">original_lemma</Name>
  <Value className="java.lang.String">bone tissue</Value>
</Feature>
<Feature>
  <Name className="java.lang.String">SOURCE</Name>
  <Value className="java.lang.String">IOBC</Value>
</Feature>
<Feature>
  <Name className="java.lang.String">LABEL</Name>
  <Value className="java.lang.String">Tissue</Value>
</Feature>
<Feature>
  <Name className="java.lang.String">lemma</Name>
  <Value className="java.lang.String">bone tissue</Value>
</Feature>
<Feature>
  <Name className="java.lang.String">text</Name>
  <Value className="java.lang.String">bone tissue</Value>
</Feature>
<Feature>
  <Name className="java.lang.String">ID</Name>
  <Value className="java.lang.String">id.200906073584607525</Value>
</Feature>
<Feature>
  <Name className="java.lang.String">PrefSynonym</Name>
  <Value className="java.lang.String">bone tissue</Value>
</Feature>
</Annotation>
<Annotation Id="559" Type="MedicalApplication" StartNode="1840" EndNode="1852">
<Feature>
  <Name className="java.lang.String">original_lemma</Name>
  <Value className="java.lang.String">regeneration</Value>
</Feature>
<Feature>
  <Name className="java.lang.String">SOURCE</Name>
  <Value className="java.lang.String">DEB_ONTOLOGY</Value>
</Feature>
<Feature>
  <Name className="java.lang.String">LABEL</Name>
  <Value className="java.lang.String">MedicalApplication</Value>
</Feature>
<Feature>
  <Name className="java.lang.String">lemma</Name>
  <Value className="java.lang.String">regeneration</Value>
</Feature>
<Feature>
  <Name className="java.lang.String">text</Name>
  <Value className="java.lang.String">regeneration</Value>
</Feature>
<Feature>
  <Name className="java.lang.String">ID</Name>
  <Value className="java.lang.String">DEB_ont.Regeneration</Value>
</Feature>
<Feature>
  <Name className="java.lang.String">PrefSynonym</Name>
  <Value className="java.lang.String">regeneration</Value>
</Feature>
</Annotation>
<Annotation Id="560" Type="Tissue" StartNode="42" EndNode="46">
<Feature>
  <Name className="java.lang.String">UMLS_SOURCE_CODE</Name>
  <Value className="java.lang.String">D001842</Value>
</Feature>
<Feature>
  <Name className="java.lang.String">UMLS_SEM_TYPE_STR</Name>
  <Value className="java.lang.String">Body Part, Organ, or Organ Component</Value>
</Feature>
<Feature>
  <Name className="java.lang.String">UMLS_CUI</Name>
  <Value className="java.lang.String">C0262950</Value>
</Feature>
<Feature>
  <Name className="java.lang.String">original_lemma</Name>
  <Value className="java.lang.String">bone</Value>
</Feature>
<Feature>
  <Name className="java.lang.String">UMLS_SOURCE</Name>
  <Value className="java.lang.String">MSH</Value>
</Feature>
<Feature>
  <Name className="java.lang.String">SOURCE</Name>
  <Value className="java.lang.String">UMLS</Value>
</Feature>
<Feature>
  <Name className="java.lang.String">LABEL</Name>
  <Value className="java.lang.String">Tissue</Value>
</Feature>
<Feature>
  <Name className="java.lang.String">lemma</Name>
  <Value className="java.lang.String">bone</Value>
</Feature>
<Feature>
  <Name className="java.lang.String">text</Name>
  <Value className="java.lang.String">bone</Value>
</Feature>
<Feature>
  <Name className="java.lang.String">PrefSynonym</Name>
  <Value className="java.lang.String">bone</Value>
</Feature>
<Feature>
  <Name className="java.lang.String">UMLS_SEM_TYPE</Name>
  <Value className="java.lang.String">T023</Value>
</Feature>
</Annotation>
<Annotation Id="561" Type="Tissue" StartNode="74" EndNode="78">
<Feature>
  <Name className="java.lang.String">UMLS_SOURCE_CODE</Name>
  <Value className="java.lang.String">D001842</Value>
</Feature>
<Feature>
  <Name className="java.lang.String">UMLS_SEM_TYPE_STR</Name>
  <Value className="java.lang.String">Body Part, Organ, or Organ Component</Value>
</Feature>
<Feature>
  <Name className="java.lang.String">UMLS_CUI</Name>
  <Value className="java.lang.String">C0262950</Value>
</Feature>
<Feature>
  <Name className="java.lang.String">original_lemma</Name>
  <Value className="java.lang.String">bone</Value>
</Feature>
<Feature>
  <Name className="java.lang.String">UMLS_SOURCE</Name>
  <Value className="java.lang.String">MSH</Value>
</Feature>
<Feature>
  <Name className="java.lang.String">SOURCE</Name>
  <Value className="java.lang.String">UMLS</Value>
</Feature>
<Feature>
  <Name className="java.lang.String">LABEL</Name>
  <Value className="java.lang.String">Tissue</Value>
</Feature>
<Feature>
  <Name className="java.lang.String">lemma</Name>
  <Value className="java.lang.String">bone</Value>
</Feature>
<Feature>
  <Name className="java.lang.String">text</Name>
  <Value className="java.lang.String">Bone</Value>
</Feature>
<Feature>
  <Name className="java.lang.String">PrefSynonym</Name>
  <Value className="java.lang.String">bone</Value>
</Feature>
<Feature>
  <Name className="java.lang.String">UMLS_SEM_TYPE</Name>
  <Value className="java.lang.String">T023</Value>
</Feature>
</Annotation>
<Annotation Id="562" Type="Tissue" StartNode="407" EndNode="411">
<Feature>
  <Name className="java.lang.String">UMLS_SOURCE_CODE</Name>
  <Value className="java.lang.String">D001842</Value>
</Feature>
<Feature>
  <Name className="java.lang.String">UMLS_SEM_TYPE_STR</Name>
  <Value className="java.lang.String">Body Part, Organ, or Organ Component</Value>
</Feature>
<Feature>
  <Name className="java.lang.String">UMLS_CUI</Name>
  <Value className="java.lang.String">C0262950</Value>
</Feature>
<Feature>
  <Name className="java.lang.String">original_lemma</Name>
  <Value className="java.lang.String">bone</Value>
</Feature>
<Feature>
  <Name className="java.lang.String">UMLS_SOURCE</Name>
  <Value className="java.lang.String">MSH</Value>
</Feature>
<Feature>
  <Name className="java.lang.String">SOURCE</Name>
  <Value className="java.lang.String">UMLS</Value>
</Feature>
<Feature>
  <Name className="java.lang.String">LABEL</Name>
  <Value className="java.lang.String">Tissue</Value>
</Feature>
<Feature>
  <Name className="java.lang.String">lemma</Name>
  <Value className="java.lang.String">bone</Value>
</Feature>
<Feature>
  <Name className="java.lang.String">text</Name>
  <Value className="java.lang.String">bone</Value>
</Feature>
<Feature>
  <Name className="java.lang.String">PrefSynonym</Name>
  <Value className="java.lang.String">bone</Value>
</Feature>
<Feature>
  <Name className="java.lang.String">UMLS_SEM_TYPE</Name>
  <Value className="java.lang.String">T023</Value>
</Feature>
</Annotation>
<Annotation Id="563" Type="AdverseEffects" StartNode="693" EndNode="697">
<Feature>
  <Name className="java.lang.String">UMLS_SOURCE_CODE</Name>
  <Value className="java.lang.String">D002921</Value>
</Feature>
<Feature>
  <Name className="java.lang.String">UMLS_SEM_TYPE_STR</Name>
  <Value className="java.lang.String">Pathologic Function</Value>
</Feature>
<Feature>
  <Name className="java.lang.String">UMLS_CUI</Name>
  <Value className="java.lang.String">C2004491</Value>
</Feature>
<Feature>
  <Name className="java.lang.String">original_lemma</Name>
  <Value className="java.lang.String">scar</Value>
</Feature>
<Feature>
  <Name className="java.lang.String">UMLS_SOURCE</Name>
  <Value className="java.lang.String">MSH</Value>
</Feature>
<Feature>
  <Name className="java.lang.String">SOURCE</Name>
  <Value className="java.lang.String">UMLS</Value>
</Feature>
<Feature>
  <Name className="java.lang.String">LABEL</Name>
  <Value className="java.lang.String">AdverseEffects</Value>
</Feature>
<Feature>
  <Name className="java.lang.String">lemma</Name>
  <Value className="java.lang.String">scar</Value>
</Feature>
<Feature>
  <Name className="java.lang.String">text</Name>
  <Value className="java.lang.String">scar</Value>
</Feature>
<Feature>
  <Name className="java.lang.String">PrefSynonym</Name>
  <Value className="java.lang.String">scar</Value>
</Feature>
<Feature>
  <Name className="java.lang.String">UMLS_SEM_TYPE</Name>
  <Value className="java.lang.String">T046</Value>
</Feature>
</Annotation>
<Annotation Id="564" Type="Tissue" StartNode="976" EndNode="980">
<Feature>
  <Name className="java.lang.String">UMLS_SOURCE_CODE</Name>
  <Value className="java.lang.String">D001842</Value>
</Feature>
<Feature>
  <Name className="java.lang.String">UMLS_SEM_TYPE_STR</Name>
  <Value className="java.lang.String">Body Part, Organ, or Organ Component</Value>
</Feature>
<Feature>
  <Name className="java.lang.String">UMLS_CUI</Name>
  <Value className="java.lang.String">C0262950</Value>
</Feature>
<Feature>
  <Name className="java.lang.String">original_lemma</Name>
  <Value className="java.lang.String">bone</Value>
</Feature>
<Feature>
  <Name className="java.lang.String">UMLS_SOURCE</Name>
  <Value className="java.lang.String">MSH</Value>
</Feature>
<Feature>
  <Name className="java.lang.String">SOURCE</Name>
  <Value className="java.lang.String">UMLS</Value>
</Feature>
<Feature>
  <Name className="java.lang.String">LABEL</Name>
  <Value className="java.lang.String">Tissue</Value>
</Feature>
<Feature>
  <Name className="java.lang.String">lemma</Name>
  <Value className="java.lang.String">bone</Value>
</Feature>
<Feature>
  <Name className="java.lang.String">text</Name>
  <Value className="java.lang.String">bone</Value>
</Feature>
<Feature>
  <Name className="java.lang.String">PrefSynonym</Name>
  <Value className="java.lang.String">bone</Value>
</Feature>
<Feature>
  <Name className="java.lang.String">UMLS_SEM_TYPE</Name>
  <Value className="java.lang.String">T023</Value>
</Feature>
</Annotation>
<Annotation Id="565" Type="AssociatedBiologicalProcess" StartNode="1759" EndNode="1775">
<Feature>
  <Name className="java.lang.String">UMLS_SOURCE_CODE</Name>
  <Value className="java.lang.String">D002450</Value>
</Feature>
<Feature>
  <Name className="java.lang.String">UMLS_SEM_TYPE_STR</Name>
  <Value className="java.lang.String">Cell Function</Value>
</Feature>
<Feature>
  <Name className="java.lang.String">UMLS_CUI</Name>
  <Value className="java.lang.String">C0007582</Value>
</Feature>
<Feature>
  <Name className="java.lang.String">original_lemma</Name>
  <Value className="java.lang.String">cell interaction</Value>
</Feature>
<Feature>
  <Name className="java.lang.String">UMLS_SOURCE</Name>
  <Value className="java.lang.String">MSH</Value>
</Feature>
<Feature>
  <Name className="java.lang.String">SOURCE</Name>
  <Value className="java.lang.String">UMLS</Value>
</Feature>
<Feature>
  <Name className="java.lang.String">LABEL</Name>
  <Value className="java.lang.String">AssociatedBiologicalProcess</Value>
</Feature>
<Feature>
  <Name className="java.lang.String">lemma</Name>
  <Value className="java.lang.String">cell interaction</Value>
</Feature>
<Feature>
  <Name className="java.lang.String">text</Name>
  <Value className="java.lang.String">cell interaction</Value>
</Feature>
<Feature>
  <Name className="java.lang.String">PrefSynonym</Name>
  <Value className="java.lang.String">cell interaction</Value>
</Feature>
<Feature>
  <Name className="java.lang.String">UMLS_SEM_TYPE</Name>
  <Value className="java.lang.String">T043</Value>
</Feature>
</Annotation>
<Annotation Id="566" Type="MedicalApplication" StartNode="58" EndNode="70">
<Feature>
  <Name className="java.lang.String">original_lemma</Name>
  <Value className="java.lang.String">regeneration</Value>
</Feature>
<Feature>
  <Name className="java.lang.String">SOURCE</Name>
  <Value className="java.lang.String">DEB_ONTOLOGY</Value>
</Feature>
<Feature>
  <Name className="java.lang.String">LABEL</Name>
  <Value className="java.lang.String">MedicalApplication</Value>
</Feature>
<Feature>
  <Name className="java.lang.String">lemma</Name>
  <Value className="java.lang.String">regeneration</Value>
</Feature>
<Feature>
  <Name className="java.lang.String">text</Name>
  <Value className="java.lang.String">regeneration</Value>
</Feature>
<Feature>
  <Name className="java.lang.String">ID</Name>
  <Value className="java.lang.String">DEB_ont.Regeneration</Value>
</Feature>
<Feature>
  <Name className="java.lang.String">PrefSynonym</Name>
  <Value className="java.lang.String">regeneration</Value>
</Feature>
</Annotation>
<Annotation Id="567" Type="Structure" StartNode="84" EndNode="97">
<Feature>
  <Name className="java.lang.String">original_lemma</Name>
  <Value className="java.lang.String">nanocomposite</Value>
</Feature>
<Feature>
  <Name className="java.lang.String">SOURCE</Name>
  <Value className="java.lang.String">DEB_ONTOLOGY</Value>
</Feature>
<Feature>
  <Name className="java.lang.String">LABEL</Name>
  <Value className="java.lang.String">Structure</Value>
</Feature>
<Feature>
  <Name className="java.lang.String">lemma</Name>
  <Value className="java.lang.String">nanocomposite</Value>
</Feature>
<Feature>
  <Name className="java.lang.String">text</Name>
  <Value className="java.lang.String">nanocomposite</Value>
</Feature>
<Feature>
  <Name className="java.lang.String">ID</Name>
  <Value className="java.lang.String">DEB_ont.Nanocomposite</Value>
</Feature>
<Feature>
  <Name className="java.lang.String">PrefSynonym</Name>
  <Value className="java.lang.String">nanocomposite</Value>
</Feature>
</Annotation>
<Annotation Id="568" Type="BiologicallyActiveSubstance" StartNode="126" EndNode="134">
<Feature>
  <Name className="java.lang.String">original_lemma</Name>
  <Value className="java.lang.String">collagen</Value>
</Feature>
<Feature>
  <Name className="java.lang.String">SOURCE</Name>
  <Value className="java.lang.String">DEB_ONTOLOGY</Value>
</Feature>
<Feature>
  <Name className="java.lang.String">LABEL</Name>
  <Value className="java.lang.String">BiologicallyActiveSubstance</Value>
</Feature>
<Feature>
  <Name className="java.lang.String">lemma</Name>
  <Value className="java.lang.String">collagen</Value>
</Feature>
<Feature>
  <Name className="java.lang.String">text</Name>
  <Value className="java.lang.String">collagen</Value>
</Feature>
<Feature>
  <Name className="java.lang.String">ID</Name>
  <Value className="java.lang.String">DEB_ont.Collagen</Value>
</Feature>
<Feature>
  <Name className="java.lang.String">PrefSynonym</Name>
  <Value className="java.lang.String">collagen</Value>
</Feature>
</Annotation>
<Annotation Id="569" Type="Biomaterial" StartNode="166" EndNode="180">
<Feature>
  <Name className="java.lang.String">original_lemma</Name>
  <Value className="java.lang.String">hydroxyapatite</Value>
</Feature>
<Feature>
  <Name className="java.lang.String">SOURCE</Name>
  <Value className="java.lang.String">DEB_ONTOLOGY</Value>
</Feature>
<Feature>
  <Name className="java.lang.String">LABEL</Name>
  <Value className="java.lang.String">Biomaterial</Value>
</Feature>
<Feature>
  <Name className="java.lang.String">lemma</Name>
  <Value className="java.lang.String">hydroxyapatite</Value>
</Feature>
<Feature>
  <Name className="java.lang.String">text</Name>
  <Value className="java.lang.String">hydroxyapatite</Value>
</Feature>
<Feature>
  <Name className="java.lang.String">ID</Name>
  <Value className="java.lang.String">DEB_ont.Hydroxyapatite</Value>
</Feature>
<Feature>
  <Name className="java.lang.String">PrefSynonym</Name>
  <Value className="java.lang.String">hydroxyapatite</Value>
</Feature>
</Annotation>
<Annotation Id="570" Type="ManufacturedObjectFeatures" StartNode="201" EndNode="213">
<Feature>
  <Name className="java.lang.String">original_lemma</Name>
  <Value className="java.lang.String">hierarchical</Value>
</Feature>
<Feature>
  <Name className="java.lang.String">SOURCE</Name>
  <Value className="java.lang.String">DEB_ONTOLOGY</Value>
</Feature>
<Feature>
  <Name className="java.lang.String">LABEL</Name>
  <Value className="java.lang.String">ManufacturedObjectFeatures</Value>
</Feature>
<Feature>
  <Name className="java.lang.String">lemma</Name>
  <Value className="java.lang.String">hierarchical</Value>
</Feature>
<Feature>
  <Name className="java.lang.String">text</Name>
  <Value className="java.lang.String">hierarchical</Value>
</Feature>
<Feature>
  <Name className="java.lang.String">ID</Name>
  <Value className="java.lang.String">DEB_ont.Hierarchical</Value>
</Feature>
<Feature>
  <Name className="java.lang.String">PrefSynonym</Name>
  <Value className="java.lang.String">hierarchical</Value>
</Feature>
</Annotation>
</AnnotationSet>

<!-- Named annotation set -->

<AnnotationSet Name="VALIDATOR">
<Annotation Id="571" Type="ManufacturedObject" StartNode="577" EndNode="586">
<Feature>
  <Name className="java.lang.String">original_lemma</Name>
  <Value className="java.lang.String">scaffold</Value>
</Feature>
<Feature>
  <Name className="java.lang.String">SOURCE</Name>
  <Value className="java.lang.String">DEB_ONTOLOGY</Value>
</Feature>
<Feature>
  <Name className="java.lang.String">LABEL</Name>
  <Value className="java.lang.String">ManufacturedObject</Value>
</Feature>
<Feature>
  <Name className="java.lang.String">lemma</Name>
  <Value className="java.lang.String">scaffold</Value>
</Feature>
<Feature>
  <Name className="java.lang.String">text</Name>
  <Value className="java.lang.String">scaffolds</Value>
</Feature>
<Feature>
  <Name className="java.lang.String">ID</Name>
  <Value className="java.lang.String">DEB_ont.ExperimentalScaffold</Value>
</Feature>
<Feature>
  <Name className="java.lang.String">PrefSynonym</Name>
  <Value className="java.lang.String">experimental scaffold</Value>
</Feature>
</Annotation>
<Annotation Id="572" Type="MedicalApplication" StartNode="660" EndNode="672">
<Feature>
  <Name className="java.lang.String">original_lemma</Name>
  <Value className="java.lang.String">regeneration</Value>
</Feature>
<Feature>
  <Name className="java.lang.String">SOURCE</Name>
  <Value className="java.lang.String">DEB_ONTOLOGY</Value>
</Feature>
<Feature>
  <Name className="java.lang.String">LABEL</Name>
  <Value className="java.lang.String">MedicalApplication</Value>
</Feature>
<Feature>
  <Name className="java.lang.String">lemma</Name>
  <Value className="java.lang.String">regeneration</Value>
</Feature>
<Feature>
  <Name className="java.lang.String">text</Name>
  <Value className="java.lang.String">regeneration</Value>
</Feature>
<Feature>
  <Name className="java.lang.String">ID</Name>
  <Value className="java.lang.String">DEB_ont.Regeneration</Value>
</Feature>
<Feature>
  <Name className="java.lang.String">PrefSynonym</Name>
  <Value className="java.lang.String">regeneration</Value>
</Feature>
</Annotation>
<Annotation Id="573" Type="AdverseEffects" StartNode="681" EndNode="689">
<Feature>
  <Name className="java.lang.String">original_lemma</Name>
  <Value className="java.lang.String">necrosis</Value>
</Feature>
<Feature>
  <Name className="java.lang.String">SOURCE</Name>
  <Value className="java.lang.String">DEB_ONTOLOGY</Value>
</Feature>
<Feature>
  <Name className="java.lang.String">LABEL</Name>
  <Value className="java.lang.String">AdverseEffects</Value>
</Feature>
<Feature>
  <Name className="java.lang.String">lemma</Name>
  <Value className="java.lang.String">necrosis</Value>
</Feature>
<Feature>
  <Name className="java.lang.String">text</Name>
  <Value className="java.lang.String">necrosis</Value>
</Feature>
<Feature>
  <Name className="java.lang.String">ID</Name>
  <Value className="java.lang.String">DEB_ont.Necrosis</Value>
</Feature>
<Feature>
  <Name className="java.lang.String">PrefSynonym</Name>
  <Value className="java.lang.String">necrosis</Value>
</Feature>
</Annotation>
<Annotation Id="574" Type="Tissue" StartNode="844" EndNode="864">
<Feature>
  <Name className="java.lang.String">original_lemma</Name>
  <Value className="java.lang.String">extracellular matrix</Value>
</Feature>
<Feature>
  <Name className="java.lang.String">SOURCE</Name>
  <Value className="java.lang.String">NCIT</Value>
</Feature>
<Feature>
  <Name className="java.lang.String">LABEL</Name>
  <Value className="java.lang.String">Tissue</Value>
</Feature>
<Feature>
  <Name className="java.lang.String">lemma</Name>
  <Value className="java.lang.String">extracellular matrix</Value>
</Feature>
<Feature>
  <Name className="java.lang.String">text</Name>
  <Value className="java.lang.String">extracellular
matrix</Value>
</Feature>
<Feature>
  <Name className="java.lang.String">ID</Name>
  <Value className="java.lang.String">ncit.C13232</Value>
</Feature>
<Feature>
  <Name className="java.lang.String">PrefSynonym</Name>
  <Value className="java.lang.String">extracellular matrix</Value>
</Feature>
</Annotation>
<Annotation Id="575" Type="Tissue" StartNode="899" EndNode="911">
<Feature>
  <Name className="java.lang.String">original_lemma</Name>
  <Value className="java.lang.String">bone tissue</Value>
</Feature>
<Feature>
  <Name className="java.lang.String">SOURCE</Name>
  <Value className="java.lang.String">IOBC</Value>
</Feature>
<Feature>
  <Name className="java.lang.String">LABEL</Name>
  <Value className="java.lang.String">Tissue</Value>
</Feature>
<Feature>
  <Name className="java.lang.String">lemma</Name>
  <Value className="java.lang.String">bone tissue</Value>
</Feature>
<Feature>
  <Name className="java.lang.String">text</Name>
  <Value className="java.lang.String">bone tissues</Value>
</Feature>
<Feature>
  <Name className="java.lang.String">ID</Name>
  <Value className="java.lang.String">id.200906073584607525</Value>
</Feature>
<Feature>
  <Name className="java.lang.String">PrefSynonym</Name>
  <Value className="java.lang.String">bone tissue</Value>
</Feature>
</Annotation>
<Annotation Id="576" Type="Structure" StartNode="920" EndNode="933">
<Feature>
  <Name className="java.lang.String">original_lemma</Name>
  <Value className="java.lang.String">nanostructure</Value>
</Feature>
<Feature>
  <Name className="java.lang.String">SOURCE</Name>
  <Value className="java.lang.String">DEB_ONTOLOGY</Value>
</Feature>
<Feature>
  <Name className="java.lang.String">LABEL</Name>
  <Value className="java.lang.String">Structure</Value>
</Feature>
<Feature>
  <Name className="java.lang.String">lemma</Name>
  <Value className="java.lang.String">nanostructure</Value>
</Feature>
<Feature>
  <Name className="java.lang.String">text</Name>
  <Value className="java.lang.String">nanostructure</Value>
</Feature>
<Feature>
  <Name className="java.lang.String">ID</Name>
  <Value className="java.lang.String">DEB_ont.nanostructure</Value>
</Feature>
<Feature>
  <Name className="java.lang.String">PrefSynonym</Name>
  <Value className="java.lang.String">nanostructure</Value>
</Feature>
</Annotation>
<Annotation Id="577" Type="Structure" StartNode="995" EndNode="1009">
<Feature>
  <Name className="java.lang.String">original_lemma</Name>
  <Value className="java.lang.String">nanostructure</Value>
</Feature>
<Feature>
  <Name className="java.lang.String">SOURCE</Name>
  <Value className="java.lang.String">DEB_ONTOLOGY</Value>
</Feature>
<Feature>
  <Name className="java.lang.String">LABEL</Name>
  <Value className="java.lang.String">Structure</Value>
</Feature>
<Feature>
  <Name className="java.lang.String">lemma</Name>
  <Value className="java.lang.String">nanostructure</Value>
</Feature>
<Feature>
  <Name className="java.lang.String">text</Name>
  <Value className="java.lang.String">Nanostructured</Value>
</Feature>
<Feature>
  <Name className="java.lang.String">ID</Name>
  <Value className="java.lang.String">DEB_ont.nanostructure</Value>
</Feature>
<Feature>
  <Name className="java.lang.String">PrefSynonym</Name>
  <Value className="java.lang.String">nanostructure</Value>
</Feature>
</Annotation>
<Annotation Id="578" Type="ManufacturedObject" StartNode="1010" EndNode="1019">
<Feature>
  <Name className="java.lang.String">original_lemma</Name>
  <Value className="java.lang.String">scaffold</Value>
</Feature>
<Feature>
  <Name className="java.lang.String">SOURCE</Name>
  <Value className="java.lang.String">DEB_ONTOLOGY</Value>
</Feature>
<Feature>
  <Name className="java.lang.String">LABEL</Name>
  <Value className="java.lang.String">ManufacturedObject</Value>
</Feature>
<Feature>
  <Name className="java.lang.String">lemma</Name>
  <Value className="java.lang.String">scaffold</Value>
</Feature>
<Feature>
  <Name className="java.lang.String">text</Name>
  <Value className="java.lang.String">scaffolds</Value>
</Feature>
<Feature>
  <Name className="java.lang.String">ID</Name>
  <Value className="java.lang.String">DEB_ont.ExperimentalScaffold</Value>
</Feature>
<Feature>
  <Name className="java.lang.String">PrefSynonym</Name>
  <Value className="java.lang.String">experimental scaffold</Value>
</Feature>
</Annotation>
<Annotation Id="579" Type="AssociatedBiologicalProcess" StartNode="1074" EndNode="1092">
<Feature>
  <Name className="java.lang.String">original_lemma</Name>
  <Value className="java.lang.String">cell proliferation</Value>
</Feature>
<Feature>
  <Name className="java.lang.String">SOURCE</Name>
  <Value className="java.lang.String">DEB_ONTOLOGY</Value>
</Feature>
<Feature>
  <Name className="java.lang.String">LABEL</Name>
  <Value className="java.lang.String">AssociatedBiologicalProcess</Value>
</Feature>
<Feature>
  <Name className="java.lang.String">lemma</Name>
  <Value className="java.lang.String">cell proliferation</Value>
</Feature>
<Feature>
  <Name className="java.lang.String">text</Name>
  <Value className="java.lang.String">cell
proliferation</Value>
</Feature>
<Feature>
  <Name className="java.lang.String">ID</Name>
  <Value className="java.lang.String">DEB_ont.CellProliferation</Value>
</Feature>
<Feature>
  <Name className="java.lang.String">PrefSynonym</Name>
  <Value className="java.lang.String">cell proliferation</Value>
</Feature>
</Annotation>
<Annotation Id="580" Type="AssociatedBiologicalProcess" StartNode="1094" EndNode="1109">
<Feature>
  <Name className="java.lang.String">original_lemma</Name>
  <Value className="java.lang.String">differentiation</Value>
</Feature>
<Feature>
  <Name className="java.lang.String">SOURCE</Name>
  <Value className="java.lang.String">DEB_ONTOLOGY</Value>
</Feature>
<Feature>
  <Name className="java.lang.String">LABEL</Name>
  <Value className="java.lang.String">AssociatedBiologicalProcess</Value>
</Feature>
<Feature>
  <Name className="java.lang.String">lemma</Name>
  <Value className="java.lang.String">differentiation</Value>
</Feature>
<Feature>
  <Name className="java.lang.String">text</Name>
  <Value className="java.lang.String">differentiation</Value>
</Feature>
<Feature>
  <Name className="java.lang.String">ID</Name>
  <Value className="java.lang.String">DEB_ont.CellularDifferentiation</Value>
</Feature>
<Feature>
  <Name className="java.lang.String">PrefSynonym</Name>
  <Value className="java.lang.String">cellular differentiation</Value>
</Feature>
</Annotation>
<Annotation Id="581" Type="ManufacturedObjectFeatures" StartNode="1234" EndNode="1245">
<Feature>
  <Name className="java.lang.String">original_lemma</Name>
  <Value className="java.lang.String">wettability</Value>
</Feature>
<Feature>
  <Name className="java.lang.String">SOURCE</Name>
  <Value className="java.lang.String">DEB_ONTOLOGY</Value>
</Feature>
<Feature>
  <Name className="java.lang.String">LABEL</Name>
  <Value className="java.lang.String">ManufacturedObjectFeatures</Value>
</Feature>
<Feature>
  <Name className="java.lang.String">lemma</Name>
  <Value className="java.lang.String">wettability</Value>
</Feature>
<Feature>
  <Name className="java.lang.String">text</Name>
  <Value className="java.lang.String">wettability</Value>
</Feature>
<Feature>
  <Name className="java.lang.String">ID</Name>
  <Value className="java.lang.String">DEB_ont.Wettability</Value>
</Feature>
<Feature>
  <Name className="java.lang.String">PrefSynonym</Name>
  <Value className="java.lang.String">wettability</Value>
</Feature>
</Annotation>
<Annotation Id="582" Type="Structure" StartNode="1737" EndNode="1751">
<Feature>
  <Name className="java.lang.String">original_lemma</Name>
  <Value className="java.lang.String">nanocomposite</Value>
</Feature>
<Feature>
  <Name className="java.lang.String">SOURCE</Name>
  <Value className="java.lang.String">DEB_ONTOLOGY</Value>
</Feature>
<Feature>
  <Name className="java.lang.String">LABEL</Name>
  <Value className="java.lang.String">Structure</Value>
</Feature>
<Feature>
  <Name className="java.lang.String">lemma</Name>
  <Value className="java.lang.String">nanocomposite</Value>
</Feature>
<Feature>
  <Name className="java.lang.String">text</Name>
  <Value className="java.lang.String">nanocomposites</Value>
</Feature>
<Feature>
  <Name className="java.lang.String">ID</Name>
  <Value className="java.lang.String">DEB_ont.Nanocomposite</Value>
</Feature>
<Feature>
  <Name className="java.lang.String">PrefSynonym</Name>
  <Value className="java.lang.String">nanocomposite</Value>
</Feature>
</Annotation>
<Annotation Id="583" Type="Tissue" StartNode="1812" EndNode="1823">
<Feature>
  <Name className="java.lang.String">original_lemma</Name>
  <Value className="java.lang.String">bone tissue</Value>
</Feature>
<Feature>
  <Name className="java.lang.String">SOURCE</Name>
  <Value className="java.lang.String">IOBC</Value>
</Feature>
<Feature>
  <Name className="java.lang.String">LABEL</Name>
  <Value className="java.lang.String">Tissue</Value>
</Feature>
<Feature>
  <Name className="java.lang.String">lemma</Name>
  <Value className="java.lang.String">bone tissue</Value>
</Feature>
<Feature>
  <Name className="java.lang.String">text</Name>
  <Value className="java.lang.String">bone tissue</Value>
</Feature>
<Feature>
  <Name className="java.lang.String">ID</Name>
  <Value className="java.lang.String">id.200906073584607525</Value>
</Feature>
<Feature>
  <Name className="java.lang.String">PrefSynonym</Name>
  <Value className="java.lang.String">bone tissue</Value>
</Feature>
</Annotation>
<Annotation Id="584" Type="MedicalApplication" StartNode="1840" EndNode="1852">
<Feature>
  <Name className="java.lang.String">original_lemma</Name>
  <Value className="java.lang.String">regeneration</Value>
</Feature>
<Feature>
  <Name className="java.lang.String">SOURCE</Name>
  <Value className="java.lang.String">DEB_ONTOLOGY</Value>
</Feature>
<Feature>
  <Name className="java.lang.String">LABEL</Name>
  <Value className="java.lang.String">MedicalApplication</Value>
</Feature>
<Feature>
  <Name className="java.lang.String">lemma</Name>
  <Value className="java.lang.String">regeneration</Value>
</Feature>
<Feature>
  <Name className="java.lang.String">text</Name>
  <Value className="java.lang.String">regeneration</Value>
</Feature>
<Feature>
  <Name className="java.lang.String">ID</Name>
  <Value className="java.lang.String">DEB_ont.Regeneration</Value>
</Feature>
<Feature>
  <Name className="java.lang.String">PrefSynonym</Name>
  <Value className="java.lang.String">regeneration</Value>
</Feature>
</Annotation>
<Annotation Id="585" Type="MedicalApplication" StartNode="42" EndNode="53">
</Annotation>
<Annotation Id="586" Type="AssociatedBiologicalProcess" StartNode="1115" EndNode="1124">
</Annotation>
<Annotation Id="587" Type="ManufacturedObjectFeatures" StartNode="1250" EndNode="1262">
</Annotation>
<Annotation Id="588" Type="ManufacturedObject" StartNode="743" EndNode="756">
</Annotation>
<Annotation Id="589" Type="ManufacturedObject" StartNode="1201" EndNode="1214">
</Annotation>
<Annotation Id="590" Type="ManufacturedObject" StartNode="1719" EndNode="1732">
</Annotation>
<Annotation Id="591" Type="ManufacturedObject" StartNode="761" EndNode="775">
</Annotation>
<Annotation Id="592" Type="ManufacturedObject" StartNode="1737" EndNode="1751">
</Annotation>
<Annotation Id="593" Type="MedicalApplication" StartNode="1812" EndNode="1835">
</Annotation>
<Annotation Id="594" Type="ManufacturedObjectFeatures" StartNode="150" EndNode="165">
</Annotation>
<Annotation Id="595" Type="ManufacturedObjectFeatures" StartNode="110" EndNode="117">
</Annotation>
<Annotation Id="596" Type="ManufacturedObjectFeatures" StartNode="140" EndNode="149">
</Annotation>
<Annotation Id="597" Type="Structure" StartNode="237" EndNode="241">
</Annotation>
<Annotation Id="598" Type="Structure" StartNode="246" EndNode="256">
</Annotation>
<Annotation Id="599" Type="Structure" StartNode="24" EndNode="37">
</Annotation>
<Annotation Id="600" Type="Structure" StartNode="84" EndNode="97">
</Annotation>
<Annotation Id="601" Type="ManufacturedObjectFeatures" StartNode="290" EndNode="308">
</Annotation>
<Annotation Id="602" Type="MedicalApplication" StartNode="369" EndNode="384">
</Annotation>
<Annotation Id="603" Type="MedicalApplication" StartNode="389" EndNode="403">
</Annotation>
<Annotation Id="604" Type="ManufacturedObject" StartNode="24" EndNode="37">
</Annotation>
<Annotation Id="605" Type="ManufacturedObject" StartNode="84" EndNode="97">
</Annotation>
<Annotation Id="606" Type="Structure" StartNode="743" EndNode="756">
</Annotation>
<Annotation Id="607" Type="Structure" StartNode="761" EndNode="775">
</Annotation>
<Annotation Id="608" Type="Structure" StartNode="1201" EndNode="1214">
</Annotation>
<Annotation Id="609" Type="ManufacturedObject" StartNode="1352" EndNode="1360">
</Annotation>
<Annotation Id="610" Type="ManufacturedObjectComponent" StartNode="1395" EndNode="1408">
</Annotation>
<Annotation Id="611" Type="Structure" StartNode="1719" EndNode="1732">
</Annotation>
<Annotation Id="612" Type="Tissue" StartNode="42" EndNode="46">
<Feature>
  <Name className="java.lang.String">UMLS_SOURCE_CODE</Name>
  <Value className="java.lang.String">D001842</Value>
</Feature>
<Feature>
  <Name className="java.lang.String">UMLS_SEM_TYPE_STR</Name>
  <Value className="java.lang.String">Body Part, Organ, or Organ Component</Value>
</Feature>
<Feature>
  <Name className="java.lang.String">UMLS_CUI</Name>
  <Value className="java.lang.String">C0262950</Value>
</Feature>
<Feature>
  <Name className="java.lang.String">original_lemma</Name>
  <Value className="java.lang.String">bone</Value>
</Feature>
<Feature>
  <Name className="java.lang.String">UMLS_SOURCE</Name>
  <Value className="java.lang.String">MSH</Value>
</Feature>
<Feature>
  <Name className="java.lang.String">SOURCE</Name>
  <Value className="java.lang.String">UMLS</Value>
</Feature>
<Feature>
  <Name className="java.lang.String">LABEL</Name>
  <Value className="java.lang.String">Tissue</Value>
</Feature>
<Feature>
  <Name className="java.lang.String">lemma</Name>
  <Value className="java.lang.String">bone</Value>
</Feature>
<Feature>
  <Name className="java.lang.String">text</Name>
  <Value className="java.lang.String">bone</Value>
</Feature>
<Feature>
  <Name className="java.lang.String">PrefSynonym</Name>
  <Value className="java.lang.String">bone</Value>
</Feature>
<Feature>
  <Name className="java.lang.String">UMLS_SEM_TYPE</Name>
  <Value className="java.lang.String">T023</Value>
</Feature>
</Annotation>
<Annotation Id="613" Type="Tissue" StartNode="74" EndNode="78">
<Feature>
  <Name className="java.lang.String">UMLS_SOURCE_CODE</Name>
  <Value className="java.lang.String">D001842</Value>
</Feature>
<Feature>
  <Name className="java.lang.String">UMLS_SEM_TYPE_STR</Name>
  <Value className="java.lang.String">Body Part, Organ, or Organ Component</Value>
</Feature>
<Feature>
  <Name className="java.lang.String">UMLS_CUI</Name>
  <Value className="java.lang.String">C0262950</Value>
</Feature>
<Feature>
  <Name className="java.lang.String">original_lemma</Name>
  <Value className="java.lang.String">bone</Value>
</Feature>
<Feature>
  <Name className="java.lang.String">UMLS_SOURCE</Name>
  <Value className="java.lang.String">MSH</Value>
</Feature>
<Feature>
  <Name className="java.lang.String">SOURCE</Name>
  <Value className="java.lang.String">UMLS</Value>
</Feature>
<Feature>
  <Name className="java.lang.String">LABEL</Name>
  <Value className="java.lang.String">Tissue</Value>
</Feature>
<Feature>
  <Name className="java.lang.String">lemma</Name>
  <Value className="java.lang.String">bone</Value>
</Feature>
<Feature>
  <Name className="java.lang.String">text</Name>
  <Value className="java.lang.String">Bone</Value>
</Feature>
<Feature>
  <Name className="java.lang.String">PrefSynonym</Name>
  <Value className="java.lang.String">bone</Value>
</Feature>
<Feature>
  <Name className="java.lang.String">UMLS_SEM_TYPE</Name>
  <Value className="java.lang.String">T023</Value>
</Feature>
</Annotation>
<Annotation Id="614" Type="Tissue" StartNode="407" EndNode="411">
<Feature>
  <Name className="java.lang.String">UMLS_SOURCE_CODE</Name>
  <Value className="java.lang.String">D001842</Value>
</Feature>
<Feature>
  <Name className="java.lang.String">UMLS_SEM_TYPE_STR</Name>
  <Value className="java.lang.String">Body Part, Organ, or Organ Component</Value>
</Feature>
<Feature>
  <Name className="java.lang.String">UMLS_CUI</Name>
  <Value className="java.lang.String">C0262950</Value>
</Feature>
<Feature>
  <Name className="java.lang.String">original_lemma</Name>
  <Value className="java.lang.String">bone</Value>
</Feature>
<Feature>
  <Name className="java.lang.String">UMLS_SOURCE</Name>
  <Value className="java.lang.String">MSH</Value>
</Feature>
<Feature>
  <Name className="java.lang.String">SOURCE</Name>
  <Value className="java.lang.String">UMLS</Value>
</Feature>
<Feature>
  <Name className="java.lang.String">LABEL</Name>
  <Value className="java.lang.String">Tissue</Value>
</Feature>
<Feature>
  <Name className="java.lang.String">lemma</Name>
  <Value className="java.lang.String">bone</Value>
</Feature>
<Feature>
  <Name className="java.lang.String">text</Name>
  <Value className="java.lang.String">bone</Value>
</Feature>
<Feature>
  <Name className="java.lang.String">PrefSynonym</Name>
  <Value className="java.lang.String">bone</Value>
</Feature>
<Feature>
  <Name className="java.lang.String">UMLS_SEM_TYPE</Name>
  <Value className="java.lang.String">T023</Value>
</Feature>
</Annotation>
<Annotation Id="615" Type="AdverseEffects" StartNode="693" EndNode="697">
<Feature>
  <Name className="java.lang.String">UMLS_SOURCE_CODE</Name>
  <Value className="java.lang.String">D002921</Value>
</Feature>
<Feature>
  <Name className="java.lang.String">UMLS_SEM_TYPE_STR</Name>
  <Value className="java.lang.String">Pathologic Function</Value>
</Feature>
<Feature>
  <Name className="java.lang.String">UMLS_CUI</Name>
  <Value className="java.lang.String">C2004491</Value>
</Feature>
<Feature>
  <Name className="java.lang.String">original_lemma</Name>
  <Value className="java.lang.String">scar</Value>
</Feature>
<Feature>
  <Name className="java.lang.String">UMLS_SOURCE</Name>
  <Value className="java.lang.String">MSH</Value>
</Feature>
<Feature>
  <Name className="java.lang.String">SOURCE</Name>
  <Value className="java.lang.String">UMLS</Value>
</Feature>
<Feature>
  <Name className="java.lang.String">LABEL</Name>
  <Value className="java.lang.String">AdverseEffects</Value>
</Feature>
<Feature>
  <Name className="java.lang.String">lemma</Name>
  <Value className="java.lang.String">scar</Value>
</Feature>
<Feature>
  <Name className="java.lang.String">text</Name>
  <Value className="java.lang.String">scar</Value>
</Feature>
<Feature>
  <Name className="java.lang.String">PrefSynonym</Name>
  <Value className="java.lang.String">scar</Value>
</Feature>
<Feature>
  <Name className="java.lang.String">UMLS_SEM_TYPE</Name>
  <Value className="java.lang.String">T046</Value>
</Feature>
</Annotation>
<Annotation Id="616" Type="Tissue" StartNode="976" EndNode="980">
<Feature>
  <Name className="java.lang.String">UMLS_SOURCE_CODE</Name>
  <Value className="java.lang.String">D001842</Value>
</Feature>
<Feature>
  <Name className="java.lang.String">UMLS_SEM_TYPE_STR</Name>
  <Value className="java.lang.String">Body Part, Organ, or Organ Component</Value>
</Feature>
<Feature>
  <Name className="java.lang.String">UMLS_CUI</Name>
  <Value className="java.lang.String">C0262950</Value>
</Feature>
<Feature>
  <Name className="java.lang.String">original_lemma</Name>
  <Value className="java.lang.String">bone</Value>
</Feature>
<Feature>
  <Name className="java.lang.String">UMLS_SOURCE</Name>
  <Value className="java.lang.String">MSH</Value>
</Feature>
<Feature>
  <Name className="java.lang.String">SOURCE</Name>
  <Value className="java.lang.String">UMLS</Value>
</Feature>
<Feature>
  <Name className="java.lang.String">LABEL</Name>
  <Value className="java.lang.String">Tissue</Value>
</Feature>
<Feature>
  <Name className="java.lang.String">lemma</Name>
  <Value className="java.lang.String">bone</Value>
</Feature>
<Feature>
  <Name className="java.lang.String">text</Name>
  <Value className="java.lang.String">bone</Value>
</Feature>
<Feature>
  <Name className="java.lang.String">PrefSynonym</Name>
  <Value className="java.lang.String">bone</Value>
</Feature>
<Feature>
  <Name className="java.lang.String">UMLS_SEM_TYPE</Name>
  <Value className="java.lang.String">T023</Value>
</Feature>
</Annotation>
<Annotation Id="617" Type="AssociatedBiologicalProcess" StartNode="1759" EndNode="1775">
<Feature>
  <Name className="java.lang.String">UMLS_SOURCE_CODE</Name>
  <Value className="java.lang.String">D002450</Value>
</Feature>
<Feature>
  <Name className="java.lang.String">UMLS_SEM_TYPE_STR</Name>
  <Value className="java.lang.String">Cell Function</Value>
</Feature>
<Feature>
  <Name className="java.lang.String">UMLS_CUI</Name>
  <Value className="java.lang.String">C0007582</Value>
</Feature>
<Feature>
  <Name className="java.lang.String">original_lemma</Name>
  <Value className="java.lang.String">cell interaction</Value>
</Feature>
<Feature>
  <Name className="java.lang.String">UMLS_SOURCE</Name>
  <Value className="java.lang.String">MSH</Value>
</Feature>
<Feature>
  <Name className="java.lang.String">SOURCE</Name>
  <Value className="java.lang.String">UMLS</Value>
</Feature>
<Feature>
  <Name className="java.lang.String">LABEL</Name>
  <Value className="java.lang.String">AssociatedBiologicalProcess</Value>
</Feature>
<Feature>
  <Name className="java.lang.String">lemma</Name>
  <Value className="java.lang.String">cell interaction</Value>
</Feature>
<Feature>
  <Name className="java.lang.String">text</Name>
  <Value className="java.lang.String">cell interaction</Value>
</Feature>
<Feature>
  <Name className="java.lang.String">PrefSynonym</Name>
  <Value className="java.lang.String">cell interaction</Value>
</Feature>
<Feature>
  <Name className="java.lang.String">UMLS_SEM_TYPE</Name>
  <Value className="java.lang.String">T043</Value>
</Feature>
</Annotation>
<Annotation Id="618" Type="MedicalApplication" StartNode="58" EndNode="70">
<Feature>
  <Name className="java.lang.String">original_lemma</Name>
  <Value className="java.lang.String">regeneration</Value>
</Feature>
<Feature>
  <Name className="java.lang.String">SOURCE</Name>
  <Value className="java.lang.String">DEB_ONTOLOGY</Value>
</Feature>
<Feature>
  <Name className="java.lang.String">LABEL</Name>
  <Value className="java.lang.String">MedicalApplication</Value>
</Feature>
<Feature>
  <Name className="java.lang.String">lemma</Name>
  <Value className="java.lang.String">regeneration</Value>
</Feature>
<Feature>
  <Name className="java.lang.String">text</Name>
  <Value className="java.lang.String">regeneration</Value>
</Feature>
<Feature>
  <Name className="java.lang.String">ID</Name>
  <Value className="java.lang.String">DEB_ont.Regeneration</Value>
</Feature>
<Feature>
  <Name className="java.lang.String">PrefSynonym</Name>
  <Value className="java.lang.String">regeneration</Value>
</Feature>
</Annotation>
<Annotation Id="619" Type="Biomaterial" StartNode="126" EndNode="134">
<Feature>
  <Name className="java.lang.String">original_lemma</Name>
  <Value className="java.lang.String">collagen</Value>
</Feature>
<Feature>
  <Name className="java.lang.String">SOURCE</Name>
  <Value className="java.lang.String">DEB_ONTOLOGY</Value>
</Feature>
<Feature>
  <Name className="java.lang.String">LABEL</Name>
  <Value className="java.lang.String">BiologicallyActiveSubstance</Value>
</Feature>
<Feature>
  <Name className="java.lang.String">lemma</Name>
  <Value className="java.lang.String">collagen</Value>
</Feature>
<Feature>
  <Name className="java.lang.String">text</Name>
  <Value className="java.lang.String">collagen</Value>
</Feature>
<Feature>
  <Name className="java.lang.String">ID</Name>
  <Value className="java.lang.String">DEB_ont.Collagen</Value>
</Feature>
<Feature>
  <Name className="java.lang.String">PrefSynonym</Name>
  <Value className="java.lang.String">collagen</Value>
</Feature>
</Annotation>
<Annotation Id="620" Type="Biomaterial" StartNode="166" EndNode="180">
<Feature>
  <Name className="java.lang.String">original_lemma</Name>
  <Value className="java.lang.String">hydroxyapatite</Value>
</Feature>
<Feature>
  <Name className="java.lang.String">SOURCE</Name>
  <Value className="java.lang.String">DEB_ONTOLOGY</Value>
</Feature>
<Feature>
  <Name className="java.lang.String">LABEL</Name>
  <Value className="java.lang.String">Biomaterial</Value>
</Feature>
<Feature>
  <Name className="java.lang.String">lemma</Name>
  <Value className="java.lang.String">hydroxyapatite</Value>
</Feature>
<Feature>
  <Name className="java.lang.String">text</Name>
  <Value className="java.lang.String">hydroxyapatite</Value>
</Feature>
<Feature>
  <Name className="java.lang.String">ID</Name>
  <Value className="java.lang.String">DEB_ont.Hydroxyapatite</Value>
</Feature>
<Feature>
  <Name className="java.lang.String">PrefSynonym</Name>
  <Value className="java.lang.String">hydroxyapatite</Value>
</Feature>
</Annotation>
<Annotation Id="621" Type="ArchitecturalOrganization" StartNode="201" EndNode="213">
<Feature>
  <Name className="java.lang.String">original_lemma</Name>
  <Value className="java.lang.String">hierarchical</Value>
</Feature>
<Feature>
  <Name className="java.lang.String">SOURCE</Name>
  <Value className="java.lang.String">DEB_ONTOLOGY</Value>
</Feature>
<Feature>
  <Name className="java.lang.String">LABEL</Name>
  <Value className="java.lang.String">ManufacturedObjectFeatures</Value>
</Feature>
<Feature>
  <Name className="java.lang.String">lemma</Name>
  <Value className="java.lang.String">hierarchical</Value>
</Feature>
<Feature>
  <Name className="java.lang.String">text</Name>
  <Value className="java.lang.String">hierarchical</Value>
</Feature>
<Feature>
  <Name className="java.lang.String">ID</Name>
  <Value className="java.lang.String">DEB_ont.Hierarchical</Value>
</Feature>
<Feature>
  <Name className="java.lang.String">PrefSynonym</Name>
  <Value className="java.lang.String">hierarchical</Value>
</Feature>
</Annotation>
</AnnotationSet>

<!-- Named annotation set -->

<AnnotationSet Name="Original markups">
<Annotation Id="0" Type="paragraph" StartNode="0" EndNode="1854">
</Annotation>
</AnnotationSet>

</GateDocument>
