<?xml version='1.0' encoding='UTF-8'?>
<GateDocument version="3">
<!-- The document's features-->

<GateDocumentFeatures>
<Feature>
  <Name className="java.lang.String">gate.SourceURL</Name>
  <Value className="java.lang.String">file:/home/jcorvi/projects/debbie/DEBBIE_pipeline/work/df/a8b715387fe9ca0cf0796364e67a01/test_set/29178347.txt</Value>
</Feature>
<Feature>
  <Name className="java.lang.String">MimeType</Name>
  <Value className="java.lang.String">text/plain</Value>
</Feature>
<Feature>
  <Name className="java.lang.String">docNewLineType</Name>
  <Value className="java.lang.String">LF</Value>
</Feature>
</GateDocumentFeatures>
<!-- The document content area with serialized nodes -->

<TextWithNodes><Node id="0"/>2018 Jan
<Node id="9"/>Tissuepatch<Node id="20"/> is <Node id="24"/>biocompatible<Node id="37"/> and seals <Node id="48"/>iatrogenic <Node id="59"/>membrane<Node id="67"/> defects<Node id="75"/> in a <Node id="81"/>rabbit<Node id="87"/>
model.
P OBJECTIVE: To evaluate novel <Node id="126"/>sealing techniques<Node id="144"/> for their <Node id="155"/>biocompatibility<Node id="171"/> and
sealing capacity of <Node id="196"/>iatrogenic fetal <Node id="213"/>membrane<Node id="221"/> defects<Node id="229"/> in a <Node id="235"/>pregnant<Node id="243"/> <Node id="244"/>rabbit<Node id="250"/> model.
METHOD: At day 23 of gestation  term = d31 , a standardized <Node id="318"/>fetoscopy<Node id="327"/> was
performed through a 14G <Node id="356"/>cannula<Node id="363"/>. The resulting <Node id="379"/>fetal <Node id="385"/>membrane<Node id="393"/> defect<Node id="400"/> was closed
with condensed <Node id="427"/>collagen<Node id="435"/>, <Node id="437"/>collagen<Node id="445"/> with <Node id="451"/>fibrinogen<Node id="461"/>, <Node id="463"/>Tissuepatch<Node id="474"/>, <Node id="476"/>Duraseal<Node id="484"/>, or a
conventional <Node id="504"/>collagen<Node id="512"/> plug  Lyostypt<Node id="527"/>  as reference. At d30, the fetuses were
harvested and full <Node id="587"/>thickness<Node id="596"/> <Node id="597"/>fetal <Node id="603"/>membrane<Node id="611"/> samples were analyzed. The study
consisted of 2 consecutive parts:  1  <Node id="683"/>biocompatibility<Node id="699"/> testing by fetal survival,
<Node id="727"/>apoptosis<Node id="736"/>, and <Node id="742"/>infiltration<Node id="754"/> of <Node id="758"/>polymorphonuclear cells<Node id="781"/> in the <Node id="789"/>membranes<Node id="798"/> and  2
the efficacy to seal <Node id="827"/>fetal <Node id="833"/>membrane<Node id="841"/> defects<Node id="849"/>. RESULTS: Three <Node id="866"/>sealants<Node id="874"/>  <Node id="876"/>collagen<Node id="884"/>
with <Node id="890"/>fibrinogen<Node id="900"/>, <Node id="902"/>Duraseal<Node id="910"/>, or <Node id="915"/>Lyostypt<Node id="923"/>  were associated with a higher <Node id="955"/>fetal
mortality<Node id="970"/> compared to control unmanipulated littermates and hence were excluded
from further analysis. <Node id="1064"/>Tissuepatch<Node id="1075"/> was <Node id="1080"/>biocompatible<Node id="1093"/>, and amniotic fluid levels
were comparable to those of control untouched littermates. Compared to the
condensed <Node id="1206"/>collagen<Node id="1214"/>, <Node id="1216"/>Tissuepatch<Node id="1227"/> was also easier in surgical handling and induced
<Node id="1277"/>limited <Node id="1285"/>cell<Node id="1289"/> proliferation<Node id="1303"/>. CONCLUSION: <Node id="1317"/>Tissuepatch<Node id="1328"/> had the best <Node id="1342"/>biocompatibility<Node id="1358"/>
and efficacy in sealing an <Node id="1386"/>iatrogenic fetal <Node id="1403"/>membrane<Node id="1411"/> defect<Node id="1418"/> in the <Node id="1426"/>pregnant<Node id="1434"/>
<Node id="1435"/>rabbit<Node id="1441"/> compared to other readily available <Node id="1478"/>sealants<Node id="1486"/>.
<Node id="1488"/></TextWithNodes>
<!-- The default annotation set -->

<AnnotationSet>
</AnnotationSet>

<!-- Named annotation set -->

<AnnotationSet Name="SYSTEM">
<Annotation Id="448" Type="Tissue" StartNode="603" EndNode="611">
<Feature>
  <Name className="java.lang.String">original_lemma</Name>
  <Value className="java.lang.String">membrane</Value>
</Feature>
<Feature>
  <Name className="java.lang.String">SOURCE</Name>
  <Value className="java.lang.String">NCIT</Value>
</Feature>
<Feature>
  <Name className="java.lang.String">LABEL</Name>
  <Value className="java.lang.String">Tissue</Value>
</Feature>
<Feature>
  <Name className="java.lang.String">lemma</Name>
  <Value className="java.lang.String">membrane</Value>
</Feature>
<Feature>
  <Name className="java.lang.String">text</Name>
  <Value className="java.lang.String">membrane</Value>
</Feature>
<Feature>
  <Name className="java.lang.String">ID</Name>
  <Value className="java.lang.String">ncit.C12749</Value>
</Feature>
<Feature>
  <Name className="java.lang.String">PrefSynonym</Name>
  <Value className="java.lang.String">membrane</Value>
</Feature>
</Annotation>
<Annotation Id="449" Type="EffectOnBiologicalSystem" StartNode="683" EndNode="699">
<Feature>
  <Name className="java.lang.String">original_lemma</Name>
  <Value className="java.lang.String">biocompatibility</Value>
</Feature>
<Feature>
  <Name className="java.lang.String">SOURCE</Name>
  <Value className="java.lang.String">DEB_ONTOLOGY</Value>
</Feature>
<Feature>
  <Name className="java.lang.String">LABEL</Name>
  <Value className="java.lang.String">EffectOnBiologicalSystem</Value>
</Feature>
<Feature>
  <Name className="java.lang.String">lemma</Name>
  <Value className="java.lang.String">biocompatibility</Value>
</Feature>
<Feature>
  <Name className="java.lang.String">text</Name>
  <Value className="java.lang.String">biocompatibility</Value>
</Feature>
<Feature>
  <Name className="java.lang.String">ID</Name>
  <Value className="java.lang.String">DEB_ont.Biocompatibility</Value>
</Feature>
<Feature>
  <Name className="java.lang.String">PrefSynonym</Name>
  <Value className="java.lang.String">biocompatibility</Value>
</Feature>
</Annotation>
<Annotation Id="450" Type="AssociatedBiologicalProcess" StartNode="727" EndNode="736">
<Feature>
  <Name className="java.lang.String">original_lemma</Name>
  <Value className="java.lang.String">apoptosis</Value>
</Feature>
<Feature>
  <Name className="java.lang.String">SOURCE</Name>
  <Value className="java.lang.String">NCIT</Value>
</Feature>
<Feature>
  <Name className="java.lang.String">LABEL</Name>
  <Value className="java.lang.String">AssociatedBiologicalProcess</Value>
</Feature>
<Feature>
  <Name className="java.lang.String">lemma</Name>
  <Value className="java.lang.String">apoptosis</Value>
</Feature>
<Feature>
  <Name className="java.lang.String">text</Name>
  <Value className="java.lang.String">apoptosis</Value>
</Feature>
<Feature>
  <Name className="java.lang.String">ID</Name>
  <Value className="java.lang.String">ncit.C17557</Value>
</Feature>
<Feature>
  <Name className="java.lang.String">PrefSynonym</Name>
  <Value className="java.lang.String">apoptosis</Value>
</Feature>
</Annotation>
<Annotation Id="451" Type="MaterialProcessing" StartNode="742" EndNode="754">
<Feature>
  <Name className="java.lang.String">original_lemma</Name>
  <Value className="java.lang.String">infiltration</Value>
</Feature>
<Feature>
  <Name className="java.lang.String">SOURCE</Name>
  <Value className="java.lang.String">CHMO</Value>
</Feature>
<Feature>
  <Name className="java.lang.String">LABEL</Name>
  <Value className="java.lang.String">MaterialProcessing</Value>
</Feature>
<Feature>
  <Name className="java.lang.String">lemma</Name>
  <Value className="java.lang.String">infiltration</Value>
</Feature>
<Feature>
  <Name className="java.lang.String">text</Name>
  <Value className="java.lang.String">infiltration</Value>
</Feature>
<Feature>
  <Name className="java.lang.String">ID</Name>
  <Value className="java.lang.String">obo.CHMO_0001378</Value>
</Feature>
<Feature>
  <Name className="java.lang.String">PrefSynonym</Name>
  <Value className="java.lang.String">infiltration</Value>
</Feature>
</Annotation>
<Annotation Id="452" Type="Tissue" StartNode="789" EndNode="798">
<Feature>
  <Name className="java.lang.String">original_lemma</Name>
  <Value className="java.lang.String">membrane</Value>
</Feature>
<Feature>
  <Name className="java.lang.String">SOURCE</Name>
  <Value className="java.lang.String">NCIT</Value>
</Feature>
<Feature>
  <Name className="java.lang.String">LABEL</Name>
  <Value className="java.lang.String">Tissue</Value>
</Feature>
<Feature>
  <Name className="java.lang.String">lemma</Name>
  <Value className="java.lang.String">membrane</Value>
</Feature>
<Feature>
  <Name className="java.lang.String">text</Name>
  <Value className="java.lang.String">membranes</Value>
</Feature>
<Feature>
  <Name className="java.lang.String">ID</Name>
  <Value className="java.lang.String">ncit.C12749</Value>
</Feature>
<Feature>
  <Name className="java.lang.String">PrefSynonym</Name>
  <Value className="java.lang.String">membrane</Value>
</Feature>
</Annotation>
<Annotation Id="453" Type="Tissue" StartNode="833" EndNode="841">
<Feature>
  <Name className="java.lang.String">original_lemma</Name>
  <Value className="java.lang.String">membrane</Value>
</Feature>
<Feature>
  <Name className="java.lang.String">SOURCE</Name>
  <Value className="java.lang.String">NCIT</Value>
</Feature>
<Feature>
  <Name className="java.lang.String">LABEL</Name>
  <Value className="java.lang.String">Tissue</Value>
</Feature>
<Feature>
  <Name className="java.lang.String">lemma</Name>
  <Value className="java.lang.String">membrane</Value>
</Feature>
<Feature>
  <Name className="java.lang.String">text</Name>
  <Value className="java.lang.String">membrane</Value>
</Feature>
<Feature>
  <Name className="java.lang.String">ID</Name>
  <Value className="java.lang.String">ncit.C12749</Value>
</Feature>
<Feature>
  <Name className="java.lang.String">PrefSynonym</Name>
  <Value className="java.lang.String">membrane</Value>
</Feature>
</Annotation>
<Annotation Id="454" Type="BiologicallyActiveSubstance" StartNode="876" EndNode="884">
<Feature>
  <Name className="java.lang.String">original_lemma</Name>
  <Value className="java.lang.String">collagen</Value>
</Feature>
<Feature>
  <Name className="java.lang.String">SOURCE</Name>
  <Value className="java.lang.String">DEB_ONTOLOGY</Value>
</Feature>
<Feature>
  <Name className="java.lang.String">LABEL</Name>
  <Value className="java.lang.String">BiologicallyActiveSubstance</Value>
</Feature>
<Feature>
  <Name className="java.lang.String">lemma</Name>
  <Value className="java.lang.String">collagen</Value>
</Feature>
<Feature>
  <Name className="java.lang.String">text</Name>
  <Value className="java.lang.String">collagen</Value>
</Feature>
<Feature>
  <Name className="java.lang.String">ID</Name>
  <Value className="java.lang.String">DEB_ont.Collagen</Value>
</Feature>
<Feature>
  <Name className="java.lang.String">PrefSynonym</Name>
  <Value className="java.lang.String">collagen</Value>
</Feature>
</Annotation>
<Annotation Id="455" Type="EffectOnBiologicalSystem" StartNode="1080" EndNode="1093">
<Feature>
  <Name className="java.lang.String">original_lemma</Name>
  <Value className="java.lang.String">biocompatible</Value>
</Feature>
<Feature>
  <Name className="java.lang.String">SOURCE</Name>
  <Value className="java.lang.String">DEB_ONTOLOGY</Value>
</Feature>
<Feature>
  <Name className="java.lang.String">LABEL</Name>
  <Value className="java.lang.String">EffectOnBiologicalSystem</Value>
</Feature>
<Feature>
  <Name className="java.lang.String">lemma</Name>
  <Value className="java.lang.String">biocompatible</Value>
</Feature>
<Feature>
  <Name className="java.lang.String">text</Name>
  <Value className="java.lang.String">biocompatible</Value>
</Feature>
<Feature>
  <Name className="java.lang.String">ID</Name>
  <Value className="java.lang.String">deb_ont.biocompatible</Value>
</Feature>
<Feature>
  <Name className="java.lang.String">PrefSynonym</Name>
  <Value className="java.lang.String">biocompatibility</Value>
</Feature>
</Annotation>
<Annotation Id="456" Type="BiologicallyActiveSubstance" StartNode="1206" EndNode="1214">
<Feature>
  <Name className="java.lang.String">original_lemma</Name>
  <Value className="java.lang.String">collagen</Value>
</Feature>
<Feature>
  <Name className="java.lang.String">SOURCE</Name>
  <Value className="java.lang.String">DEB_ONTOLOGY</Value>
</Feature>
<Feature>
  <Name className="java.lang.String">LABEL</Name>
  <Value className="java.lang.String">BiologicallyActiveSubstance</Value>
</Feature>
<Feature>
  <Name className="java.lang.String">lemma</Name>
  <Value className="java.lang.String">collagen</Value>
</Feature>
<Feature>
  <Name className="java.lang.String">text</Name>
  <Value className="java.lang.String">collagen</Value>
</Feature>
<Feature>
  <Name className="java.lang.String">ID</Name>
  <Value className="java.lang.String">DEB_ont.Collagen</Value>
</Feature>
<Feature>
  <Name className="java.lang.String">PrefSynonym</Name>
  <Value className="java.lang.String">collagen</Value>
</Feature>
</Annotation>
<Annotation Id="457" Type="AssociatedBiologicalProcess" StartNode="1285" EndNode="1303">
<Feature>
  <Name className="java.lang.String">original_lemma</Name>
  <Value className="java.lang.String">cell proliferation</Value>
</Feature>
<Feature>
  <Name className="java.lang.String">SOURCE</Name>
  <Value className="java.lang.String">DEB_ONTOLOGY</Value>
</Feature>
<Feature>
  <Name className="java.lang.String">LABEL</Name>
  <Value className="java.lang.String">AssociatedBiologicalProcess</Value>
</Feature>
<Feature>
  <Name className="java.lang.String">lemma</Name>
  <Value className="java.lang.String">cell proliferation</Value>
</Feature>
<Feature>
  <Name className="java.lang.String">text</Name>
  <Value className="java.lang.String">cell proliferation</Value>
</Feature>
<Feature>
  <Name className="java.lang.String">ID</Name>
  <Value className="java.lang.String">DEB_ont.CellProliferation</Value>
</Feature>
<Feature>
  <Name className="java.lang.String">PrefSynonym</Name>
  <Value className="java.lang.String">cell proliferation</Value>
</Feature>
</Annotation>
<Annotation Id="458" Type="EffectOnBiologicalSystem" StartNode="1342" EndNode="1358">
<Feature>
  <Name className="java.lang.String">original_lemma</Name>
  <Value className="java.lang.String">biocompatibility</Value>
</Feature>
<Feature>
  <Name className="java.lang.String">SOURCE</Name>
  <Value className="java.lang.String">DEB_ONTOLOGY</Value>
</Feature>
<Feature>
  <Name className="java.lang.String">LABEL</Name>
  <Value className="java.lang.String">EffectOnBiologicalSystem</Value>
</Feature>
<Feature>
  <Name className="java.lang.String">lemma</Name>
  <Value className="java.lang.String">biocompatibility</Value>
</Feature>
<Feature>
  <Name className="java.lang.String">text</Name>
  <Value className="java.lang.String">biocompatibility</Value>
</Feature>
<Feature>
  <Name className="java.lang.String">ID</Name>
  <Value className="java.lang.String">DEB_ont.Biocompatibility</Value>
</Feature>
<Feature>
  <Name className="java.lang.String">PrefSynonym</Name>
  <Value className="java.lang.String">biocompatibility</Value>
</Feature>
</Annotation>
<Annotation Id="459" Type="Tissue" StartNode="1403" EndNode="1411">
<Feature>
  <Name className="java.lang.String">original_lemma</Name>
  <Value className="java.lang.String">membrane</Value>
</Feature>
<Feature>
  <Name className="java.lang.String">SOURCE</Name>
  <Value className="java.lang.String">NCIT</Value>
</Feature>
<Feature>
  <Name className="java.lang.String">LABEL</Name>
  <Value className="java.lang.String">Tissue</Value>
</Feature>
<Feature>
  <Name className="java.lang.String">lemma</Name>
  <Value className="java.lang.String">membrane</Value>
</Feature>
<Feature>
  <Name className="java.lang.String">text</Name>
  <Value className="java.lang.String">membrane</Value>
</Feature>
<Feature>
  <Name className="java.lang.String">ID</Name>
  <Value className="java.lang.String">ncit.C12749</Value>
</Feature>
<Feature>
  <Name className="java.lang.String">PrefSynonym</Name>
  <Value className="java.lang.String">membrane</Value>
</Feature>
</Annotation>
<Annotation Id="460" Type="Species" StartNode="1435" EndNode="1441">
<Feature>
  <Name className="java.lang.String">original_lemma</Name>
  <Value className="java.lang.String">rabbit</Value>
</Feature>
<Feature>
  <Name className="java.lang.String">SOURCE</Name>
  <Value className="java.lang.String">NCIT</Value>
</Feature>
<Feature>
  <Name className="java.lang.String">LABEL</Name>
  <Value className="java.lang.String">Species</Value>
</Feature>
<Feature>
  <Name className="java.lang.String">lemma</Name>
  <Value className="java.lang.String">rabbit</Value>
</Feature>
<Feature>
  <Name className="java.lang.String">text</Name>
  <Value className="java.lang.String">rabbit</Value>
</Feature>
<Feature>
  <Name className="java.lang.String">ID</Name>
  <Value className="java.lang.String">ncit.C14264</Value>
</Feature>
<Feature>
  <Name className="java.lang.String">PrefSynonym</Name>
  <Value className="java.lang.String">rabbit</Value>
</Feature>
</Annotation>
<Annotation Id="461" Type="Cell" StartNode="758" EndNode="781">
<Feature>
  <Name className="java.lang.String">rule</Name>
  <Value className="java.lang.String">cell_rule</Value>
</Feature>
</Annotation>
<Annotation Id="462" Type="Cell" StartNode="1277" EndNode="1289">
<Feature>
  <Name className="java.lang.String">rule</Name>
  <Value className="java.lang.String">cell_rule</Value>
</Feature>
</Annotation>
<Annotation Id="434" Type="ManufacturedObject" StartNode="356" EndNode="363">
<Feature>
  <Name className="java.lang.String">UMLS_SOURCE_CODE</Name>
  <Value className="java.lang.String">D000072601</Value>
</Feature>
<Feature>
  <Name className="java.lang.String">UMLS_SEM_TYPE_STR</Name>
  <Value className="java.lang.String">Medical Device</Value>
</Feature>
<Feature>
  <Name className="java.lang.String">UMLS_CUI</Name>
  <Value className="java.lang.String">C0520453</Value>
</Feature>
<Feature>
  <Name className="java.lang.String">original_lemma</Name>
  <Value className="java.lang.String">cannula</Value>
</Feature>
<Feature>
  <Name className="java.lang.String">UMLS_SOURCE</Name>
  <Value className="java.lang.String">MSH</Value>
</Feature>
<Feature>
  <Name className="java.lang.String">SOURCE</Name>
  <Value className="java.lang.String">UMLS</Value>
</Feature>
<Feature>
  <Name className="java.lang.String">LABEL</Name>
  <Value className="java.lang.String">ManufacturedObject</Value>
</Feature>
<Feature>
  <Name className="java.lang.String">lemma</Name>
  <Value className="java.lang.String">cannula</Value>
</Feature>
<Feature>
  <Name className="java.lang.String">text</Name>
  <Value className="java.lang.String">cannula</Value>
</Feature>
<Feature>
  <Name className="java.lang.String">PrefSynonym</Name>
  <Value className="java.lang.String">cannula</Value>
</Feature>
<Feature>
  <Name className="java.lang.String">UMLS_SEM_TYPE</Name>
  <Value className="java.lang.String">T074</Value>
</Feature>
</Annotation>
<Annotation Id="435" Type="BiologicallyActiveSubstance" StartNode="451" EndNode="461">
<Feature>
  <Name className="java.lang.String">UMLS_SOURCE_CODE</Name>
  <Value className="java.lang.String">D005340</Value>
</Feature>
<Feature>
  <Name className="java.lang.String">UMLS_SEM_TYPE_STR</Name>
  <Value className="java.lang.String">Amino Acid, Peptide, or Protein</Value>
</Feature>
<Feature>
  <Name className="java.lang.String">UMLS_CUI</Name>
  <Value className="java.lang.String">C0016006</Value>
</Feature>
<Feature>
  <Name className="java.lang.String">original_lemma</Name>
  <Value className="java.lang.String">fibrinogen</Value>
</Feature>
<Feature>
  <Name className="java.lang.String">UMLS_SOURCE</Name>
  <Value className="java.lang.String">MSH</Value>
</Feature>
<Feature>
  <Name className="java.lang.String">SOURCE</Name>
  <Value className="java.lang.String">UMLS</Value>
</Feature>
<Feature>
  <Name className="java.lang.String">LABEL</Name>
  <Value className="java.lang.String">BiologicallyActiveSubstance</Value>
</Feature>
<Feature>
  <Name className="java.lang.String">lemma</Name>
  <Value className="java.lang.String">fibrinogen</Value>
</Feature>
<Feature>
  <Name className="java.lang.String">text</Name>
  <Value className="java.lang.String">fibrinogen</Value>
</Feature>
<Feature>
  <Name className="java.lang.String">PrefSynonym</Name>
  <Value className="java.lang.String">fibrinogen</Value>
</Feature>
<Feature>
  <Name className="java.lang.String">UMLS_SEM_TYPE</Name>
  <Value className="java.lang.String">T116</Value>
</Feature>
</Annotation>
<Annotation Id="436" Type="BiologicallyActiveSubstance" StartNode="890" EndNode="900">
<Feature>
  <Name className="java.lang.String">UMLS_SOURCE_CODE</Name>
  <Value className="java.lang.String">D005340</Value>
</Feature>
<Feature>
  <Name className="java.lang.String">UMLS_SEM_TYPE_STR</Name>
  <Value className="java.lang.String">Amino Acid, Peptide, or Protein</Value>
</Feature>
<Feature>
  <Name className="java.lang.String">UMLS_CUI</Name>
  <Value className="java.lang.String">C0016006</Value>
</Feature>
<Feature>
  <Name className="java.lang.String">original_lemma</Name>
  <Value className="java.lang.String">fibrinogen</Value>
</Feature>
<Feature>
  <Name className="java.lang.String">UMLS_SOURCE</Name>
  <Value className="java.lang.String">MSH</Value>
</Feature>
<Feature>
  <Name className="java.lang.String">SOURCE</Name>
  <Value className="java.lang.String">UMLS</Value>
</Feature>
<Feature>
  <Name className="java.lang.String">LABEL</Name>
  <Value className="java.lang.String">BiologicallyActiveSubstance</Value>
</Feature>
<Feature>
  <Name className="java.lang.String">lemma</Name>
  <Value className="java.lang.String">fibrinogen</Value>
</Feature>
<Feature>
  <Name className="java.lang.String">text</Name>
  <Value className="java.lang.String">fibrinogen</Value>
</Feature>
<Feature>
  <Name className="java.lang.String">PrefSynonym</Name>
  <Value className="java.lang.String">fibrinogen</Value>
</Feature>
<Feature>
  <Name className="java.lang.String">UMLS_SEM_TYPE</Name>
  <Value className="java.lang.String">T116</Value>
</Feature>
</Annotation>
<Annotation Id="437" Type="EffectOnBiologicalSystem" StartNode="24" EndNode="37">
<Feature>
  <Name className="java.lang.String">original_lemma</Name>
  <Value className="java.lang.String">biocompatible</Value>
</Feature>
<Feature>
  <Name className="java.lang.String">SOURCE</Name>
  <Value className="java.lang.String">DEB_ONTOLOGY</Value>
</Feature>
<Feature>
  <Name className="java.lang.String">LABEL</Name>
  <Value className="java.lang.String">EffectOnBiologicalSystem</Value>
</Feature>
<Feature>
  <Name className="java.lang.String">lemma</Name>
  <Value className="java.lang.String">biocompatible</Value>
</Feature>
<Feature>
  <Name className="java.lang.String">text</Name>
  <Value className="java.lang.String">biocompatible</Value>
</Feature>
<Feature>
  <Name className="java.lang.String">ID</Name>
  <Value className="java.lang.String">deb_ont.biocompatible</Value>
</Feature>
<Feature>
  <Name className="java.lang.String">PrefSynonym</Name>
  <Value className="java.lang.String">biocompatibility</Value>
</Feature>
</Annotation>
<Annotation Id="438" Type="Tissue" StartNode="59" EndNode="67">
<Feature>
  <Name className="java.lang.String">original_lemma</Name>
  <Value className="java.lang.String">membrane</Value>
</Feature>
<Feature>
  <Name className="java.lang.String">SOURCE</Name>
  <Value className="java.lang.String">NCIT</Value>
</Feature>
<Feature>
  <Name className="java.lang.String">LABEL</Name>
  <Value className="java.lang.String">Tissue</Value>
</Feature>
<Feature>
  <Name className="java.lang.String">lemma</Name>
  <Value className="java.lang.String">membrane</Value>
</Feature>
<Feature>
  <Name className="java.lang.String">text</Name>
  <Value className="java.lang.String">membrane</Value>
</Feature>
<Feature>
  <Name className="java.lang.String">ID</Name>
  <Value className="java.lang.String">ncit.C12749</Value>
</Feature>
<Feature>
  <Name className="java.lang.String">PrefSynonym</Name>
  <Value className="java.lang.String">membrane</Value>
</Feature>
</Annotation>
<Annotation Id="439" Type="Species" StartNode="81" EndNode="87">
<Feature>
  <Name className="java.lang.String">original_lemma</Name>
  <Value className="java.lang.String">rabbit</Value>
</Feature>
<Feature>
  <Name className="java.lang.String">SOURCE</Name>
  <Value className="java.lang.String">NCIT</Value>
</Feature>
<Feature>
  <Name className="java.lang.String">LABEL</Name>
  <Value className="java.lang.String">Species</Value>
</Feature>
<Feature>
  <Name className="java.lang.String">lemma</Name>
  <Value className="java.lang.String">rabbit</Value>
</Feature>
<Feature>
  <Name className="java.lang.String">text</Name>
  <Value className="java.lang.String">rabbit</Value>
</Feature>
<Feature>
  <Name className="java.lang.String">ID</Name>
  <Value className="java.lang.String">ncit.C14264</Value>
</Feature>
<Feature>
  <Name className="java.lang.String">PrefSynonym</Name>
  <Value className="java.lang.String">rabbit</Value>
</Feature>
</Annotation>
<Annotation Id="440" Type="EffectOnBiologicalSystem" StartNode="155" EndNode="171">
<Feature>
  <Name className="java.lang.String">original_lemma</Name>
  <Value className="java.lang.String">biocompatibility</Value>
</Feature>
<Feature>
  <Name className="java.lang.String">SOURCE</Name>
  <Value className="java.lang.String">DEB_ONTOLOGY</Value>
</Feature>
<Feature>
  <Name className="java.lang.String">LABEL</Name>
  <Value className="java.lang.String">EffectOnBiologicalSystem</Value>
</Feature>
<Feature>
  <Name className="java.lang.String">lemma</Name>
  <Value className="java.lang.String">biocompatibility</Value>
</Feature>
<Feature>
  <Name className="java.lang.String">text</Name>
  <Value className="java.lang.String">biocompatibility</Value>
</Feature>
<Feature>
  <Name className="java.lang.String">ID</Name>
  <Value className="java.lang.String">DEB_ont.Biocompatibility</Value>
</Feature>
<Feature>
  <Name className="java.lang.String">PrefSynonym</Name>
  <Value className="java.lang.String">biocompatibility</Value>
</Feature>
</Annotation>
<Annotation Id="441" Type="Tissue" StartNode="213" EndNode="221">
<Feature>
  <Name className="java.lang.String">original_lemma</Name>
  <Value className="java.lang.String">membrane</Value>
</Feature>
<Feature>
  <Name className="java.lang.String">SOURCE</Name>
  <Value className="java.lang.String">NCIT</Value>
</Feature>
<Feature>
  <Name className="java.lang.String">LABEL</Name>
  <Value className="java.lang.String">Tissue</Value>
</Feature>
<Feature>
  <Name className="java.lang.String">lemma</Name>
  <Value className="java.lang.String">membrane</Value>
</Feature>
<Feature>
  <Name className="java.lang.String">text</Name>
  <Value className="java.lang.String">membrane</Value>
</Feature>
<Feature>
  <Name className="java.lang.String">ID</Name>
  <Value className="java.lang.String">ncit.C12749</Value>
</Feature>
<Feature>
  <Name className="java.lang.String">PrefSynonym</Name>
  <Value className="java.lang.String">membrane</Value>
</Feature>
</Annotation>
<Annotation Id="442" Type="Species" StartNode="244" EndNode="250">
<Feature>
  <Name className="java.lang.String">original_lemma</Name>
  <Value className="java.lang.String">rabbit</Value>
</Feature>
<Feature>
  <Name className="java.lang.String">SOURCE</Name>
  <Value className="java.lang.String">NCIT</Value>
</Feature>
<Feature>
  <Name className="java.lang.String">LABEL</Name>
  <Value className="java.lang.String">Species</Value>
</Feature>
<Feature>
  <Name className="java.lang.String">lemma</Name>
  <Value className="java.lang.String">rabbit</Value>
</Feature>
<Feature>
  <Name className="java.lang.String">text</Name>
  <Value className="java.lang.String">rabbit</Value>
</Feature>
<Feature>
  <Name className="java.lang.String">ID</Name>
  <Value className="java.lang.String">ncit.C14264</Value>
</Feature>
<Feature>
  <Name className="java.lang.String">PrefSynonym</Name>
  <Value className="java.lang.String">rabbit</Value>
</Feature>
</Annotation>
<Annotation Id="443" Type="Tissue" StartNode="385" EndNode="393">
<Feature>
  <Name className="java.lang.String">original_lemma</Name>
  <Value className="java.lang.String">membrane</Value>
</Feature>
<Feature>
  <Name className="java.lang.String">SOURCE</Name>
  <Value className="java.lang.String">NCIT</Value>
</Feature>
<Feature>
  <Name className="java.lang.String">LABEL</Name>
  <Value className="java.lang.String">Tissue</Value>
</Feature>
<Feature>
  <Name className="java.lang.String">lemma</Name>
  <Value className="java.lang.String">membrane</Value>
</Feature>
<Feature>
  <Name className="java.lang.String">text</Name>
  <Value className="java.lang.String">membrane</Value>
</Feature>
<Feature>
  <Name className="java.lang.String">ID</Name>
  <Value className="java.lang.String">ncit.C12749</Value>
</Feature>
<Feature>
  <Name className="java.lang.String">PrefSynonym</Name>
  <Value className="java.lang.String">membrane</Value>
</Feature>
</Annotation>
<Annotation Id="444" Type="BiologicallyActiveSubstance" StartNode="427" EndNode="435">
<Feature>
  <Name className="java.lang.String">original_lemma</Name>
  <Value className="java.lang.String">collagen</Value>
</Feature>
<Feature>
  <Name className="java.lang.String">SOURCE</Name>
  <Value className="java.lang.String">DEB_ONTOLOGY</Value>
</Feature>
<Feature>
  <Name className="java.lang.String">LABEL</Name>
  <Value className="java.lang.String">BiologicallyActiveSubstance</Value>
</Feature>
<Feature>
  <Name className="java.lang.String">lemma</Name>
  <Value className="java.lang.String">collagen</Value>
</Feature>
<Feature>
  <Name className="java.lang.String">text</Name>
  <Value className="java.lang.String">collagen</Value>
</Feature>
<Feature>
  <Name className="java.lang.String">ID</Name>
  <Value className="java.lang.String">DEB_ont.Collagen</Value>
</Feature>
<Feature>
  <Name className="java.lang.String">PrefSynonym</Name>
  <Value className="java.lang.String">collagen</Value>
</Feature>
</Annotation>
<Annotation Id="445" Type="BiologicallyActiveSubstance" StartNode="437" EndNode="445">
<Feature>
  <Name className="java.lang.String">original_lemma</Name>
  <Value className="java.lang.String">collagen</Value>
</Feature>
<Feature>
  <Name className="java.lang.String">SOURCE</Name>
  <Value className="java.lang.String">DEB_ONTOLOGY</Value>
</Feature>
<Feature>
  <Name className="java.lang.String">LABEL</Name>
  <Value className="java.lang.String">BiologicallyActiveSubstance</Value>
</Feature>
<Feature>
  <Name className="java.lang.String">lemma</Name>
  <Value className="java.lang.String">collagen</Value>
</Feature>
<Feature>
  <Name className="java.lang.String">text</Name>
  <Value className="java.lang.String">collagen</Value>
</Feature>
<Feature>
  <Name className="java.lang.String">ID</Name>
  <Value className="java.lang.String">DEB_ont.Collagen</Value>
</Feature>
<Feature>
  <Name className="java.lang.String">PrefSynonym</Name>
  <Value className="java.lang.String">collagen</Value>
</Feature>
</Annotation>
<Annotation Id="446" Type="BiologicallyActiveSubstance" StartNode="504" EndNode="512">
<Feature>
  <Name className="java.lang.String">original_lemma</Name>
  <Value className="java.lang.String">collagen</Value>
</Feature>
<Feature>
  <Name className="java.lang.String">SOURCE</Name>
  <Value className="java.lang.String">DEB_ONTOLOGY</Value>
</Feature>
<Feature>
  <Name className="java.lang.String">LABEL</Name>
  <Value className="java.lang.String">BiologicallyActiveSubstance</Value>
</Feature>
<Feature>
  <Name className="java.lang.String">lemma</Name>
  <Value className="java.lang.String">collagen</Value>
</Feature>
<Feature>
  <Name className="java.lang.String">text</Name>
  <Value className="java.lang.String">collagen</Value>
</Feature>
<Feature>
  <Name className="java.lang.String">ID</Name>
  <Value className="java.lang.String">DEB_ont.Collagen</Value>
</Feature>
<Feature>
  <Name className="java.lang.String">PrefSynonym</Name>
  <Value className="java.lang.String">collagen</Value>
</Feature>
</Annotation>
<Annotation Id="447" Type="ManufacturedObjectFeatures" StartNode="587" EndNode="596">
<Feature>
  <Name className="java.lang.String">original_lemma</Name>
  <Value className="java.lang.String">thickness</Value>
</Feature>
<Feature>
  <Name className="java.lang.String">SOURCE</Name>
  <Value className="java.lang.String">DEB_ONTOLOGY</Value>
</Feature>
<Feature>
  <Name className="java.lang.String">LABEL</Name>
  <Value className="java.lang.String">ManufacturedObjectFeatures</Value>
</Feature>
<Feature>
  <Name className="java.lang.String">lemma</Name>
  <Value className="java.lang.String">thickness</Value>
</Feature>
<Feature>
  <Name className="java.lang.String">text</Name>
  <Value className="java.lang.String">thickness</Value>
</Feature>
<Feature>
  <Name className="java.lang.String">ID</Name>
  <Value className="java.lang.String">DEB_ont.Thickness</Value>
</Feature>
<Feature>
  <Name className="java.lang.String">PrefSynonym</Name>
  <Value className="java.lang.String">thickness</Value>
</Feature>
</Annotation>
</AnnotationSet>

<!-- Named annotation set -->

<AnnotationSet Name="VALIDATOR">
<Annotation Id="512" Type="ManufacturedObject" StartNode="915" EndNode="923">
</Annotation>
<Annotation Id="513" Type="AdverseEffects" StartNode="955" EndNode="970">
</Annotation>
<Annotation Id="514" Type="ManufacturedObject" StartNode="1064" EndNode="1075">
</Annotation>
<Annotation Id="515" Type="Biomaterial" StartNode="1206" EndNode="1214">
</Annotation>
<Annotation Id="516" Type="ManufacturedObject" StartNode="1216" EndNode="1227">
</Annotation>
<Annotation Id="517" Type="ManufacturedObject" StartNode="1317" EndNode="1328">
</Annotation>
<Annotation Id="518" Type="MedicalApplication" StartNode="1386" EndNode="1418">
</Annotation>
<Annotation Id="519" Type="MedicalApplication" StartNode="1426" EndNode="1434">
</Annotation>
<Annotation Id="520" Type="ManufacturedObject" StartNode="1478" EndNode="1486">
</Annotation>
<Annotation Id="463" Type="ManufacturedObject" StartNode="356" EndNode="363">
<Feature>
  <Name className="java.lang.String">UMLS_SOURCE_CODE</Name>
  <Value className="java.lang.String">D000072601</Value>
</Feature>
<Feature>
  <Name className="java.lang.String">UMLS_SEM_TYPE_STR</Name>
  <Value className="java.lang.String">Medical Device</Value>
</Feature>
<Feature>
  <Name className="java.lang.String">UMLS_CUI</Name>
  <Value className="java.lang.String">C0520453</Value>
</Feature>
<Feature>
  <Name className="java.lang.String">original_lemma</Name>
  <Value className="java.lang.String">cannula</Value>
</Feature>
<Feature>
  <Name className="java.lang.String">UMLS_SOURCE</Name>
  <Value className="java.lang.String">MSH</Value>
</Feature>
<Feature>
  <Name className="java.lang.String">SOURCE</Name>
  <Value className="java.lang.String">UMLS</Value>
</Feature>
<Feature>
  <Name className="java.lang.String">LABEL</Name>
  <Value className="java.lang.String">ManufacturedObject</Value>
</Feature>
<Feature>
  <Name className="java.lang.String">lemma</Name>
  <Value className="java.lang.String">cannula</Value>
</Feature>
<Feature>
  <Name className="java.lang.String">text</Name>
  <Value className="java.lang.String">cannula</Value>
</Feature>
<Feature>
  <Name className="java.lang.String">PrefSynonym</Name>
  <Value className="java.lang.String">cannula</Value>
</Feature>
<Feature>
  <Name className="java.lang.String">UMLS_SEM_TYPE</Name>
  <Value className="java.lang.String">T074</Value>
</Feature>
</Annotation>
<Annotation Id="464" Type="BiologicallyActiveSubstance" StartNode="451" EndNode="461">
<Feature>
  <Name className="java.lang.String">UMLS_SOURCE_CODE</Name>
  <Value className="java.lang.String">D005340</Value>
</Feature>
<Feature>
  <Name className="java.lang.String">UMLS_SEM_TYPE_STR</Name>
  <Value className="java.lang.String">Amino Acid, Peptide, or Protein</Value>
</Feature>
<Feature>
  <Name className="java.lang.String">UMLS_CUI</Name>
  <Value className="java.lang.String">C0016006</Value>
</Feature>
<Feature>
  <Name className="java.lang.String">original_lemma</Name>
  <Value className="java.lang.String">fibrinogen</Value>
</Feature>
<Feature>
  <Name className="java.lang.String">UMLS_SOURCE</Name>
  <Value className="java.lang.String">MSH</Value>
</Feature>
<Feature>
  <Name className="java.lang.String">SOURCE</Name>
  <Value className="java.lang.String">UMLS</Value>
</Feature>
<Feature>
  <Name className="java.lang.String">LABEL</Name>
  <Value className="java.lang.String">BiologicallyActiveSubstance</Value>
</Feature>
<Feature>
  <Name className="java.lang.String">lemma</Name>
  <Value className="java.lang.String">fibrinogen</Value>
</Feature>
<Feature>
  <Name className="java.lang.String">text</Name>
  <Value className="java.lang.String">fibrinogen</Value>
</Feature>
<Feature>
  <Name className="java.lang.String">PrefSynonym</Name>
  <Value className="java.lang.String">fibrinogen</Value>
</Feature>
<Feature>
  <Name className="java.lang.String">UMLS_SEM_TYPE</Name>
  <Value className="java.lang.String">T116</Value>
</Feature>
</Annotation>
<Annotation Id="465" Type="BiologicallyActiveSubstance" StartNode="890" EndNode="900">
<Feature>
  <Name className="java.lang.String">UMLS_SOURCE_CODE</Name>
  <Value className="java.lang.String">D005340</Value>
</Feature>
<Feature>
  <Name className="java.lang.String">UMLS_SEM_TYPE_STR</Name>
  <Value className="java.lang.String">Amino Acid, Peptide, or Protein</Value>
</Feature>
<Feature>
  <Name className="java.lang.String">UMLS_CUI</Name>
  <Value className="java.lang.String">C0016006</Value>
</Feature>
<Feature>
  <Name className="java.lang.String">original_lemma</Name>
  <Value className="java.lang.String">fibrinogen</Value>
</Feature>
<Feature>
  <Name className="java.lang.String">UMLS_SOURCE</Name>
  <Value className="java.lang.String">MSH</Value>
</Feature>
<Feature>
  <Name className="java.lang.String">SOURCE</Name>
  <Value className="java.lang.String">UMLS</Value>
</Feature>
<Feature>
  <Name className="java.lang.String">LABEL</Name>
  <Value className="java.lang.String">BiologicallyActiveSubstance</Value>
</Feature>
<Feature>
  <Name className="java.lang.String">lemma</Name>
  <Value className="java.lang.String">fibrinogen</Value>
</Feature>
<Feature>
  <Name className="java.lang.String">text</Name>
  <Value className="java.lang.String">fibrinogen</Value>
</Feature>
<Feature>
  <Name className="java.lang.String">PrefSynonym</Name>
  <Value className="java.lang.String">fibrinogen</Value>
</Feature>
<Feature>
  <Name className="java.lang.String">UMLS_SEM_TYPE</Name>
  <Value className="java.lang.String">T116</Value>
</Feature>
</Annotation>
<Annotation Id="466" Type="EffectOnBiologicalSystem" StartNode="24" EndNode="37">
<Feature>
  <Name className="java.lang.String">original_lemma</Name>
  <Value className="java.lang.String">biocompatible</Value>
</Feature>
<Feature>
  <Name className="java.lang.String">SOURCE</Name>
  <Value className="java.lang.String">DEB_ONTOLOGY</Value>
</Feature>
<Feature>
  <Name className="java.lang.String">LABEL</Name>
  <Value className="java.lang.String">EffectOnBiologicalSystem</Value>
</Feature>
<Feature>
  <Name className="java.lang.String">lemma</Name>
  <Value className="java.lang.String">biocompatible</Value>
</Feature>
<Feature>
  <Name className="java.lang.String">text</Name>
  <Value className="java.lang.String">biocompatible</Value>
</Feature>
<Feature>
  <Name className="java.lang.String">ID</Name>
  <Value className="java.lang.String">deb_ont.biocompatible</Value>
</Feature>
<Feature>
  <Name className="java.lang.String">PrefSynonym</Name>
  <Value className="java.lang.String">biocompatibility</Value>
</Feature>
</Annotation>
<Annotation Id="467" Type="Species" StartNode="81" EndNode="87">
<Feature>
  <Name className="java.lang.String">original_lemma</Name>
  <Value className="java.lang.String">rabbit</Value>
</Feature>
<Feature>
  <Name className="java.lang.String">SOURCE</Name>
  <Value className="java.lang.String">NCIT</Value>
</Feature>
<Feature>
  <Name className="java.lang.String">LABEL</Name>
  <Value className="java.lang.String">Species</Value>
</Feature>
<Feature>
  <Name className="java.lang.String">lemma</Name>
  <Value className="java.lang.String">rabbit</Value>
</Feature>
<Feature>
  <Name className="java.lang.String">text</Name>
  <Value className="java.lang.String">rabbit</Value>
</Feature>
<Feature>
  <Name className="java.lang.String">ID</Name>
  <Value className="java.lang.String">ncit.C14264</Value>
</Feature>
<Feature>
  <Name className="java.lang.String">PrefSynonym</Name>
  <Value className="java.lang.String">rabbit</Value>
</Feature>
</Annotation>
<Annotation Id="468" Type="EffectOnBiologicalSystem" StartNode="155" EndNode="171">
<Feature>
  <Name className="java.lang.String">original_lemma</Name>
  <Value className="java.lang.String">biocompatibility</Value>
</Feature>
<Feature>
  <Name className="java.lang.String">SOURCE</Name>
  <Value className="java.lang.String">DEB_ONTOLOGY</Value>
</Feature>
<Feature>
  <Name className="java.lang.String">LABEL</Name>
  <Value className="java.lang.String">EffectOnBiologicalSystem</Value>
</Feature>
<Feature>
  <Name className="java.lang.String">lemma</Name>
  <Value className="java.lang.String">biocompatibility</Value>
</Feature>
<Feature>
  <Name className="java.lang.String">text</Name>
  <Value className="java.lang.String">biocompatibility</Value>
</Feature>
<Feature>
  <Name className="java.lang.String">ID</Name>
  <Value className="java.lang.String">DEB_ont.Biocompatibility</Value>
</Feature>
<Feature>
  <Name className="java.lang.String">PrefSynonym</Name>
  <Value className="java.lang.String">biocompatibility</Value>
</Feature>
</Annotation>
<Annotation Id="469" Type="Species" StartNode="244" EndNode="250">
<Feature>
  <Name className="java.lang.String">original_lemma</Name>
  <Value className="java.lang.String">rabbit</Value>
</Feature>
<Feature>
  <Name className="java.lang.String">SOURCE</Name>
  <Value className="java.lang.String">NCIT</Value>
</Feature>
<Feature>
  <Name className="java.lang.String">LABEL</Name>
  <Value className="java.lang.String">Species</Value>
</Feature>
<Feature>
  <Name className="java.lang.String">lemma</Name>
  <Value className="java.lang.String">rabbit</Value>
</Feature>
<Feature>
  <Name className="java.lang.String">text</Name>
  <Value className="java.lang.String">rabbit</Value>
</Feature>
<Feature>
  <Name className="java.lang.String">ID</Name>
  <Value className="java.lang.String">ncit.C14264</Value>
</Feature>
<Feature>
  <Name className="java.lang.String">PrefSynonym</Name>
  <Value className="java.lang.String">rabbit</Value>
</Feature>
</Annotation>
<Annotation Id="470" Type="Tissue" StartNode="385" EndNode="393">
<Feature>
  <Name className="java.lang.String">original_lemma</Name>
  <Value className="java.lang.String">membrane</Value>
</Feature>
<Feature>
  <Name className="java.lang.String">SOURCE</Name>
  <Value className="java.lang.String">NCIT</Value>
</Feature>
<Feature>
  <Name className="java.lang.String">LABEL</Name>
  <Value className="java.lang.String">Tissue</Value>
</Feature>
<Feature>
  <Name className="java.lang.String">lemma</Name>
  <Value className="java.lang.String">membrane</Value>
</Feature>
<Feature>
  <Name className="java.lang.String">text</Name>
  <Value className="java.lang.String">membrane</Value>
</Feature>
<Feature>
  <Name className="java.lang.String">ID</Name>
  <Value className="java.lang.String">ncit.C12749</Value>
</Feature>
<Feature>
  <Name className="java.lang.String">PrefSynonym</Name>
  <Value className="java.lang.String">membrane</Value>
</Feature>
</Annotation>
<Annotation Id="471" Type="BiologicallyActiveSubstance" StartNode="427" EndNode="435">
<Feature>
  <Name className="java.lang.String">original_lemma</Name>
  <Value className="java.lang.String">collagen</Value>
</Feature>
<Feature>
  <Name className="java.lang.String">SOURCE</Name>
  <Value className="java.lang.String">DEB_ONTOLOGY</Value>
</Feature>
<Feature>
  <Name className="java.lang.String">LABEL</Name>
  <Value className="java.lang.String">BiologicallyActiveSubstance</Value>
</Feature>
<Feature>
  <Name className="java.lang.String">lemma</Name>
  <Value className="java.lang.String">collagen</Value>
</Feature>
<Feature>
  <Name className="java.lang.String">text</Name>
  <Value className="java.lang.String">collagen</Value>
</Feature>
<Feature>
  <Name className="java.lang.String">ID</Name>
  <Value className="java.lang.String">DEB_ont.Collagen</Value>
</Feature>
<Feature>
  <Name className="java.lang.String">PrefSynonym</Name>
  <Value className="java.lang.String">collagen</Value>
</Feature>
</Annotation>
<Annotation Id="472" Type="BiologicallyActiveSubstance" StartNode="437" EndNode="445">
<Feature>
  <Name className="java.lang.String">original_lemma</Name>
  <Value className="java.lang.String">collagen</Value>
</Feature>
<Feature>
  <Name className="java.lang.String">SOURCE</Name>
  <Value className="java.lang.String">DEB_ONTOLOGY</Value>
</Feature>
<Feature>
  <Name className="java.lang.String">LABEL</Name>
  <Value className="java.lang.String">BiologicallyActiveSubstance</Value>
</Feature>
<Feature>
  <Name className="java.lang.String">lemma</Name>
  <Value className="java.lang.String">collagen</Value>
</Feature>
<Feature>
  <Name className="java.lang.String">text</Name>
  <Value className="java.lang.String">collagen</Value>
</Feature>
<Feature>
  <Name className="java.lang.String">ID</Name>
  <Value className="java.lang.String">DEB_ont.Collagen</Value>
</Feature>
<Feature>
  <Name className="java.lang.String">PrefSynonym</Name>
  <Value className="java.lang.String">collagen</Value>
</Feature>
</Annotation>
<Annotation Id="473" Type="BiologicallyActiveSubstance" StartNode="504" EndNode="512">
<Feature>
  <Name className="java.lang.String">original_lemma</Name>
  <Value className="java.lang.String">collagen</Value>
</Feature>
<Feature>
  <Name className="java.lang.String">SOURCE</Name>
  <Value className="java.lang.String">DEB_ONTOLOGY</Value>
</Feature>
<Feature>
  <Name className="java.lang.String">LABEL</Name>
  <Value className="java.lang.String">BiologicallyActiveSubstance</Value>
</Feature>
<Feature>
  <Name className="java.lang.String">lemma</Name>
  <Value className="java.lang.String">collagen</Value>
</Feature>
<Feature>
  <Name className="java.lang.String">text</Name>
  <Value className="java.lang.String">collagen</Value>
</Feature>
<Feature>
  <Name className="java.lang.String">ID</Name>
  <Value className="java.lang.String">DEB_ont.Collagen</Value>
</Feature>
<Feature>
  <Name className="java.lang.String">PrefSynonym</Name>
  <Value className="java.lang.String">collagen</Value>
</Feature>
</Annotation>
<Annotation Id="474" Type="Tissue" StartNode="603" EndNode="611">
<Feature>
  <Name className="java.lang.String">original_lemma</Name>
  <Value className="java.lang.String">membrane</Value>
</Feature>
<Feature>
  <Name className="java.lang.String">SOURCE</Name>
  <Value className="java.lang.String">NCIT</Value>
</Feature>
<Feature>
  <Name className="java.lang.String">LABEL</Name>
  <Value className="java.lang.String">Tissue</Value>
</Feature>
<Feature>
  <Name className="java.lang.String">lemma</Name>
  <Value className="java.lang.String">membrane</Value>
</Feature>
<Feature>
  <Name className="java.lang.String">text</Name>
  <Value className="java.lang.String">membrane</Value>
</Feature>
<Feature>
  <Name className="java.lang.String">ID</Name>
  <Value className="java.lang.String">ncit.C12749</Value>
</Feature>
<Feature>
  <Name className="java.lang.String">PrefSynonym</Name>
  <Value className="java.lang.String">membrane</Value>
</Feature>
</Annotation>
<Annotation Id="475" Type="EffectOnBiologicalSystem" StartNode="683" EndNode="699">
<Feature>
  <Name className="java.lang.String">original_lemma</Name>
  <Value className="java.lang.String">biocompatibility</Value>
</Feature>
<Feature>
  <Name className="java.lang.String">SOURCE</Name>
  <Value className="java.lang.String">DEB_ONTOLOGY</Value>
</Feature>
<Feature>
  <Name className="java.lang.String">LABEL</Name>
  <Value className="java.lang.String">EffectOnBiologicalSystem</Value>
</Feature>
<Feature>
  <Name className="java.lang.String">lemma</Name>
  <Value className="java.lang.String">biocompatibility</Value>
</Feature>
<Feature>
  <Name className="java.lang.String">text</Name>
  <Value className="java.lang.String">biocompatibility</Value>
</Feature>
<Feature>
  <Name className="java.lang.String">ID</Name>
  <Value className="java.lang.String">DEB_ont.Biocompatibility</Value>
</Feature>
<Feature>
  <Name className="java.lang.String">PrefSynonym</Name>
  <Value className="java.lang.String">biocompatibility</Value>
</Feature>
</Annotation>
<Annotation Id="476" Type="AssociatedBiologicalProcess" StartNode="727" EndNode="736">
<Feature>
  <Name className="java.lang.String">original_lemma</Name>
  <Value className="java.lang.String">apoptosis</Value>
</Feature>
<Feature>
  <Name className="java.lang.String">SOURCE</Name>
  <Value className="java.lang.String">NCIT</Value>
</Feature>
<Feature>
  <Name className="java.lang.String">LABEL</Name>
  <Value className="java.lang.String">AssociatedBiologicalProcess</Value>
</Feature>
<Feature>
  <Name className="java.lang.String">lemma</Name>
  <Value className="java.lang.String">apoptosis</Value>
</Feature>
<Feature>
  <Name className="java.lang.String">text</Name>
  <Value className="java.lang.String">apoptosis</Value>
</Feature>
<Feature>
  <Name className="java.lang.String">ID</Name>
  <Value className="java.lang.String">ncit.C17557</Value>
</Feature>
<Feature>
  <Name className="java.lang.String">PrefSynonym</Name>
  <Value className="java.lang.String">apoptosis</Value>
</Feature>
</Annotation>
<Annotation Id="477" Type="MaterialProcessing" StartNode="742" EndNode="754">
<Feature>
  <Name className="java.lang.String">original_lemma</Name>
  <Value className="java.lang.String">infiltration</Value>
</Feature>
<Feature>
  <Name className="java.lang.String">SOURCE</Name>
  <Value className="java.lang.String">CHMO</Value>
</Feature>
<Feature>
  <Name className="java.lang.String">LABEL</Name>
  <Value className="java.lang.String">MaterialProcessing</Value>
</Feature>
<Feature>
  <Name className="java.lang.String">lemma</Name>
  <Value className="java.lang.String">infiltration</Value>
</Feature>
<Feature>
  <Name className="java.lang.String">text</Name>
  <Value className="java.lang.String">infiltration</Value>
</Feature>
<Feature>
  <Name className="java.lang.String">ID</Name>
  <Value className="java.lang.String">obo.CHMO_0001378</Value>
</Feature>
<Feature>
  <Name className="java.lang.String">PrefSynonym</Name>
  <Value className="java.lang.String">infiltration</Value>
</Feature>
</Annotation>
<Annotation Id="478" Type="Tissue" StartNode="789" EndNode="798">
<Feature>
  <Name className="java.lang.String">original_lemma</Name>
  <Value className="java.lang.String">membrane</Value>
</Feature>
<Feature>
  <Name className="java.lang.String">SOURCE</Name>
  <Value className="java.lang.String">NCIT</Value>
</Feature>
<Feature>
  <Name className="java.lang.String">LABEL</Name>
  <Value className="java.lang.String">Tissue</Value>
</Feature>
<Feature>
  <Name className="java.lang.String">lemma</Name>
  <Value className="java.lang.String">membrane</Value>
</Feature>
<Feature>
  <Name className="java.lang.String">text</Name>
  <Value className="java.lang.String">membranes</Value>
</Feature>
<Feature>
  <Name className="java.lang.String">ID</Name>
  <Value className="java.lang.String">ncit.C12749</Value>
</Feature>
<Feature>
  <Name className="java.lang.String">PrefSynonym</Name>
  <Value className="java.lang.String">membrane</Value>
</Feature>
</Annotation>
<Annotation Id="479" Type="Tissue" StartNode="833" EndNode="841">
<Feature>
  <Name className="java.lang.String">original_lemma</Name>
  <Value className="java.lang.String">membrane</Value>
</Feature>
<Feature>
  <Name className="java.lang.String">SOURCE</Name>
  <Value className="java.lang.String">NCIT</Value>
</Feature>
<Feature>
  <Name className="java.lang.String">LABEL</Name>
  <Value className="java.lang.String">Tissue</Value>
</Feature>
<Feature>
  <Name className="java.lang.String">lemma</Name>
  <Value className="java.lang.String">membrane</Value>
</Feature>
<Feature>
  <Name className="java.lang.String">text</Name>
  <Value className="java.lang.String">membrane</Value>
</Feature>
<Feature>
  <Name className="java.lang.String">ID</Name>
  <Value className="java.lang.String">ncit.C12749</Value>
</Feature>
<Feature>
  <Name className="java.lang.String">PrefSynonym</Name>
  <Value className="java.lang.String">membrane</Value>
</Feature>
</Annotation>
<Annotation Id="480" Type="BiologicallyActiveSubstance" StartNode="876" EndNode="884">
<Feature>
  <Name className="java.lang.String">original_lemma</Name>
  <Value className="java.lang.String">collagen</Value>
</Feature>
<Feature>
  <Name className="java.lang.String">SOURCE</Name>
  <Value className="java.lang.String">DEB_ONTOLOGY</Value>
</Feature>
<Feature>
  <Name className="java.lang.String">LABEL</Name>
  <Value className="java.lang.String">BiologicallyActiveSubstance</Value>
</Feature>
<Feature>
  <Name className="java.lang.String">lemma</Name>
  <Value className="java.lang.String">collagen</Value>
</Feature>
<Feature>
  <Name className="java.lang.String">text</Name>
  <Value className="java.lang.String">collagen</Value>
</Feature>
<Feature>
  <Name className="java.lang.String">ID</Name>
  <Value className="java.lang.String">DEB_ont.Collagen</Value>
</Feature>
<Feature>
  <Name className="java.lang.String">PrefSynonym</Name>
  <Value className="java.lang.String">collagen</Value>
</Feature>
</Annotation>
<Annotation Id="481" Type="EffectOnBiologicalSystem" StartNode="1080" EndNode="1093">
<Feature>
  <Name className="java.lang.String">original_lemma</Name>
  <Value className="java.lang.String">biocompatible</Value>
</Feature>
<Feature>
  <Name className="java.lang.String">SOURCE</Name>
  <Value className="java.lang.String">DEB_ONTOLOGY</Value>
</Feature>
<Feature>
  <Name className="java.lang.String">LABEL</Name>
  <Value className="java.lang.String">EffectOnBiologicalSystem</Value>
</Feature>
<Feature>
  <Name className="java.lang.String">lemma</Name>
  <Value className="java.lang.String">biocompatible</Value>
</Feature>
<Feature>
  <Name className="java.lang.String">text</Name>
  <Value className="java.lang.String">biocompatible</Value>
</Feature>
<Feature>
  <Name className="java.lang.String">ID</Name>
  <Value className="java.lang.String">deb_ont.biocompatible</Value>
</Feature>
<Feature>
  <Name className="java.lang.String">PrefSynonym</Name>
  <Value className="java.lang.String">biocompatibility</Value>
</Feature>
</Annotation>
<Annotation Id="482" Type="BiologicallyActiveSubstance" StartNode="1206" EndNode="1214">
<Feature>
  <Name className="java.lang.String">original_lemma</Name>
  <Value className="java.lang.String">collagen</Value>
</Feature>
<Feature>
  <Name className="java.lang.String">SOURCE</Name>
  <Value className="java.lang.String">DEB_ONTOLOGY</Value>
</Feature>
<Feature>
  <Name className="java.lang.String">LABEL</Name>
  <Value className="java.lang.String">BiologicallyActiveSubstance</Value>
</Feature>
<Feature>
  <Name className="java.lang.String">lemma</Name>
  <Value className="java.lang.String">collagen</Value>
</Feature>
<Feature>
  <Name className="java.lang.String">text</Name>
  <Value className="java.lang.String">collagen</Value>
</Feature>
<Feature>
  <Name className="java.lang.String">ID</Name>
  <Value className="java.lang.String">DEB_ont.Collagen</Value>
</Feature>
<Feature>
  <Name className="java.lang.String">PrefSynonym</Name>
  <Value className="java.lang.String">collagen</Value>
</Feature>
</Annotation>
<Annotation Id="483" Type="AssociatedBiologicalProcess" StartNode="1285" EndNode="1303">
<Feature>
  <Name className="java.lang.String">original_lemma</Name>
  <Value className="java.lang.String">cell proliferation</Value>
</Feature>
<Feature>
  <Name className="java.lang.String">SOURCE</Name>
  <Value className="java.lang.String">DEB_ONTOLOGY</Value>
</Feature>
<Feature>
  <Name className="java.lang.String">LABEL</Name>
  <Value className="java.lang.String">AssociatedBiologicalProcess</Value>
</Feature>
<Feature>
  <Name className="java.lang.String">lemma</Name>
  <Value className="java.lang.String">cell proliferation</Value>
</Feature>
<Feature>
  <Name className="java.lang.String">text</Name>
  <Value className="java.lang.String">cell proliferation</Value>
</Feature>
<Feature>
  <Name className="java.lang.String">ID</Name>
  <Value className="java.lang.String">DEB_ont.CellProliferation</Value>
</Feature>
<Feature>
  <Name className="java.lang.String">PrefSynonym</Name>
  <Value className="java.lang.String">cell proliferation</Value>
</Feature>
</Annotation>
<Annotation Id="484" Type="EffectOnBiologicalSystem" StartNode="1342" EndNode="1358">
<Feature>
  <Name className="java.lang.String">original_lemma</Name>
  <Value className="java.lang.String">biocompatibility</Value>
</Feature>
<Feature>
  <Name className="java.lang.String">SOURCE</Name>
  <Value className="java.lang.String">DEB_ONTOLOGY</Value>
</Feature>
<Feature>
  <Name className="java.lang.String">LABEL</Name>
  <Value className="java.lang.String">EffectOnBiologicalSystem</Value>
</Feature>
<Feature>
  <Name className="java.lang.String">lemma</Name>
  <Value className="java.lang.String">biocompatibility</Value>
</Feature>
<Feature>
  <Name className="java.lang.String">text</Name>
  <Value className="java.lang.String">biocompatibility</Value>
</Feature>
<Feature>
  <Name className="java.lang.String">ID</Name>
  <Value className="java.lang.String">DEB_ont.Biocompatibility</Value>
</Feature>
<Feature>
  <Name className="java.lang.String">PrefSynonym</Name>
  <Value className="java.lang.String">biocompatibility</Value>
</Feature>
</Annotation>
<Annotation Id="485" Type="Tissue" StartNode="1403" EndNode="1411">
<Feature>
  <Name className="java.lang.String">original_lemma</Name>
  <Value className="java.lang.String">membrane</Value>
</Feature>
<Feature>
  <Name className="java.lang.String">SOURCE</Name>
  <Value className="java.lang.String">NCIT</Value>
</Feature>
<Feature>
  <Name className="java.lang.String">LABEL</Name>
  <Value className="java.lang.String">Tissue</Value>
</Feature>
<Feature>
  <Name className="java.lang.String">lemma</Name>
  <Value className="java.lang.String">membrane</Value>
</Feature>
<Feature>
  <Name className="java.lang.String">text</Name>
  <Value className="java.lang.String">membrane</Value>
</Feature>
<Feature>
  <Name className="java.lang.String">ID</Name>
  <Value className="java.lang.String">ncit.C12749</Value>
</Feature>
<Feature>
  <Name className="java.lang.String">PrefSynonym</Name>
  <Value className="java.lang.String">membrane</Value>
</Feature>
</Annotation>
<Annotation Id="486" Type="Species" StartNode="1435" EndNode="1441">
<Feature>
  <Name className="java.lang.String">original_lemma</Name>
  <Value className="java.lang.String">rabbit</Value>
</Feature>
<Feature>
  <Name className="java.lang.String">SOURCE</Name>
  <Value className="java.lang.String">NCIT</Value>
</Feature>
<Feature>
  <Name className="java.lang.String">LABEL</Name>
  <Value className="java.lang.String">Species</Value>
</Feature>
<Feature>
  <Name className="java.lang.String">lemma</Name>
  <Value className="java.lang.String">rabbit</Value>
</Feature>
<Feature>
  <Name className="java.lang.String">text</Name>
  <Value className="java.lang.String">rabbit</Value>
</Feature>
<Feature>
  <Name className="java.lang.String">ID</Name>
  <Value className="java.lang.String">ncit.C14264</Value>
</Feature>
<Feature>
  <Name className="java.lang.String">PrefSynonym</Name>
  <Value className="java.lang.String">rabbit</Value>
</Feature>
</Annotation>
<Annotation Id="487" Type="ManufacturedObject" StartNode="9" EndNode="20">
</Annotation>
<Annotation Id="488" Type="MedicalApplication" StartNode="48" EndNode="75">
</Annotation>
<Annotation Id="489" Type="MedicalApplication" StartNode="126" EndNode="144">
</Annotation>
<Annotation Id="490" Type="MedicalApplication" StartNode="235" EndNode="243">
</Annotation>
<Annotation Id="491" Type="ResearchTechnique" StartNode="318" EndNode="327">
</Annotation>
<Annotation Id="492" Type="MedicalApplication" StartNode="379" EndNode="400">
</Annotation>
<Annotation Id="493" Type="Tissue" StartNode="196" EndNode="221">
</Annotation>
<Annotation Id="494" Type="MedicalApplication" StartNode="196" EndNode="229">
</Annotation>
<Annotation Id="495" Type="Tissue" StartNode="48" EndNode="67">
</Annotation>
<Annotation Id="496" Type="Tissue" StartNode="379" EndNode="393">
</Annotation>
<Annotation Id="497" Type="Biomaterial" StartNode="427" EndNode="435">
</Annotation>
<Annotation Id="498" Type="Biomaterial" StartNode="437" EndNode="445">
</Annotation>
<Annotation Id="499" Type="Biomaterial" StartNode="451" EndNode="461">
</Annotation>
<Annotation Id="500" Type="ManufacturedObject" StartNode="463" EndNode="474">
</Annotation>
<Annotation Id="501" Type="ManufacturedObject" StartNode="476" EndNode="484">
</Annotation>
<Annotation Id="502" Type="ManufacturedObject" StartNode="504" EndNode="527">
</Annotation>
<Annotation Id="503" Type="Biomaterial" StartNode="504" EndNode="512">
</Annotation>
<Annotation Id="504" Type="Tissue" StartNode="597" EndNode="611">
</Annotation>
<Annotation Id="505" Type="Cell" StartNode="758" EndNode="781">
</Annotation>
<Annotation Id="506" Type="MedicalApplication" StartNode="827" EndNode="849">
</Annotation>
<Annotation Id="507" Type="Tissue" StartNode="827" EndNode="841">
</Annotation>
<Annotation Id="508" Type="ManufacturedObject" StartNode="866" EndNode="874">
</Annotation>
<Annotation Id="509" Type="Biomaterial" StartNode="876" EndNode="884">
</Annotation>
<Annotation Id="510" Type="Biomaterial" StartNode="890" EndNode="900">
</Annotation>
<Annotation Id="511" Type="ManufacturedObject" StartNode="902" EndNode="910">
</Annotation>
</AnnotationSet>

<!-- Named annotation set -->

<AnnotationSet Name="Original markups">
<Annotation Id="0" Type="paragraph" StartNode="0" EndNode="1488">
</Annotation>
</AnnotationSet>

</GateDocument>
